hypothesis,model,prompt_id,contest_number,context_prompt_url,N,TOPN_max,TOPN_media,TOPN_min,Real,Votos_Real,Votos_TOP1_Best
H2,all-mpnet-base-v2,291::https://blog.reedsy.com/creative-writing-prompts/short-story/write-a-story-inspired-by-the-ultimate-cliched-twi/,,,1,19.0,19.0,19.0,29.0,0.6551724137931034,0.6551724137931034
H2,all-mpnet-base-v2,291::https://blog.reedsy.com/creative-writing-prompts/short-story/write-a-story-inspired-by-the-ultimate-cliched-twi/,,,2,29.0,24.0,19.0,29.0,0.6551724137931034,0.6551724137931034
H2,all-mpnet-base-v2,291::https://blog.reedsy.com/creative-writing-prompts/short-story/write-a-story-inspired-by-the-ultimate-cliched-twi/,,,3,29.0,20.666666666666668,14.0,29.0,0.6551724137931034,0.6551724137931034
H2,all-mpnet-base-v2,291::https://blog.reedsy.com/creative-writing-prompts/short-story/write-a-story-inspired-by-the-ultimate-cliched-twi/,,,4,29.0,19.75,14.0,29.0,0.6551724137931034,0.6551724137931034
H2,all-mpnet-base-v2,291::https://blog.reedsy.com/creative-writing-prompts/short-story/write-a-story-inspired-by-the-ultimate-cliched-twi/,,,5,29.0,18.4,13.0,29.0,0.6551724137931034,0.6551724137931034
H2,all-mpnet-base-v2,291::https://blog.reedsy.com/creative-writing-prompts/short-story/write-a-story-inspired-by-the-ultimate-cliched-twi/,,,6,29.0,17.666666666666668,13.0,29.0,0.6551724137931034,0.6551724137931034
H2,all-mpnet-base-v2,291::https://blog.reedsy.com/creative-writing-prompts/short-story/write-a-story-inspired-by-the-ultimate-cliched-twi/,,,7,29.0,18.285714285714285,13.0,29.0,0.6551724137931034,0.6551724137931034
H2,all-mpnet-base-v2,291::https://blog.reedsy.com/creative-writing-prompts/angst/center-your-story-around-a-character-s-addiction-o/,,,1,40.0,40.0,40.0,40.0,1.0,1.0
H2,all-mpnet-base-v2,291::https://blog.reedsy.com/creative-writing-prompts/angst/center-your-story-around-a-character-s-addiction-o/,,,2,40.0,28.0,16.0,40.0,1.0,1.0
H2,all-mpnet-base-v2,291::https://blog.reedsy.com/creative-writing-prompts/angst/center-your-story-around-a-character-s-addiction-o/,,,3,40.0,23.666666666666668,15.0,40.0,1.0,1.0
H2,all-mpnet-base-v2,291::https://blog.reedsy.com/creative-writing-prompts/angst/center-your-story-around-a-character-s-addiction-o/,,,4,40.0,20.5,11.0,40.0,1.0,1.0
H2,all-mpnet-base-v2,291::https://blog.reedsy.com/creative-writing-prompts/angst/center-your-story-around-a-character-s-addiction-o/,,,5,40.0,19.0,11.0,40.0,1.0,1.0
H2,all-mpnet-base-v2,291::https://blog.reedsy.com/creative-writing-prompts/angst/center-your-story-around-a-character-s-addiction-o/,,,6,40.0,17.833333333333332,11.0,40.0,1.0,1.0
H2,all-mpnet-base-v2,291::https://blog.reedsy.com/creative-writing-prompts/angst/center-your-story-around-a-character-s-addiction-o/,,,7,40.0,17.285714285714285,11.0,40.0,1.0,1.0
H2,all-mpnet-base-v2,291::https://blog.reedsy.com/creative-writing-prompts/drama/write-a-story-that-keeps-a-key-detail-hidden-from-/,,,1,12.0,12.0,12.0,34.0,0.35294117647058826,0.35294117647058826
H2,all-mpnet-base-v2,291::https://blog.reedsy.com/creative-writing-prompts/drama/write-a-story-that-keeps-a-key-detail-hidden-from-/,,,2,12.0,12.0,12.0,34.0,0.35294117647058826,0.35294117647058826
H2,all-mpnet-base-v2,291::https://blog.reedsy.com/creative-writing-prompts/drama/write-a-story-that-keeps-a-key-detail-hidden-from-/,,,3,14.0,12.666666666666666,12.0,34.0,0.35294117647058826,0.35294117647058826
H2,all-mpnet-base-v2,291::https://blog.reedsy.com/creative-writing-prompts/drama/write-a-story-that-keeps-a-key-detail-hidden-from-/,,,4,14.0,12.75,12.0,34.0,0.35294117647058826,0.35294117647058826
H2,all-mpnet-base-v2,291::https://blog.reedsy.com/creative-writing-prompts/drama/write-a-story-that-keeps-a-key-detail-hidden-from-/,,,5,14.0,12.4,11.0,34.0,0.35294117647058826,0.35294117647058826
H2,all-mpnet-base-v2,291::https://blog.reedsy.com/creative-writing-prompts/drama/write-a-story-that-keeps-a-key-detail-hidden-from-/,,,6,16.0,13.0,11.0,34.0,0.35294117647058826,0.35294117647058826
H2,all-mpnet-base-v2,291::https://blog.reedsy.com/creative-writing-prompts/drama/write-a-story-that-keeps-a-key-detail-hidden-from-/,,,7,17.0,13.571428571428571,11.0,34.0,0.35294117647058826,0.35294117647058826
H2,all-mpnet-base-v2,291::https://blog.reedsy.com/creative-writing-prompts/drama/center-your-story-around-a-character-who-successfu/,,,1,14.0,14.0,14.0,29.0,0.4827586206896552,0.4827586206896552
H2,all-mpnet-base-v2,291::https://blog.reedsy.com/creative-writing-prompts/drama/center-your-story-around-a-character-who-successfu/,,,2,14.0,14.0,14.0,29.0,0.4827586206896552,0.4827586206896552
H2,all-mpnet-base-v2,291::https://blog.reedsy.com/creative-writing-prompts/drama/center-your-story-around-a-character-who-successfu/,,,3,14.0,13.333333333333334,12.0,29.0,0.4827586206896552,0.4827586206896552
H2,all-mpnet-base-v2,291::https://blog.reedsy.com/creative-writing-prompts/drama/center-your-story-around-a-character-who-successfu/,,,4,14.0,13.0,12.0,29.0,0.4827586206896552,0.4827586206896552
H2,all-mpnet-base-v2,291::https://blog.reedsy.com/creative-writing-prompts/drama/center-your-story-around-a-character-who-successfu/,,,5,14.0,12.6,11.0,29.0,0.4827586206896552,0.4827586206896552
H2,all-mpnet-base-v2,291::https://blog.reedsy.com/creative-writing-prompts/drama/center-your-story-around-a-character-who-successfu/,,,6,14.0,12.333333333333334,11.0,29.0,0.4827586206896552,0.4827586206896552
H2,all-mpnet-base-v2,291::https://blog.reedsy.com/creative-writing-prompts/drama/center-your-story-around-a-character-who-successfu/,,,7,29.0,14.714285714285714,11.0,29.0,0.4827586206896552,0.4827586206896552
H2,all-mpnet-base-v2,291::https://blog.reedsy.com/creative-writing-prompts/short-story/write-a-story-with-a-huge-surprise-either-in-the-m/,,,1,12.0,12.0,12.0,41.0,0.2926829268292683,0.2926829268292683
H2,all-mpnet-base-v2,291::https://blog.reedsy.com/creative-writing-prompts/short-story/write-a-story-with-a-huge-surprise-either-in-the-m/,,,2,12.0,12.0,12.0,41.0,0.2926829268292683,0.2926829268292683
H2,all-mpnet-base-v2,291::https://blog.reedsy.com/creative-writing-prompts/short-story/write-a-story-with-a-huge-surprise-either-in-the-m/,,,3,12.0,11.666666666666666,11.0,41.0,0.2926829268292683,0.2926829268292683
H2,all-mpnet-base-v2,291::https://blog.reedsy.com/creative-writing-prompts/short-story/write-a-story-with-a-huge-surprise-either-in-the-m/,,,4,15.0,12.5,11.0,41.0,0.2926829268292683,0.2926829268292683
H2,all-mpnet-base-v2,291::https://blog.reedsy.com/creative-writing-prompts/short-story/write-a-story-with-a-huge-surprise-either-in-the-m/,,,5,23.0,14.6,11.0,41.0,0.2926829268292683,0.2926829268292683
H2,all-mpnet-base-v2,291::https://blog.reedsy.com/creative-writing-prompts/short-story/write-a-story-with-a-huge-surprise-either-in-the-m/,,,6,23.0,14.0,11.0,41.0,0.2926829268292683,0.2926829268292683
H2,all-mpnet-base-v2,291::https://blog.reedsy.com/creative-writing-prompts/short-story/write-a-story-with-a-huge-surprise-either-in-the-m/,,,7,41.0,17.857142857142858,11.0,41.0,0.2926829268292683,0.2926829268292683
H2,all-mpnet-base-v2,294::https://blog.reedsy.com/creative-writing-prompts/short-story/write-a-story-in-which-the-first-and-last-sentence/,,,1,11.0,11.0,11.0,35.0,0.3142857142857143,0.3142857142857143
H2,all-mpnet-base-v2,294::https://blog.reedsy.com/creative-writing-prompts/short-story/write-a-story-in-which-the-first-and-last-sentence/,,,2,12.0,11.5,11.0,35.0,0.3142857142857143,0.3142857142857143
H2,all-mpnet-base-v2,294::https://blog.reedsy.com/creative-writing-prompts/short-story/write-a-story-in-which-the-first-and-last-sentence/,,,3,15.0,12.666666666666666,11.0,35.0,0.3142857142857143,0.3142857142857143
H2,all-mpnet-base-v2,294::https://blog.reedsy.com/creative-writing-prompts/short-story/write-a-story-in-which-the-first-and-last-sentence/,,,4,29.0,16.75,11.0,35.0,0.3142857142857143,0.3142857142857143
H2,all-mpnet-base-v2,294::https://blog.reedsy.com/creative-writing-prompts/short-story/write-a-story-in-which-the-first-and-last-sentence/,,,5,29.0,17.2,11.0,35.0,0.3142857142857143,0.3142857142857143
H2,all-mpnet-base-v2,294::https://blog.reedsy.com/creative-writing-prompts/short-story/write-a-story-in-which-the-first-and-last-sentence/,,,6,29.0,17.333333333333332,11.0,35.0,0.3142857142857143,0.3142857142857143
H2,all-mpnet-base-v2,294::https://blog.reedsy.com/creative-writing-prompts/short-story/write-a-story-in-which-the-first-and-last-sentence/,,,7,35.0,19.857142857142858,11.0,35.0,0.3142857142857143,0.3142857142857143
H2,all-mpnet-base-v2,294::https://blog.reedsy.com/creative-writing-prompts/short-story/create-a-title-with-reedsy-s-title-generator-then-/,,,1,31.0,31.0,31.0,31.0,1.0,1.0
H2,all-mpnet-base-v2,294::https://blog.reedsy.com/creative-writing-prompts/short-story/create-a-title-with-reedsy-s-title-generator-then-/,,,2,31.0,21.0,11.0,31.0,1.0,1.0
H2,all-mpnet-base-v2,294::https://blog.reedsy.com/creative-writing-prompts/short-story/create-a-title-with-reedsy-s-title-generator-then-/,,,3,31.0,19.333333333333332,11.0,31.0,1.0,1.0
H2,all-mpnet-base-v2,294::https://blog.reedsy.com/creative-writing-prompts/short-story/create-a-title-with-reedsy-s-title-generator-then-/,,,4,31.0,19.0,11.0,31.0,1.0,1.0
H2,all-mpnet-base-v2,294::https://blog.reedsy.com/creative-writing-prompts/short-story/create-a-title-with-reedsy-s-title-generator-then-/,,,5,31.0,18.8,11.0,31.0,1.0,1.0
H2,all-mpnet-base-v2,294::https://blog.reedsy.com/creative-writing-prompts/short-story/create-a-title-with-reedsy-s-title-generator-then-/,,,6,31.0,18.166666666666668,11.0,31.0,1.0,1.0
H2,all-mpnet-base-v2,294::https://blog.reedsy.com/creative-writing-prompts/short-story/create-a-title-with-reedsy-s-title-generator-then-/,,,7,31.0,19.142857142857142,11.0,31.0,1.0,1.0
H2,all-mpnet-base-v2,294::https://blog.reedsy.com/creative-writing-prompts/short-story/write-a-story-in-the-form-of-a-letter-or-several-l/,,,1,11.0,11.0,11.0,26.0,0.4230769230769231,0.4230769230769231
H2,all-mpnet-base-v2,294::https://blog.reedsy.com/creative-writing-prompts/short-story/write-a-story-in-the-form-of-a-letter-or-several-l/,,,2,16.0,13.5,11.0,26.0,0.4230769230769231,0.4230769230769231
H2,all-mpnet-base-v2,294::https://blog.reedsy.com/creative-writing-prompts/short-story/write-a-story-in-the-form-of-a-letter-or-several-l/,,,3,16.0,12.666666666666666,11.0,26.0,0.4230769230769231,0.4230769230769231
H2,all-mpnet-base-v2,294::https://blog.reedsy.com/creative-writing-prompts/short-story/write-a-story-in-the-form-of-a-letter-or-several-l/,,,4,16.0,12.5,11.0,26.0,0.4230769230769231,0.4230769230769231
H2,all-mpnet-base-v2,294::https://blog.reedsy.com/creative-writing-prompts/short-story/write-a-story-in-the-form-of-a-letter-or-several-l/,,,5,16.0,12.4,11.0,26.0,0.4230769230769231,0.4230769230769231
H2,all-mpnet-base-v2,294::https://blog.reedsy.com/creative-writing-prompts/short-story/write-a-story-in-the-form-of-a-letter-or-several-l/,,,6,26.0,14.666666666666666,11.0,26.0,0.4230769230769231,0.4230769230769231
H2,all-mpnet-base-v2,294::https://blog.reedsy.com/creative-writing-prompts/short-story/write-a-story-in-the-form-of-a-letter-or-several-l/,,,7,26.0,15.142857142857142,11.0,26.0,0.4230769230769231,0.4230769230769231
H2,all-mpnet-base-v2,294::https://blog.reedsy.com/creative-writing-prompts/drama/center-your-story-around-someone-who-s-at-a-loss-f/,,,1,21.0,21.0,21.0,44.0,0.4772727272727273,0.4772727272727273
H2,all-mpnet-base-v2,294::https://blog.reedsy.com/creative-writing-prompts/drama/center-your-story-around-someone-who-s-at-a-loss-f/,,,2,21.0,20.0,19.0,44.0,0.4772727272727273,0.4772727272727273
H2,all-mpnet-base-v2,294::https://blog.reedsy.com/creative-writing-prompts/drama/center-your-story-around-someone-who-s-at-a-loss-f/,,,3,44.0,28.0,19.0,44.0,0.4772727272727273,0.4772727272727273
H2,all-mpnet-base-v2,294::https://blog.reedsy.com/creative-writing-prompts/drama/center-your-story-around-someone-who-s-at-a-loss-f/,,,4,44.0,25.75,19.0,44.0,0.4772727272727273,0.4772727272727273
H2,all-mpnet-base-v2,294::https://blog.reedsy.com/creative-writing-prompts/drama/center-your-story-around-someone-who-s-at-a-loss-f/,,,5,44.0,27.0,19.0,44.0,0.4772727272727273,0.4772727272727273
H2,all-mpnet-base-v2,294::https://blog.reedsy.com/creative-writing-prompts/drama/center-your-story-around-someone-who-s-at-a-loss-f/,,,6,44.0,24.5,12.0,44.0,0.4772727272727273,0.4772727272727273
H2,all-mpnet-base-v2,294::https://blog.reedsy.com/creative-writing-prompts/drama/center-your-story-around-someone-who-s-at-a-loss-f/,,,7,44.0,22.571428571428573,11.0,44.0,0.4772727272727273,0.4772727272727273
H2,all-mpnet-base-v2,294::https://blog.reedsy.com/creative-writing-prompts/dialogue/write-a-story-with-the-line-i-didn-t-mean-that-or-/,,,1,28.0,28.0,28.0,33.0,0.8484848484848485,0.8484848484848485
H2,all-mpnet-base-v2,294::https://blog.reedsy.com/creative-writing-prompts/dialogue/write-a-story-with-the-line-i-didn-t-mean-that-or-/,,,2,28.0,21.5,15.0,33.0,0.8484848484848485,0.8484848484848485
H2,all-mpnet-base-v2,294::https://blog.reedsy.com/creative-writing-prompts/dialogue/write-a-story-with-the-line-i-didn-t-mean-that-or-/,,,3,33.0,25.333333333333332,15.0,33.0,0.8484848484848485,0.8484848484848485
H2,all-mpnet-base-v2,294::https://blog.reedsy.com/creative-writing-prompts/dialogue/write-a-story-with-the-line-i-didn-t-mean-that-or-/,,,4,33.0,24.5,15.0,33.0,0.8484848484848485,0.8484848484848485
H2,all-mpnet-base-v2,294::https://blog.reedsy.com/creative-writing-prompts/dialogue/write-a-story-with-the-line-i-didn-t-mean-that-or-/,,,5,33.0,25.6,15.0,33.0,0.8484848484848485,0.8484848484848485
H2,all-mpnet-base-v2,294::https://blog.reedsy.com/creative-writing-prompts/dialogue/write-a-story-with-the-line-i-didn-t-mean-that-or-/,,,6,33.0,24.833333333333332,15.0,33.0,0.8484848484848485,0.8484848484848485
H2,all-mpnet-base-v2,294::https://blog.reedsy.com/creative-writing-prompts/dialogue/write-a-story-with-the-line-i-didn-t-mean-that-or-/,,,7,33.0,23.285714285714285,14.0,33.0,0.8484848484848485,0.8484848484848485
H2,all-mpnet-base-v2,309::https://blog.reedsy.com/creative-writing-prompts/drama/write-a-story-that-includes-the-line-do-i-know-you/,,,1,14.0,14.0,14.0,30.0,0.4666666666666667,0.4666666666666667
H2,all-mpnet-base-v2,309::https://blog.reedsy.com/creative-writing-prompts/drama/write-a-story-that-includes-the-line-do-i-know-you/,,,2,14.0,13.0,12.0,30.0,0.4666666666666667,0.4666666666666667
H2,all-mpnet-base-v2,309::https://blog.reedsy.com/creative-writing-prompts/drama/write-a-story-that-includes-the-line-do-i-know-you/,,,3,26.0,17.333333333333332,12.0,30.0,0.4666666666666667,0.4666666666666667
H2,all-mpnet-base-v2,309::https://blog.reedsy.com/creative-writing-prompts/drama/write-a-story-that-includes-the-line-do-i-know-you/,,,4,30.0,20.5,12.0,30.0,0.4666666666666667,0.4666666666666667
H2,all-mpnet-base-v2,309::https://blog.reedsy.com/creative-writing-prompts/drama/write-a-story-that-includes-the-line-do-i-know-you/,,,5,30.0,19.8,12.0,30.0,0.4666666666666667,0.4666666666666667
H2,all-mpnet-base-v2,309::https://blog.reedsy.com/creative-writing-prompts/drama/write-a-story-that-includes-the-line-do-i-know-you/,,,6,30.0,18.333333333333332,11.0,30.0,0.4666666666666667,0.4666666666666667
H2,all-mpnet-base-v2,309::https://blog.reedsy.com/creative-writing-prompts/drama/write-a-story-that-includes-the-line-do-i-know-you/,,,7,30.0,17.857142857142858,11.0,30.0,0.4666666666666667,0.4666666666666667
H2,all-mpnet-base-v2,309::https://blog.reedsy.com/creative-writing-prompts/short-story/start-or-end-your-story-with-a-character-making-fo/,,,1,13.0,13.0,13.0,21.0,0.6190476190476191,0.6190476190476191
H2,all-mpnet-base-v2,309::https://blog.reedsy.com/creative-writing-prompts/short-story/start-or-end-your-story-with-a-character-making-fo/,,,2,13.0,12.0,11.0,21.0,0.6190476190476191,0.6190476190476191
H2,all-mpnet-base-v2,309::https://blog.reedsy.com/creative-writing-prompts/short-story/start-or-end-your-story-with-a-character-making-fo/,,,3,13.0,12.0,11.0,21.0,0.6190476190476191,0.6190476190476191
H2,all-mpnet-base-v2,309::https://blog.reedsy.com/creative-writing-prompts/short-story/start-or-end-your-story-with-a-character-making-fo/,,,4,13.0,11.75,11.0,21.0,0.6190476190476191,0.6190476190476191
H2,all-mpnet-base-v2,309::https://blog.reedsy.com/creative-writing-prompts/short-story/start-or-end-your-story-with-a-character-making-fo/,,,5,14.0,12.2,11.0,21.0,0.6190476190476191,0.6190476190476191
H2,all-mpnet-base-v2,309::https://blog.reedsy.com/creative-writing-prompts/short-story/start-or-end-your-story-with-a-character-making-fo/,,,6,18.0,13.166666666666666,11.0,21.0,0.6190476190476191,0.6190476190476191
H2,all-mpnet-base-v2,309::https://blog.reedsy.com/creative-writing-prompts/short-story/start-or-end-your-story-with-a-character-making-fo/,,,7,21.0,14.285714285714286,11.0,21.0,0.6190476190476191,0.6190476190476191
H2,all-mpnet-base-v2,309::https://blog.reedsy.com/creative-writing-prompts/character/center-your-story-around-a-character-who-yearns-fo/,,,1,29.0,29.0,29.0,59.0,0.4915254237288136,0.4915254237288136
H2,all-mpnet-base-v2,309::https://blog.reedsy.com/creative-writing-prompts/character/center-your-story-around-a-character-who-yearns-fo/,,,2,29.0,28.5,28.0,59.0,0.4915254237288136,0.4915254237288136
H2,all-mpnet-base-v2,309::https://blog.reedsy.com/creative-writing-prompts/character/center-your-story-around-a-character-who-yearns-fo/,,,3,29.0,28.666666666666668,28.0,59.0,0.4915254237288136,0.4915254237288136
H2,all-mpnet-base-v2,309::https://blog.reedsy.com/creative-writing-prompts/character/center-your-story-around-a-character-who-yearns-fo/,,,4,29.0,24.25,11.0,59.0,0.4915254237288136,0.4915254237288136
H2,all-mpnet-base-v2,309::https://blog.reedsy.com/creative-writing-prompts/character/center-your-story-around-a-character-who-yearns-fo/,,,5,29.0,21.6,11.0,59.0,0.4915254237288136,0.4915254237288136
H2,all-mpnet-base-v2,309::https://blog.reedsy.com/creative-writing-prompts/character/center-your-story-around-a-character-who-yearns-fo/,,,6,29.0,21.666666666666668,11.0,59.0,0.4915254237288136,0.4915254237288136
H2,all-mpnet-base-v2,309::https://blog.reedsy.com/creative-writing-prompts/character/center-your-story-around-a-character-who-yearns-fo/,,,7,29.0,20.428571428571427,11.0,59.0,0.4915254237288136,0.4915254237288136
H2,all-mpnet-base-v2,309::https://blog.reedsy.com/creative-writing-prompts/short-story/write-a-story-with-a-person-s-name-in-the-title/,,,1,14.0,14.0,14.0,37.0,0.3783783783783784,0.3783783783783784
H2,all-mpnet-base-v2,309::https://blog.reedsy.com/creative-writing-prompts/short-story/write-a-story-with-a-person-s-name-in-the-title/,,,2,18.0,16.0,14.0,37.0,0.3783783783783784,0.3783783783783784
H2,all-mpnet-base-v2,309::https://blog.reedsy.com/creative-writing-prompts/short-story/write-a-story-with-a-person-s-name-in-the-title/,,,3,18.0,15.333333333333334,14.0,37.0,0.3783783783783784,0.3783783783783784
H2,all-mpnet-base-v2,309::https://blog.reedsy.com/creative-writing-prompts/short-story/write-a-story-with-a-person-s-name-in-the-title/,,,4,18.0,14.75,13.0,37.0,0.3783783783783784,0.3783783783783784
H2,all-mpnet-base-v2,309::https://blog.reedsy.com/creative-writing-prompts/short-story/write-a-story-with-a-person-s-name-in-the-title/,,,5,18.0,14.4,13.0,37.0,0.3783783783783784,0.3783783783783784
H2,all-mpnet-base-v2,309::https://blog.reedsy.com/creative-writing-prompts/short-story/write-a-story-with-a-person-s-name-in-the-title/,,,6,18.0,14.666666666666666,13.0,37.0,0.3783783783783784,0.3783783783783784
H2,all-mpnet-base-v2,309::https://blog.reedsy.com/creative-writing-prompts/short-story/write-a-story-with-a-person-s-name-in-the-title/,,,7,20.0,15.428571428571429,13.0,37.0,0.3783783783783784,0.3783783783783784
H2,all-mpnet-base-v2,309::https://blog.reedsy.com/creative-writing-prompts/drama/center-your-story-around-two-characters-who-like-e/,,,1,20.0,20.0,20.0,28.0,0.7142857142857143,0.7142857142857143
H2,all-mpnet-base-v2,309::https://blog.reedsy.com/creative-writing-prompts/drama/center-your-story-around-two-characters-who-like-e/,,,2,20.0,17.0,14.0,28.0,0.7142857142857143,0.7142857142857143
H2,all-mpnet-base-v2,309::https://blog.reedsy.com/creative-writing-prompts/drama/center-your-story-around-two-characters-who-like-e/,,,3,20.0,16.666666666666668,14.0,28.0,0.7142857142857143,0.7142857142857143
H2,all-mpnet-base-v2,309::https://blog.reedsy.com/creative-writing-prompts/drama/center-your-story-around-two-characters-who-like-e/,,,4,20.0,15.5,12.0,28.0,0.7142857142857143,0.7142857142857143
H2,all-mpnet-base-v2,309::https://blog.reedsy.com/creative-writing-prompts/drama/center-your-story-around-two-characters-who-like-e/,,,5,20.0,14.6,11.0,28.0,0.7142857142857143,0.7142857142857143
H2,all-mpnet-base-v2,309::https://blog.reedsy.com/creative-writing-prompts/drama/center-your-story-around-two-characters-who-like-e/,,,6,20.0,14.666666666666666,11.0,28.0,0.7142857142857143,0.7142857142857143
H2,all-mpnet-base-v2,309::https://blog.reedsy.com/creative-writing-prompts/drama/center-your-story-around-two-characters-who-like-e/,,,7,20.0,14.428571428571429,11.0,28.0,0.7142857142857143,0.7142857142857143
H2,all-mpnet-base-v2,316::https://blog.reedsy.com/creative-writing-prompts/drama/write-a-story-where-a-character-s-true-identity-or/,,,1,11.0,11.0,11.0,23.0,0.4782608695652174,0.4782608695652174
H2,all-mpnet-base-v2,316::https://blog.reedsy.com/creative-writing-prompts/drama/write-a-story-where-a-character-s-true-identity-or/,,,2,11.0,11.0,11.0,23.0,0.4782608695652174,0.4782608695652174
H2,all-mpnet-base-v2,316::https://blog.reedsy.com/creative-writing-prompts/drama/write-a-story-where-a-character-s-true-identity-or/,,,3,23.0,15.0,11.0,23.0,0.4782608695652174,0.4782608695652174
H2,all-mpnet-base-v2,316::https://blog.reedsy.com/creative-writing-prompts/drama/write-a-story-where-a-character-s-true-identity-or/,,,4,23.0,16.0,11.0,23.0,0.4782608695652174,0.4782608695652174
H2,all-mpnet-base-v2,316::https://blog.reedsy.com/creative-writing-prompts/drama/write-a-story-where-a-character-s-true-identity-or/,,,5,23.0,15.0,11.0,23.0,0.4782608695652174,0.4782608695652174
H2,all-mpnet-base-v2,316::https://blog.reedsy.com/creative-writing-prompts/drama/write-a-story-where-a-character-s-true-identity-or/,,,6,23.0,15.166666666666666,11.0,23.0,0.4782608695652174,0.4782608695652174
H2,all-mpnet-base-v2,316::https://blog.reedsy.com/creative-writing-prompts/drama/write-a-story-where-a-character-s-true-identity-or/,,,7,23.0,14.714285714285714,11.0,23.0,0.4782608695652174,0.4782608695652174
H2,all-mpnet-base-v2,316::https://blog.reedsy.com/creative-writing-prompts/short-story/include-the-word-hero-mask-or-truth-in-your-story-/,,,1,20.0,20.0,20.0,47.0,0.425531914893617,0.425531914893617
H2,all-mpnet-base-v2,316::https://blog.reedsy.com/creative-writing-prompts/short-story/include-the-word-hero-mask-or-truth-in-your-story-/,,,2,20.0,17.5,15.0,47.0,0.425531914893617,0.425531914893617
H2,all-mpnet-base-v2,316::https://blog.reedsy.com/creative-writing-prompts/short-story/include-the-word-hero-mask-or-truth-in-your-story-/,,,3,20.0,17.0,15.0,47.0,0.425531914893617,0.425531914893617
H2,all-mpnet-base-v2,316::https://blog.reedsy.com/creative-writing-prompts/short-story/include-the-word-hero-mask-or-truth-in-your-story-/,,,4,20.0,16.25,14.0,47.0,0.425531914893617,0.425531914893617
H2,all-mpnet-base-v2,316::https://blog.reedsy.com/creative-writing-prompts/short-story/include-the-word-hero-mask-or-truth-in-your-story-/,,,5,20.0,15.8,14.0,47.0,0.425531914893617,0.425531914893617
H2,all-mpnet-base-v2,316::https://blog.reedsy.com/creative-writing-prompts/short-story/include-the-word-hero-mask-or-truth-in-your-story-/,,,6,20.0,15.166666666666666,12.0,47.0,0.425531914893617,0.425531914893617
H2,all-mpnet-base-v2,316::https://blog.reedsy.com/creative-writing-prompts/short-story/include-the-word-hero-mask-or-truth-in-your-story-/,,,7,47.0,19.714285714285715,12.0,47.0,0.425531914893617,0.425531914893617
H2,all-mpnet-base-v2,316::https://blog.reedsy.com/creative-writing-prompts/drama/write-a-story-from-the-pov-of-someone-who-s-hiding/,,,1,11.0,11.0,11.0,23.0,0.4782608695652174,0.4782608695652174
H2,all-mpnet-base-v2,316::https://blog.reedsy.com/creative-writing-prompts/drama/write-a-story-from-the-pov-of-someone-who-s-hiding/,,,2,12.0,11.5,11.0,23.0,0.4782608695652174,0.4782608695652174
H2,all-mpnet-base-v2,316::https://blog.reedsy.com/creative-writing-prompts/drama/write-a-story-from-the-pov-of-someone-who-s-hiding/,,,3,12.0,11.333333333333334,11.0,23.0,0.4782608695652174,0.4782608695652174
H2,all-mpnet-base-v2,316::https://blog.reedsy.com/creative-writing-prompts/drama/write-a-story-from-the-pov-of-someone-who-s-hiding/,,,4,14.0,12.0,11.0,23.0,0.4782608695652174,0.4782608695652174
H2,all-mpnet-base-v2,316::https://blog.reedsy.com/creative-writing-prompts/drama/write-a-story-from-the-pov-of-someone-who-s-hiding/,,,5,18.0,13.2,11.0,23.0,0.4782608695652174,0.4782608695652174
H2,all-mpnet-base-v2,316::https://blog.reedsy.com/creative-writing-prompts/drama/write-a-story-from-the-pov-of-someone-who-s-hiding/,,,6,21.0,14.5,11.0,23.0,0.4782608695652174,0.4782608695652174
H2,all-mpnet-base-v2,316::https://blog.reedsy.com/creative-writing-prompts/drama/write-a-story-from-the-pov-of-someone-who-s-hiding/,,,7,21.0,14.142857142857142,11.0,23.0,0.4782608695652174,0.4782608695652174
H2,all-mpnet-base-v2,316::https://blog.reedsy.com/creative-writing-prompts/drama/center-your-story-around-someone-s-public-image-an/,,,1,20.0,20.0,20.0,20.0,1.0,1.0
H2,all-mpnet-base-v2,316::https://blog.reedsy.com/creative-writing-prompts/drama/center-your-story-around-someone-s-public-image-an/,,,2,20.0,18.0,16.0,20.0,1.0,1.0
H2,all-mpnet-base-v2,316::https://blog.reedsy.com/creative-writing-prompts/drama/center-your-story-around-someone-s-public-image-an/,,,3,20.0,18.333333333333332,16.0,20.0,1.0,1.0
H2,all-mpnet-base-v2,316::https://blog.reedsy.com/creative-writing-prompts/drama/center-your-story-around-someone-s-public-image-an/,,,4,20.0,18.75,16.0,20.0,1.0,1.0
H2,all-mpnet-base-v2,316::https://blog.reedsy.com/creative-writing-prompts/drama/center-your-story-around-someone-s-public-image-an/,,,5,20.0,17.2,11.0,20.0,1.0,1.0
H2,all-mpnet-base-v2,316::https://blog.reedsy.com/creative-writing-prompts/drama/center-your-story-around-someone-s-public-image-an/,,,6,20.0,17.0,11.0,20.0,1.0,1.0
H2,all-mpnet-base-v2,316::https://blog.reedsy.com/creative-writing-prompts/drama/center-your-story-around-someone-s-public-image-an/,,,7,20.0,16.142857142857142,11.0,20.0,1.0,1.0
H2,all-mpnet-base-v2,316::https://blog.reedsy.com/creative-writing-prompts/short-story/write-a-story-that-includes-the-line-can-you-keep-/,,,1,12.0,12.0,12.0,20.0,0.6,0.6
H2,all-mpnet-base-v2,316::https://blog.reedsy.com/creative-writing-prompts/short-story/write-a-story-that-includes-the-line-can-you-keep-/,,,2,20.0,16.0,12.0,20.0,0.6,0.6
H2,all-mpnet-base-v2,316::https://blog.reedsy.com/creative-writing-prompts/short-story/write-a-story-that-includes-the-line-can-you-keep-/,,,3,20.0,15.333333333333334,12.0,20.0,0.6,0.6
H2,all-mpnet-base-v2,316::https://blog.reedsy.com/creative-writing-prompts/short-story/write-a-story-that-includes-the-line-can-you-keep-/,,,4,20.0,16.0,12.0,20.0,0.6,0.6
H2,all-mpnet-base-v2,316::https://blog.reedsy.com/creative-writing-prompts/short-story/write-a-story-that-includes-the-line-can-you-keep-/,,,5,20.0,15.0,11.0,20.0,0.6,0.6
H2,all-mpnet-base-v2,316::https://blog.reedsy.com/creative-writing-prompts/short-story/write-a-story-that-includes-the-line-can-you-keep-/,,,6,20.0,15.166666666666666,11.0,20.0,0.6,0.6
H2,all-mpnet-base-v2,316::https://blog.reedsy.com/creative-writing-prompts/short-story/write-a-story-that-includes-the-line-can-you-keep-/,,,7,20.0,15.166666666666666,11.0,20.0,0.6,0.6
H2,text-embedding-3-large,291::https://blog.reedsy.com/creative-writing-prompts/short-story/write-a-story-inspired-by-the-ultimate-cliched-twi/,,,1,13.0,13.0,13.0,29.0,0.4482758620689655,0.4482758620689655
H2,text-embedding-3-large,291::https://blog.reedsy.com/creative-writing-prompts/short-story/write-a-story-inspired-by-the-ultimate-cliched-twi/,,,2,17.0,15.0,13.0,29.0,0.4482758620689655,0.4482758620689655
H2,text-embedding-3-large,291::https://blog.reedsy.com/creative-writing-prompts/short-story/write-a-story-inspired-by-the-ultimate-cliched-twi/,,,3,29.0,19.666666666666668,13.0,29.0,0.4482758620689655,0.4482758620689655
H2,text-embedding-3-large,291::https://blog.reedsy.com/creative-writing-prompts/short-story/write-a-story-inspired-by-the-ultimate-cliched-twi/,,,4,29.0,18.25,13.0,29.0,0.4482758620689655,0.4482758620689655
H2,text-embedding-3-large,291::https://blog.reedsy.com/creative-writing-prompts/short-story/write-a-story-inspired-by-the-ultimate-cliched-twi/,,,5,29.0,17.0,12.0,29.0,0.4482758620689655,0.4482758620689655
H2,text-embedding-3-large,291::https://blog.reedsy.com/creative-writing-prompts/short-story/write-a-story-inspired-by-the-ultimate-cliched-twi/,,,6,29.0,16.5,12.0,29.0,0.4482758620689655,0.4482758620689655
H2,text-embedding-3-large,291::https://blog.reedsy.com/creative-writing-prompts/short-story/write-a-story-inspired-by-the-ultimate-cliched-twi/,,,7,29.0,16.142857142857142,12.0,29.0,0.4482758620689655,0.4482758620689655
H2,text-embedding-3-large,291::https://blog.reedsy.com/creative-writing-prompts/angst/center-your-story-around-a-character-s-addiction-o/,,,1,28.0,28.0,28.0,40.0,0.7,0.7
H2,text-embedding-3-large,291::https://blog.reedsy.com/creative-writing-prompts/angst/center-your-story-around-a-character-s-addiction-o/,,,2,28.0,19.5,11.0,40.0,0.7,0.7
H2,text-embedding-3-large,291::https://blog.reedsy.com/creative-writing-prompts/angst/center-your-story-around-a-character-s-addiction-o/,,,3,28.0,18.0,11.0,40.0,0.7,0.7
H2,text-embedding-3-large,291::https://blog.reedsy.com/creative-writing-prompts/angst/center-your-story-around-a-character-s-addiction-o/,,,4,28.0,16.25,11.0,40.0,0.7,0.7
H2,text-embedding-3-large,291::https://blog.reedsy.com/creative-writing-prompts/angst/center-your-story-around-a-character-s-addiction-o/,,,5,28.0,15.8,11.0,40.0,0.7,0.7
H2,text-embedding-3-large,291::https://blog.reedsy.com/creative-writing-prompts/angst/center-your-story-around-a-character-s-addiction-o/,,,6,40.0,19.833333333333332,11.0,40.0,0.7,0.7
H2,text-embedding-3-large,291::https://blog.reedsy.com/creative-writing-prompts/angst/center-your-story-around-a-character-s-addiction-o/,,,7,40.0,19.285714285714285,11.0,40.0,0.7,0.7
H2,text-embedding-3-large,291::https://blog.reedsy.com/creative-writing-prompts/drama/write-a-story-that-keeps-a-key-detail-hidden-from-/,,,1,12.0,12.0,12.0,34.0,0.35294117647058826,0.35294117647058826
H2,text-embedding-3-large,291::https://blog.reedsy.com/creative-writing-prompts/drama/write-a-story-that-keeps-a-key-detail-hidden-from-/,,,2,34.0,23.0,12.0,34.0,0.35294117647058826,0.35294117647058826
H2,text-embedding-3-large,291::https://blog.reedsy.com/creative-writing-prompts/drama/write-a-story-that-keeps-a-key-detail-hidden-from-/,,,3,34.0,21.333333333333332,12.0,34.0,0.35294117647058826,0.35294117647058826
H2,text-embedding-3-large,291::https://blog.reedsy.com/creative-writing-prompts/drama/write-a-story-that-keeps-a-key-detail-hidden-from-/,,,4,34.0,19.0,12.0,34.0,0.35294117647058826,0.35294117647058826
H2,text-embedding-3-large,291::https://blog.reedsy.com/creative-writing-prompts/drama/write-a-story-that-keeps-a-key-detail-hidden-from-/,,,5,34.0,17.4,11.0,34.0,0.35294117647058826,0.35294117647058826
H2,text-embedding-3-large,291::https://blog.reedsy.com/creative-writing-prompts/drama/write-a-story-that-keeps-a-key-detail-hidden-from-/,,,6,34.0,17.166666666666668,11.0,34.0,0.35294117647058826,0.35294117647058826
H2,text-embedding-3-large,291::https://blog.reedsy.com/creative-writing-prompts/drama/write-a-story-that-keeps-a-key-detail-hidden-from-/,,,7,34.0,16.428571428571427,11.0,34.0,0.35294117647058826,0.35294117647058826
H2,text-embedding-3-large,291::https://blog.reedsy.com/creative-writing-prompts/drama/center-your-story-around-a-character-who-successfu/,,,1,11.0,11.0,11.0,29.0,0.3793103448275862,0.3793103448275862
H2,text-embedding-3-large,291::https://blog.reedsy.com/creative-writing-prompts/drama/center-your-story-around-a-character-who-successfu/,,,2,29.0,20.0,11.0,29.0,0.3793103448275862,0.3793103448275862
H2,text-embedding-3-large,291::https://blog.reedsy.com/creative-writing-prompts/drama/center-your-story-around-a-character-who-successfu/,,,3,29.0,18.0,11.0,29.0,0.3793103448275862,0.3793103448275862
H2,text-embedding-3-large,291::https://blog.reedsy.com/creative-writing-prompts/drama/center-your-story-around-a-character-who-successfu/,,,4,29.0,16.5,11.0,29.0,0.3793103448275862,0.3793103448275862
H2,text-embedding-3-large,291::https://blog.reedsy.com/creative-writing-prompts/drama/center-your-story-around-a-character-who-successfu/,,,5,29.0,15.4,11.0,29.0,0.3793103448275862,0.3793103448275862
H2,text-embedding-3-large,291::https://blog.reedsy.com/creative-writing-prompts/drama/center-your-story-around-a-character-who-successfu/,,,6,29.0,15.833333333333334,11.0,29.0,0.3793103448275862,0.3793103448275862
H2,text-embedding-3-large,291::https://blog.reedsy.com/creative-writing-prompts/drama/center-your-story-around-a-character-who-successfu/,,,7,29.0,15.571428571428571,11.0,29.0,0.3793103448275862,0.3793103448275862
H2,text-embedding-3-large,291::https://blog.reedsy.com/creative-writing-prompts/short-story/write-a-story-with-a-huge-surprise-either-in-the-m/,,,1,12.0,12.0,12.0,41.0,0.2926829268292683,0.2926829268292683
H2,text-embedding-3-large,291::https://blog.reedsy.com/creative-writing-prompts/short-story/write-a-story-with-a-huge-surprise-either-in-the-m/,,,2,14.0,13.0,12.0,41.0,0.2926829268292683,0.2926829268292683
H2,text-embedding-3-large,291::https://blog.reedsy.com/creative-writing-prompts/short-story/write-a-story-with-a-huge-surprise-either-in-the-m/,,,3,14.0,12.666666666666666,12.0,41.0,0.2926829268292683,0.2926829268292683
H2,text-embedding-3-large,291::https://blog.reedsy.com/creative-writing-prompts/short-story/write-a-story-with-a-huge-surprise-either-in-the-m/,,,4,23.0,15.25,12.0,41.0,0.2926829268292683,0.2926829268292683
H2,text-embedding-3-large,291::https://blog.reedsy.com/creative-writing-prompts/short-story/write-a-story-with-a-huge-surprise-either-in-the-m/,,,5,23.0,15.2,12.0,41.0,0.2926829268292683,0.2926829268292683
H2,text-embedding-3-large,291::https://blog.reedsy.com/creative-writing-prompts/short-story/write-a-story-with-a-huge-surprise-either-in-the-m/,,,6,23.0,15.0,12.0,41.0,0.2926829268292683,0.2926829268292683
H2,text-embedding-3-large,291::https://blog.reedsy.com/creative-writing-prompts/short-story/write-a-story-with-a-huge-surprise-either-in-the-m/,,,7,23.0,14.428571428571429,11.0,41.0,0.2926829268292683,0.2926829268292683
H2,text-embedding-3-large,294::https://blog.reedsy.com/creative-writing-prompts/short-story/write-a-story-in-which-the-first-and-last-sentence/,,,1,18.0,18.0,18.0,35.0,0.5142857142857142,0.5142857142857142
H2,text-embedding-3-large,294::https://blog.reedsy.com/creative-writing-prompts/short-story/write-a-story-in-which-the-first-and-last-sentence/,,,2,18.0,16.5,15.0,35.0,0.5142857142857142,0.5142857142857142
H2,text-embedding-3-large,294::https://blog.reedsy.com/creative-writing-prompts/short-story/write-a-story-in-which-the-first-and-last-sentence/,,,3,29.0,20.666666666666668,15.0,35.0,0.5142857142857142,0.5142857142857142
H2,text-embedding-3-large,294::https://blog.reedsy.com/creative-writing-prompts/short-story/write-a-story-in-which-the-first-and-last-sentence/,,,4,29.0,19.25,15.0,35.0,0.5142857142857142,0.5142857142857142
H2,text-embedding-3-large,294::https://blog.reedsy.com/creative-writing-prompts/short-story/write-a-story-in-which-the-first-and-last-sentence/,,,5,29.0,17.8,12.0,35.0,0.5142857142857142,0.5142857142857142
H2,text-embedding-3-large,294::https://blog.reedsy.com/creative-writing-prompts/short-story/write-a-story-in-which-the-first-and-last-sentence/,,,6,29.0,18.0,12.0,35.0,0.5142857142857142,0.5142857142857142
H2,text-embedding-3-large,294::https://blog.reedsy.com/creative-writing-prompts/short-story/write-a-story-in-which-the-first-and-last-sentence/,,,7,29.0,17.142857142857142,12.0,35.0,0.5142857142857142,0.5142857142857142
H2,text-embedding-3-large,294::https://blog.reedsy.com/creative-writing-prompts/short-story/create-a-title-with-reedsy-s-title-generator-then-/,,,1,31.0,31.0,31.0,31.0,1.0,1.0
H2,text-embedding-3-large,294::https://blog.reedsy.com/creative-writing-prompts/short-story/create-a-title-with-reedsy-s-title-generator-then-/,,,2,31.0,23.0,15.0,31.0,1.0,1.0
H2,text-embedding-3-large,294::https://blog.reedsy.com/creative-writing-prompts/short-story/create-a-title-with-reedsy-s-title-generator-then-/,,,3,31.0,19.0,11.0,31.0,1.0,1.0
H2,text-embedding-3-large,294::https://blog.reedsy.com/creative-writing-prompts/short-story/create-a-title-with-reedsy-s-title-generator-then-/,,,4,31.0,18.75,11.0,31.0,1.0,1.0
H2,text-embedding-3-large,294::https://blog.reedsy.com/creative-writing-prompts/short-story/create-a-title-with-reedsy-s-title-generator-then-/,,,5,31.0,18.6,11.0,31.0,1.0,1.0
H2,text-embedding-3-large,294::https://blog.reedsy.com/creative-writing-prompts/short-story/create-a-title-with-reedsy-s-title-generator-then-/,,,6,31.0,18.166666666666668,11.0,31.0,1.0,1.0
H2,text-embedding-3-large,294::https://blog.reedsy.com/creative-writing-prompts/short-story/create-a-title-with-reedsy-s-title-generator-then-/,,,7,31.0,19.142857142857142,11.0,31.0,1.0,1.0
H2,text-embedding-3-large,294::https://blog.reedsy.com/creative-writing-prompts/short-story/write-a-story-in-the-form-of-a-letter-or-several-l/,,,1,16.0,16.0,16.0,26.0,0.6153846153846154,0.6153846153846154
H2,text-embedding-3-large,294::https://blog.reedsy.com/creative-writing-prompts/short-story/write-a-story-in-the-form-of-a-letter-or-several-l/,,,2,16.0,14.0,12.0,26.0,0.6153846153846154,0.6153846153846154
H2,text-embedding-3-large,294::https://blog.reedsy.com/creative-writing-prompts/short-story/write-a-story-in-the-form-of-a-letter-or-several-l/,,,3,16.0,13.333333333333334,12.0,26.0,0.6153846153846154,0.6153846153846154
H2,text-embedding-3-large,294::https://blog.reedsy.com/creative-writing-prompts/short-story/write-a-story-in-the-form-of-a-letter-or-several-l/,,,4,18.0,14.5,12.0,26.0,0.6153846153846154,0.6153846153846154
H2,text-embedding-3-large,294::https://blog.reedsy.com/creative-writing-prompts/short-story/write-a-story-in-the-form-of-a-letter-or-several-l/,,,5,26.0,16.8,12.0,26.0,0.6153846153846154,0.6153846153846154
H2,text-embedding-3-large,294::https://blog.reedsy.com/creative-writing-prompts/short-story/write-a-story-in-the-form-of-a-letter-or-several-l/,,,6,26.0,15.833333333333334,11.0,26.0,0.6153846153846154,0.6153846153846154
H2,text-embedding-3-large,294::https://blog.reedsy.com/creative-writing-prompts/short-story/write-a-story-in-the-form-of-a-letter-or-several-l/,,,7,26.0,15.142857142857142,11.0,26.0,0.6153846153846154,0.6153846153846154
H2,text-embedding-3-large,294::https://blog.reedsy.com/creative-writing-prompts/drama/center-your-story-around-someone-who-s-at-a-loss-f/,,,1,13.0,13.0,13.0,44.0,0.29545454545454547,0.29545454545454547
H2,text-embedding-3-large,294::https://blog.reedsy.com/creative-writing-prompts/drama/center-your-story-around-someone-who-s-at-a-loss-f/,,,2,13.0,12.5,12.0,44.0,0.29545454545454547,0.29545454545454547
H2,text-embedding-3-large,294::https://blog.reedsy.com/creative-writing-prompts/drama/center-your-story-around-someone-who-s-at-a-loss-f/,,,3,21.0,15.333333333333334,12.0,44.0,0.29545454545454547,0.29545454545454547
H2,text-embedding-3-large,294::https://blog.reedsy.com/creative-writing-prompts/drama/center-your-story-around-someone-who-s-at-a-loss-f/,,,4,44.0,22.5,12.0,44.0,0.29545454545454547,0.29545454545454547
H2,text-embedding-3-large,294::https://blog.reedsy.com/creative-writing-prompts/drama/center-your-story-around-someone-who-s-at-a-loss-f/,,,5,44.0,20.2,11.0,44.0,0.29545454545454547,0.29545454545454547
H2,text-embedding-3-large,294::https://blog.reedsy.com/creative-writing-prompts/drama/center-your-story-around-someone-who-s-at-a-loss-f/,,,6,44.0,20.0,11.0,44.0,0.29545454545454547,0.29545454545454547
H2,text-embedding-3-large,294::https://blog.reedsy.com/creative-writing-prompts/drama/center-your-story-around-someone-who-s-at-a-loss-f/,,,7,44.0,22.428571428571427,11.0,44.0,0.29545454545454547,0.29545454545454547
H2,text-embedding-3-large,294::https://blog.reedsy.com/creative-writing-prompts/dialogue/write-a-story-with-the-line-i-didn-t-mean-that-or-/,,,1,28.0,28.0,28.0,33.0,0.8484848484848485,0.8484848484848485
H2,text-embedding-3-large,294::https://blog.reedsy.com/creative-writing-prompts/dialogue/write-a-story-with-the-line-i-didn-t-mean-that-or-/,,,2,28.0,25.0,22.0,33.0,0.8484848484848485,0.8484848484848485
H2,text-embedding-3-large,294::https://blog.reedsy.com/creative-writing-prompts/dialogue/write-a-story-with-the-line-i-didn-t-mean-that-or-/,,,3,33.0,27.666666666666668,22.0,33.0,0.8484848484848485,0.8484848484848485
H2,text-embedding-3-large,294::https://blog.reedsy.com/creative-writing-prompts/dialogue/write-a-story-with-the-line-i-didn-t-mean-that-or-/,,,4,33.0,24.5,15.0,33.0,0.8484848484848485,0.8484848484848485
H2,text-embedding-3-large,294::https://blog.reedsy.com/creative-writing-prompts/dialogue/write-a-story-with-the-line-i-didn-t-mean-that-or-/,,,5,33.0,23.8,15.0,33.0,0.8484848484848485,0.8484848484848485
H2,text-embedding-3-large,294::https://blog.reedsy.com/creative-writing-prompts/dialogue/write-a-story-with-the-line-i-didn-t-mean-that-or-/,,,6,33.0,24.833333333333332,15.0,33.0,0.8484848484848485,0.8484848484848485
H2,text-embedding-3-large,294::https://blog.reedsy.com/creative-writing-prompts/dialogue/write-a-story-with-the-line-i-didn-t-mean-that-or-/,,,7,33.0,23.285714285714285,14.0,33.0,0.8484848484848485,0.8484848484848485
H2,text-embedding-3-large,309::https://blog.reedsy.com/creative-writing-prompts/drama/write-a-story-that-includes-the-line-do-i-know-you/,,,1,13.0,13.0,13.0,30.0,0.43333333333333335,0.43333333333333335
H2,text-embedding-3-large,309::https://blog.reedsy.com/creative-writing-prompts/drama/write-a-story-that-includes-the-line-do-i-know-you/,,,2,13.0,12.0,11.0,30.0,0.43333333333333335,0.43333333333333335
H2,text-embedding-3-large,309::https://blog.reedsy.com/creative-writing-prompts/drama/write-a-story-that-includes-the-line-do-i-know-you/,,,3,17.0,13.666666666666666,11.0,30.0,0.43333333333333335,0.43333333333333335
H2,text-embedding-3-large,309::https://blog.reedsy.com/creative-writing-prompts/drama/write-a-story-that-includes-the-line-do-i-know-you/,,,4,26.0,16.75,11.0,30.0,0.43333333333333335,0.43333333333333335
H2,text-embedding-3-large,309::https://blog.reedsy.com/creative-writing-prompts/drama/write-a-story-that-includes-the-line-do-i-know-you/,,,5,26.0,16.4,11.0,30.0,0.43333333333333335,0.43333333333333335
H2,text-embedding-3-large,309::https://blog.reedsy.com/creative-writing-prompts/drama/write-a-story-that-includes-the-line-do-i-know-you/,,,6,26.0,15.666666666666666,11.0,30.0,0.43333333333333335,0.43333333333333335
H2,text-embedding-3-large,309::https://blog.reedsy.com/creative-writing-prompts/drama/write-a-story-that-includes-the-line-do-i-know-you/,,,7,26.0,15.142857142857142,11.0,30.0,0.43333333333333335,0.43333333333333335
H2,text-embedding-3-large,309::https://blog.reedsy.com/creative-writing-prompts/short-story/start-or-end-your-story-with-a-character-making-fo/,,,1,13.0,13.0,13.0,21.0,0.6190476190476191,0.6190476190476191
H2,text-embedding-3-large,309::https://blog.reedsy.com/creative-writing-prompts/short-story/start-or-end-your-story-with-a-character-making-fo/,,,2,14.0,13.5,13.0,21.0,0.6190476190476191,0.6190476190476191
H2,text-embedding-3-large,309::https://blog.reedsy.com/creative-writing-prompts/short-story/start-or-end-your-story-with-a-character-making-fo/,,,3,14.0,12.666666666666666,11.0,21.0,0.6190476190476191,0.6190476190476191
H2,text-embedding-3-large,309::https://blog.reedsy.com/creative-writing-prompts/short-story/start-or-end-your-story-with-a-character-making-fo/,,,4,14.0,12.5,11.0,21.0,0.6190476190476191,0.6190476190476191
H2,text-embedding-3-large,309::https://blog.reedsy.com/creative-writing-prompts/short-story/start-or-end-your-story-with-a-character-making-fo/,,,5,21.0,14.2,11.0,21.0,0.6190476190476191,0.6190476190476191
H2,text-embedding-3-large,309::https://blog.reedsy.com/creative-writing-prompts/short-story/start-or-end-your-story-with-a-character-making-fo/,,,6,21.0,14.166666666666666,11.0,21.0,0.6190476190476191,0.6190476190476191
H2,text-embedding-3-large,309::https://blog.reedsy.com/creative-writing-prompts/short-story/start-or-end-your-story-with-a-character-making-fo/,,,7,21.0,14.714285714285714,11.0,21.0,0.6190476190476191,0.6190476190476191
H2,text-embedding-3-large,309::https://blog.reedsy.com/creative-writing-prompts/character/center-your-story-around-a-character-who-yearns-fo/,,,1,28.0,28.0,28.0,59.0,0.4745762711864407,0.4745762711864407
H2,text-embedding-3-large,309::https://blog.reedsy.com/creative-writing-prompts/character/center-your-story-around-a-character-who-yearns-fo/,,,2,29.0,28.5,28.0,59.0,0.4745762711864407,0.4745762711864407
H2,text-embedding-3-large,309::https://blog.reedsy.com/creative-writing-prompts/character/center-your-story-around-a-character-who-yearns-fo/,,,3,29.0,23.0,12.0,59.0,0.4745762711864407,0.4745762711864407
H2,text-embedding-3-large,309::https://blog.reedsy.com/creative-writing-prompts/character/center-your-story-around-a-character-who-yearns-fo/,,,4,29.0,20.0,11.0,59.0,0.4745762711864407,0.4745762711864407
H2,text-embedding-3-large,309::https://blog.reedsy.com/creative-writing-prompts/character/center-your-story-around-a-character-who-yearns-fo/,,,5,59.0,27.8,11.0,59.0,0.4745762711864407,0.4745762711864407
H2,text-embedding-3-large,309::https://blog.reedsy.com/creative-writing-prompts/character/center-your-story-around-a-character-who-yearns-fo/,,,6,59.0,25.166666666666668,11.0,59.0,0.4745762711864407,0.4745762711864407
H2,text-embedding-3-large,309::https://blog.reedsy.com/creative-writing-prompts/character/center-your-story-around-a-character-who-yearns-fo/,,,7,59.0,23.142857142857142,11.0,59.0,0.4745762711864407,0.4745762711864407
H2,text-embedding-3-large,309::https://blog.reedsy.com/creative-writing-prompts/short-story/write-a-story-with-a-person-s-name-in-the-title/,,,1,12.0,12.0,12.0,37.0,0.32432432432432434,0.32432432432432434
H2,text-embedding-3-large,309::https://blog.reedsy.com/creative-writing-prompts/short-story/write-a-story-with-a-person-s-name-in-the-title/,,,2,18.0,15.0,12.0,37.0,0.32432432432432434,0.32432432432432434
H2,text-embedding-3-large,309::https://blog.reedsy.com/creative-writing-prompts/short-story/write-a-story-with-a-person-s-name-in-the-title/,,,3,20.0,16.666666666666668,12.0,37.0,0.32432432432432434,0.32432432432432434
H2,text-embedding-3-large,309::https://blog.reedsy.com/creative-writing-prompts/short-story/write-a-story-with-a-person-s-name-in-the-title/,,,4,20.0,16.0,12.0,37.0,0.32432432432432434,0.32432432432432434
H2,text-embedding-3-large,309::https://blog.reedsy.com/creative-writing-prompts/short-story/write-a-story-with-a-person-s-name-in-the-title/,,,5,20.0,15.4,12.0,37.0,0.32432432432432434,0.32432432432432434
H2,text-embedding-3-large,309::https://blog.reedsy.com/creative-writing-prompts/short-story/write-a-story-with-a-person-s-name-in-the-title/,,,6,37.0,19.0,12.0,37.0,0.32432432432432434,0.32432432432432434
H2,text-embedding-3-large,309::https://blog.reedsy.com/creative-writing-prompts/short-story/write-a-story-with-a-person-s-name-in-the-title/,,,7,37.0,18.285714285714285,12.0,37.0,0.32432432432432434,0.32432432432432434
H2,text-embedding-3-large,309::https://blog.reedsy.com/creative-writing-prompts/drama/center-your-story-around-two-characters-who-like-e/,,,1,11.0,11.0,11.0,28.0,0.39285714285714285,0.39285714285714285
H2,text-embedding-3-large,309::https://blog.reedsy.com/creative-writing-prompts/drama/center-your-story-around-two-characters-who-like-e/,,,2,20.0,15.5,11.0,28.0,0.39285714285714285,0.39285714285714285
H2,text-embedding-3-large,309::https://blog.reedsy.com/creative-writing-prompts/drama/center-your-story-around-two-characters-who-like-e/,,,3,20.0,15.333333333333334,11.0,28.0,0.39285714285714285,0.39285714285714285
H2,text-embedding-3-large,309::https://blog.reedsy.com/creative-writing-prompts/drama/center-your-story-around-two-characters-who-like-e/,,,4,20.0,15.0,11.0,28.0,0.39285714285714285,0.39285714285714285
H2,text-embedding-3-large,309::https://blog.reedsy.com/creative-writing-prompts/drama/center-your-story-around-two-characters-who-like-e/,,,5,20.0,15.2,11.0,28.0,0.39285714285714285,0.39285714285714285
H2,text-embedding-3-large,309::https://blog.reedsy.com/creative-writing-prompts/drama/center-your-story-around-two-characters-who-like-e/,,,6,20.0,14.833333333333334,11.0,28.0,0.39285714285714285,0.39285714285714285
H2,text-embedding-3-large,309::https://blog.reedsy.com/creative-writing-prompts/drama/center-your-story-around-two-characters-who-like-e/,,,7,28.0,16.714285714285715,11.0,28.0,0.39285714285714285,0.39285714285714285
H2,text-embedding-3-large,316::https://blog.reedsy.com/creative-writing-prompts/drama/write-a-story-where-a-character-s-true-identity-or/,,,1,11.0,11.0,11.0,23.0,0.4782608695652174,0.4782608695652174
H2,text-embedding-3-large,316::https://blog.reedsy.com/creative-writing-prompts/drama/write-a-story-where-a-character-s-true-identity-or/,,,2,11.0,11.0,11.0,23.0,0.4782608695652174,0.4782608695652174
H2,text-embedding-3-large,316::https://blog.reedsy.com/creative-writing-prompts/drama/write-a-story-where-a-character-s-true-identity-or/,,,3,14.0,12.0,11.0,23.0,0.4782608695652174,0.4782608695652174
H2,text-embedding-3-large,316::https://blog.reedsy.com/creative-writing-prompts/drama/write-a-story-where-a-character-s-true-identity-or/,,,4,14.0,12.25,11.0,23.0,0.4782608695652174,0.4782608695652174
H2,text-embedding-3-large,316::https://blog.reedsy.com/creative-writing-prompts/drama/write-a-story-where-a-character-s-true-identity-or/,,,5,19.0,13.6,11.0,23.0,0.4782608695652174,0.4782608695652174
H2,text-embedding-3-large,316::https://blog.reedsy.com/creative-writing-prompts/drama/write-a-story-where-a-character-s-true-identity-or/,,,6,19.0,13.166666666666666,11.0,23.0,0.4782608695652174,0.4782608695652174
H2,text-embedding-3-large,316::https://blog.reedsy.com/creative-writing-prompts/drama/write-a-story-where-a-character-s-true-identity-or/,,,7,19.0,13.0,11.0,23.0,0.4782608695652174,0.4782608695652174
H2,text-embedding-3-large,316::https://blog.reedsy.com/creative-writing-prompts/short-story/include-the-word-hero-mask-or-truth-in-your-story-/,,,1,15.0,15.0,15.0,47.0,0.3191489361702128,0.3191489361702128
H2,text-embedding-3-large,316::https://blog.reedsy.com/creative-writing-prompts/short-story/include-the-word-hero-mask-or-truth-in-your-story-/,,,2,47.0,31.0,15.0,47.0,0.3191489361702128,0.3191489361702128
H2,text-embedding-3-large,316::https://blog.reedsy.com/creative-writing-prompts/short-story/include-the-word-hero-mask-or-truth-in-your-story-/,,,3,47.0,24.666666666666668,12.0,47.0,0.3191489361702128,0.3191489361702128
H2,text-embedding-3-large,316::https://blog.reedsy.com/creative-writing-prompts/short-story/include-the-word-hero-mask-or-truth-in-your-story-/,,,4,47.0,23.5,12.0,47.0,0.3191489361702128,0.3191489361702128
H2,text-embedding-3-large,316::https://blog.reedsy.com/creative-writing-prompts/short-story/include-the-word-hero-mask-or-truth-in-your-story-/,,,5,47.0,21.6,12.0,47.0,0.3191489361702128,0.3191489361702128
H2,text-embedding-3-large,316::https://blog.reedsy.com/creative-writing-prompts/short-story/include-the-word-hero-mask-or-truth-in-your-story-/,,,6,47.0,21.0,12.0,47.0,0.3191489361702128,0.3191489361702128
H2,text-embedding-3-large,316::https://blog.reedsy.com/creative-writing-prompts/short-story/include-the-word-hero-mask-or-truth-in-your-story-/,,,7,47.0,20.0,12.0,47.0,0.3191489361702128,0.3191489361702128
H2,text-embedding-3-large,316::https://blog.reedsy.com/creative-writing-prompts/drama/write-a-story-from-the-pov-of-someone-who-s-hiding/,,,1,12.0,12.0,12.0,23.0,0.5217391304347826,0.5217391304347826
H2,text-embedding-3-large,316::https://blog.reedsy.com/creative-writing-prompts/drama/write-a-story-from-the-pov-of-someone-who-s-hiding/,,,2,12.0,11.5,11.0,23.0,0.5217391304347826,0.5217391304347826
H2,text-embedding-3-large,316::https://blog.reedsy.com/creative-writing-prompts/drama/write-a-story-from-the-pov-of-someone-who-s-hiding/,,,3,14.0,12.333333333333334,11.0,23.0,0.5217391304347826,0.5217391304347826
H2,text-embedding-3-large,316::https://blog.reedsy.com/creative-writing-prompts/drama/write-a-story-from-the-pov-of-someone-who-s-hiding/,,,4,14.0,12.0,11.0,23.0,0.5217391304347826,0.5217391304347826
H2,text-embedding-3-large,316::https://blog.reedsy.com/creative-writing-prompts/drama/write-a-story-from-the-pov-of-someone-who-s-hiding/,,,5,14.0,12.0,11.0,23.0,0.5217391304347826,0.5217391304347826
H2,text-embedding-3-large,316::https://blog.reedsy.com/creative-writing-prompts/drama/write-a-story-from-the-pov-of-someone-who-s-hiding/,,,6,21.0,13.5,11.0,23.0,0.5217391304347826,0.5217391304347826
H2,text-embedding-3-large,316::https://blog.reedsy.com/creative-writing-prompts/drama/write-a-story-from-the-pov-of-someone-who-s-hiding/,,,7,21.0,13.142857142857142,11.0,23.0,0.5217391304347826,0.5217391304347826
H2,text-embedding-3-large,316::https://blog.reedsy.com/creative-writing-prompts/drama/center-your-story-around-someone-s-public-image-an/,,,1,16.0,16.0,16.0,20.0,0.8,0.8
H2,text-embedding-3-large,316::https://blog.reedsy.com/creative-writing-prompts/drama/center-your-story-around-someone-s-public-image-an/,,,2,20.0,18.0,16.0,20.0,0.8,0.8
H2,text-embedding-3-large,316::https://blog.reedsy.com/creative-writing-prompts/drama/center-your-story-around-someone-s-public-image-an/,,,3,20.0,18.333333333333332,16.0,20.0,0.8,0.8
H2,text-embedding-3-large,316::https://blog.reedsy.com/creative-writing-prompts/drama/center-your-story-around-someone-s-public-image-an/,,,4,20.0,18.75,16.0,20.0,0.8,0.8
H2,text-embedding-3-large,316::https://blog.reedsy.com/creative-writing-prompts/drama/center-your-story-around-someone-s-public-image-an/,,,5,20.0,17.2,11.0,20.0,0.8,0.8
H2,text-embedding-3-large,316::https://blog.reedsy.com/creative-writing-prompts/drama/center-your-story-around-someone-s-public-image-an/,,,6,20.0,17.0,11.0,20.0,0.8,0.8
H2,text-embedding-3-large,316::https://blog.reedsy.com/creative-writing-prompts/drama/center-your-story-around-someone-s-public-image-an/,,,7,20.0,16.142857142857142,11.0,20.0,0.8,0.8
H2,text-embedding-3-large,316::https://blog.reedsy.com/creative-writing-prompts/short-story/write-a-story-that-includes-the-line-can-you-keep-/,,,1,20.0,20.0,20.0,20.0,1.0,1.0
H2,text-embedding-3-large,316::https://blog.reedsy.com/creative-writing-prompts/short-story/write-a-story-that-includes-the-line-can-you-keep-/,,,2,20.0,16.0,12.0,20.0,1.0,1.0
H2,text-embedding-3-large,316::https://blog.reedsy.com/creative-writing-prompts/short-story/write-a-story-that-includes-the-line-can-you-keep-/,,,3,20.0,16.666666666666668,12.0,20.0,1.0,1.0
H2,text-embedding-3-large,316::https://blog.reedsy.com/creative-writing-prompts/short-story/write-a-story-that-includes-the-line-can-you-keep-/,,,4,20.0,16.0,12.0,20.0,1.0,1.0
H2,text-embedding-3-large,316::https://blog.reedsy.com/creative-writing-prompts/short-story/write-a-story-that-includes-the-line-can-you-keep-/,,,5,20.0,16.0,12.0,20.0,1.0,1.0
H2,text-embedding-3-large,316::https://blog.reedsy.com/creative-writing-prompts/short-story/write-a-story-that-includes-the-line-can-you-keep-/,,,6,20.0,15.166666666666666,11.0,20.0,1.0,1.0
H2,text-embedding-3-large,316::https://blog.reedsy.com/creative-writing-prompts/short-story/write-a-story-that-includes-the-line-can-you-keep-/,,,7,20.0,15.166666666666666,11.0,20.0,1.0,1.0
H2,all-MiniLM-L12-v2,291::https://blog.reedsy.com/creative-writing-prompts/short-story/write-a-story-inspired-by-the-ultimate-cliched-twi/,,,1,14.0,14.0,14.0,29.0,0.4827586206896552,0.4827586206896552
H2,all-MiniLM-L12-v2,291::https://blog.reedsy.com/creative-writing-prompts/short-story/write-a-story-inspired-by-the-ultimate-cliched-twi/,,,2,17.0,15.5,14.0,29.0,0.4827586206896552,0.4827586206896552
H2,all-MiniLM-L12-v2,291::https://blog.reedsy.com/creative-writing-prompts/short-story/write-a-story-inspired-by-the-ultimate-cliched-twi/,,,3,17.0,14.333333333333334,12.0,29.0,0.4827586206896552,0.4827586206896552
H2,all-MiniLM-L12-v2,291::https://blog.reedsy.com/creative-writing-prompts/short-story/write-a-story-inspired-by-the-ultimate-cliched-twi/,,,4,29.0,18.0,12.0,29.0,0.4827586206896552,0.4827586206896552
H2,all-MiniLM-L12-v2,291::https://blog.reedsy.com/creative-writing-prompts/short-story/write-a-story-inspired-by-the-ultimate-cliched-twi/,,,5,29.0,17.2,12.0,29.0,0.4827586206896552,0.4827586206896552
H2,all-MiniLM-L12-v2,291::https://blog.reedsy.com/creative-writing-prompts/short-story/write-a-story-inspired-by-the-ultimate-cliched-twi/,,,6,29.0,16.666666666666668,12.0,29.0,0.4827586206896552,0.4827586206896552
H2,all-MiniLM-L12-v2,291::https://blog.reedsy.com/creative-writing-prompts/short-story/write-a-story-inspired-by-the-ultimate-cliched-twi/,,,7,29.0,16.142857142857142,12.0,29.0,0.4827586206896552,0.4827586206896552
H2,all-MiniLM-L12-v2,291::https://blog.reedsy.com/creative-writing-prompts/angst/center-your-story-around-a-character-s-addiction-o/,,,1,28.0,28.0,28.0,40.0,0.7,0.7
H2,all-MiniLM-L12-v2,291::https://blog.reedsy.com/creative-writing-prompts/angst/center-your-story-around-a-character-s-addiction-o/,,,2,28.0,22.0,16.0,40.0,0.7,0.7
H2,all-MiniLM-L12-v2,291::https://blog.reedsy.com/creative-writing-prompts/angst/center-your-story-around-a-character-s-addiction-o/,,,3,28.0,18.666666666666668,12.0,40.0,0.7,0.7
H2,all-MiniLM-L12-v2,291::https://blog.reedsy.com/creative-writing-prompts/angst/center-your-story-around-a-character-s-addiction-o/,,,4,28.0,16.75,11.0,40.0,0.7,0.7
H2,all-MiniLM-L12-v2,291::https://blog.reedsy.com/creative-writing-prompts/angst/center-your-story-around-a-character-s-addiction-o/,,,5,28.0,16.0,11.0,40.0,0.7,0.7
H2,all-MiniLM-L12-v2,291::https://blog.reedsy.com/creative-writing-prompts/angst/center-your-story-around-a-character-s-addiction-o/,,,6,33.0,18.833333333333332,11.0,40.0,0.7,0.7
H2,all-MiniLM-L12-v2,291::https://blog.reedsy.com/creative-writing-prompts/angst/center-your-story-around-a-character-s-addiction-o/,,,7,40.0,21.857142857142858,11.0,40.0,0.7,0.7
H2,all-MiniLM-L12-v2,291::https://blog.reedsy.com/creative-writing-prompts/drama/write-a-story-that-keeps-a-key-detail-hidden-from-/,,,1,34.0,34.0,34.0,34.0,1.0,1.0
H2,all-MiniLM-L12-v2,291::https://blog.reedsy.com/creative-writing-prompts/drama/write-a-story-that-keeps-a-key-detail-hidden-from-/,,,2,34.0,31.0,28.0,34.0,1.0,1.0
H2,all-MiniLM-L12-v2,291::https://blog.reedsy.com/creative-writing-prompts/drama/write-a-story-that-keeps-a-key-detail-hidden-from-/,,,3,34.0,26.0,16.0,34.0,1.0,1.0
H2,all-MiniLM-L12-v2,291::https://blog.reedsy.com/creative-writing-prompts/drama/write-a-story-that-keeps-a-key-detail-hidden-from-/,,,4,34.0,22.5,12.0,34.0,1.0,1.0
H2,all-MiniLM-L12-v2,291::https://blog.reedsy.com/creative-writing-prompts/drama/write-a-story-that-keeps-a-key-detail-hidden-from-/,,,5,34.0,20.8,12.0,34.0,1.0,1.0
H2,all-MiniLM-L12-v2,291::https://blog.reedsy.com/creative-writing-prompts/drama/write-a-story-that-keeps-a-key-detail-hidden-from-/,,,6,34.0,19.5,12.0,34.0,1.0,1.0
H2,all-MiniLM-L12-v2,291::https://blog.reedsy.com/creative-writing-prompts/drama/write-a-story-that-keeps-a-key-detail-hidden-from-/,,,7,34.0,18.428571428571427,12.0,34.0,1.0,1.0
H2,all-MiniLM-L12-v2,291::https://blog.reedsy.com/creative-writing-prompts/drama/center-your-story-around-a-character-who-successfu/,,,1,11.0,11.0,11.0,29.0,0.3793103448275862,0.3793103448275862
H2,all-MiniLM-L12-v2,291::https://blog.reedsy.com/creative-writing-prompts/drama/center-your-story-around-a-character-who-successfu/,,,2,14.0,12.5,11.0,29.0,0.3793103448275862,0.3793103448275862
H2,all-MiniLM-L12-v2,291::https://blog.reedsy.com/creative-writing-prompts/drama/center-your-story-around-a-character-who-successfu/,,,3,29.0,18.0,11.0,29.0,0.3793103448275862,0.3793103448275862
H2,all-MiniLM-L12-v2,291::https://blog.reedsy.com/creative-writing-prompts/drama/center-your-story-around-a-character-who-successfu/,,,4,29.0,16.25,11.0,29.0,0.3793103448275862,0.3793103448275862
H2,all-MiniLM-L12-v2,291::https://blog.reedsy.com/creative-writing-prompts/drama/center-your-story-around-a-character-who-successfu/,,,5,29.0,16.2,11.0,29.0,0.3793103448275862,0.3793103448275862
H2,all-MiniLM-L12-v2,291::https://blog.reedsy.com/creative-writing-prompts/drama/center-your-story-around-a-character-who-successfu/,,,6,29.0,15.833333333333334,11.0,29.0,0.3793103448275862,0.3793103448275862
H2,all-MiniLM-L12-v2,291::https://blog.reedsy.com/creative-writing-prompts/drama/center-your-story-around-a-character-who-successfu/,,,7,29.0,15.285714285714286,11.0,29.0,0.3793103448275862,0.3793103448275862
H2,all-MiniLM-L12-v2,291::https://blog.reedsy.com/creative-writing-prompts/short-story/write-a-story-with-a-huge-surprise-either-in-the-m/,,,1,12.0,12.0,12.0,41.0,0.2926829268292683,0.2926829268292683
H2,all-MiniLM-L12-v2,291::https://blog.reedsy.com/creative-writing-prompts/short-story/write-a-story-with-a-huge-surprise-either-in-the-m/,,,2,12.0,11.5,11.0,41.0,0.2926829268292683,0.2926829268292683
H2,all-MiniLM-L12-v2,291::https://blog.reedsy.com/creative-writing-prompts/short-story/write-a-story-with-a-huge-surprise-either-in-the-m/,,,3,12.0,11.666666666666666,11.0,41.0,0.2926829268292683,0.2926829268292683
H2,all-MiniLM-L12-v2,291::https://blog.reedsy.com/creative-writing-prompts/short-story/write-a-story-with-a-huge-surprise-either-in-the-m/,,,4,15.0,12.5,11.0,41.0,0.2926829268292683,0.2926829268292683
H2,all-MiniLM-L12-v2,291::https://blog.reedsy.com/creative-writing-prompts/short-story/write-a-story-with-a-huge-surprise-either-in-the-m/,,,5,41.0,18.2,11.0,41.0,0.2926829268292683,0.2926829268292683
H2,all-MiniLM-L12-v2,291::https://blog.reedsy.com/creative-writing-prompts/short-story/write-a-story-with-a-huge-surprise-either-in-the-m/,,,6,41.0,19.0,11.0,41.0,0.2926829268292683,0.2926829268292683
H2,all-MiniLM-L12-v2,291::https://blog.reedsy.com/creative-writing-prompts/short-story/write-a-story-with-a-huge-surprise-either-in-the-m/,,,7,41.0,17.857142857142858,11.0,41.0,0.2926829268292683,0.2926829268292683
H2,all-MiniLM-L12-v2,294::https://blog.reedsy.com/creative-writing-prompts/short-story/write-a-story-in-which-the-first-and-last-sentence/,,,1,12.0,12.0,12.0,35.0,0.34285714285714286,0.34285714285714286
H2,all-MiniLM-L12-v2,294::https://blog.reedsy.com/creative-writing-prompts/short-story/write-a-story-in-which-the-first-and-last-sentence/,,,2,14.0,13.0,12.0,35.0,0.34285714285714286,0.34285714285714286
H2,all-MiniLM-L12-v2,294::https://blog.reedsy.com/creative-writing-prompts/short-story/write-a-story-in-which-the-first-and-last-sentence/,,,3,28.0,18.0,12.0,35.0,0.34285714285714286,0.34285714285714286
H2,all-MiniLM-L12-v2,294::https://blog.reedsy.com/creative-writing-prompts/short-story/write-a-story-in-which-the-first-and-last-sentence/,,,4,28.0,18.0,12.0,35.0,0.34285714285714286,0.34285714285714286
H2,all-MiniLM-L12-v2,294::https://blog.reedsy.com/creative-writing-prompts/short-story/write-a-story-in-which-the-first-and-last-sentence/,,,5,28.0,16.8,12.0,35.0,0.34285714285714286,0.34285714285714286
H2,all-MiniLM-L12-v2,294::https://blog.reedsy.com/creative-writing-prompts/short-story/write-a-story-in-which-the-first-and-last-sentence/,,,6,28.0,15.833333333333334,11.0,35.0,0.34285714285714286,0.34285714285714286
H2,all-MiniLM-L12-v2,294::https://blog.reedsy.com/creative-writing-prompts/short-story/write-a-story-in-which-the-first-and-last-sentence/,,,7,28.0,16.285714285714285,11.0,35.0,0.34285714285714286,0.34285714285714286
H2,all-MiniLM-L12-v2,294::https://blog.reedsy.com/creative-writing-prompts/short-story/create-a-title-with-reedsy-s-title-generator-then-/,,,1,11.0,11.0,11.0,31.0,0.3548387096774194,0.3548387096774194
H2,all-MiniLM-L12-v2,294::https://blog.reedsy.com/creative-writing-prompts/short-story/create-a-title-with-reedsy-s-title-generator-then-/,,,2,18.0,14.5,11.0,31.0,0.3548387096774194,0.3548387096774194
H2,all-MiniLM-L12-v2,294::https://blog.reedsy.com/creative-writing-prompts/short-story/create-a-title-with-reedsy-s-title-generator-then-/,,,3,18.0,15.0,11.0,31.0,0.3548387096774194,0.3548387096774194
H2,all-MiniLM-L12-v2,294::https://blog.reedsy.com/creative-writing-prompts/short-story/create-a-title-with-reedsy-s-title-generator-then-/,,,4,20.0,16.25,11.0,31.0,0.3548387096774194,0.3548387096774194
H2,all-MiniLM-L12-v2,294::https://blog.reedsy.com/creative-writing-prompts/short-story/create-a-title-with-reedsy-s-title-generator-then-/,,,5,20.0,16.0,11.0,31.0,0.3548387096774194,0.3548387096774194
H2,all-MiniLM-L12-v2,294::https://blog.reedsy.com/creative-writing-prompts/short-story/create-a-title-with-reedsy-s-title-generator-then-/,,,6,31.0,18.5,11.0,31.0,0.3548387096774194,0.3548387096774194
H2,all-MiniLM-L12-v2,294::https://blog.reedsy.com/creative-writing-prompts/short-story/create-a-title-with-reedsy-s-title-generator-then-/,,,7,31.0,18.428571428571427,11.0,31.0,0.3548387096774194,0.3548387096774194
H2,all-MiniLM-L12-v2,294::https://blog.reedsy.com/creative-writing-prompts/short-story/write-a-story-in-the-form-of-a-letter-or-several-l/,,,1,16.0,16.0,16.0,26.0,0.6153846153846154,0.6153846153846154
H2,all-MiniLM-L12-v2,294::https://blog.reedsy.com/creative-writing-prompts/short-story/write-a-story-in-the-form-of-a-letter-or-several-l/,,,2,16.0,16.0,16.0,26.0,0.6153846153846154,0.6153846153846154
H2,all-MiniLM-L12-v2,294::https://blog.reedsy.com/creative-writing-prompts/short-story/write-a-story-in-the-form-of-a-letter-or-several-l/,,,3,18.0,16.666666666666668,16.0,26.0,0.6153846153846154,0.6153846153846154
H2,all-MiniLM-L12-v2,294::https://blog.reedsy.com/creative-writing-prompts/short-story/write-a-story-in-the-form-of-a-letter-or-several-l/,,,4,18.0,15.5,12.0,26.0,0.6153846153846154,0.6153846153846154
H2,all-MiniLM-L12-v2,294::https://blog.reedsy.com/creative-writing-prompts/short-story/write-a-story-in-the-form-of-a-letter-or-several-l/,,,5,18.0,14.8,12.0,26.0,0.6153846153846154,0.6153846153846154
H2,all-MiniLM-L12-v2,294::https://blog.reedsy.com/creative-writing-prompts/short-story/write-a-story-in-the-form-of-a-letter-or-several-l/,,,6,18.0,15.333333333333334,12.0,26.0,0.6153846153846154,0.6153846153846154
H2,all-MiniLM-L12-v2,294::https://blog.reedsy.com/creative-writing-prompts/short-story/write-a-story-in-the-form-of-a-letter-or-several-l/,,,7,26.0,16.857142857142858,12.0,26.0,0.6153846153846154,0.6153846153846154
H2,all-MiniLM-L12-v2,294::https://blog.reedsy.com/creative-writing-prompts/drama/center-your-story-around-someone-who-s-at-a-loss-f/,,,1,21.0,21.0,21.0,44.0,0.4772727272727273,0.4772727272727273
H2,all-MiniLM-L12-v2,294::https://blog.reedsy.com/creative-writing-prompts/drama/center-your-story-around-someone-who-s-at-a-loss-f/,,,2,21.0,16.0,11.0,44.0,0.4772727272727273,0.4772727272727273
H2,all-MiniLM-L12-v2,294::https://blog.reedsy.com/creative-writing-prompts/drama/center-your-story-around-someone-who-s-at-a-loss-f/,,,3,21.0,17.0,11.0,44.0,0.4772727272727273,0.4772727272727273
H2,all-MiniLM-L12-v2,294::https://blog.reedsy.com/creative-writing-prompts/drama/center-your-story-around-someone-who-s-at-a-loss-f/,,,4,32.0,20.75,11.0,44.0,0.4772727272727273,0.4772727272727273
H2,all-MiniLM-L12-v2,294::https://blog.reedsy.com/creative-writing-prompts/drama/center-your-story-around-someone-who-s-at-a-loss-f/,,,5,32.0,20.6,11.0,44.0,0.4772727272727273,0.4772727272727273
H2,all-MiniLM-L12-v2,294::https://blog.reedsy.com/creative-writing-prompts/drama/center-your-story-around-someone-who-s-at-a-loss-f/,,,6,32.0,19.0,11.0,44.0,0.4772727272727273,0.4772727272727273
H2,all-MiniLM-L12-v2,294::https://blog.reedsy.com/creative-writing-prompts/drama/center-your-story-around-someone-who-s-at-a-loss-f/,,,7,32.0,18.285714285714285,11.0,44.0,0.4772727272727273,0.4772727272727273
H2,all-MiniLM-L12-v2,294::https://blog.reedsy.com/creative-writing-prompts/dialogue/write-a-story-with-the-line-i-didn-t-mean-that-or-/,,,1,22.0,22.0,22.0,33.0,0.6666666666666666,0.6666666666666666
H2,all-MiniLM-L12-v2,294::https://blog.reedsy.com/creative-writing-prompts/dialogue/write-a-story-with-the-line-i-didn-t-mean-that-or-/,,,2,22.0,21.5,21.0,33.0,0.6666666666666666,0.6666666666666666
H2,all-MiniLM-L12-v2,294::https://blog.reedsy.com/creative-writing-prompts/dialogue/write-a-story-with-the-line-i-didn-t-mean-that-or-/,,,3,22.0,19.0,14.0,33.0,0.6666666666666666,0.6666666666666666
H2,all-MiniLM-L12-v2,294::https://blog.reedsy.com/creative-writing-prompts/dialogue/write-a-story-with-the-line-i-didn-t-mean-that-or-/,,,4,28.0,21.25,14.0,33.0,0.6666666666666666,0.6666666666666666
H2,all-MiniLM-L12-v2,294::https://blog.reedsy.com/creative-writing-prompts/dialogue/write-a-story-with-the-line-i-didn-t-mean-that-or-/,,,5,33.0,23.6,14.0,33.0,0.6666666666666666,0.6666666666666666
H2,all-MiniLM-L12-v2,294::https://blog.reedsy.com/creative-writing-prompts/dialogue/write-a-story-with-the-line-i-didn-t-mean-that-or-/,,,6,33.0,22.166666666666668,14.0,33.0,0.6666666666666666,0.6666666666666666
H2,all-MiniLM-L12-v2,294::https://blog.reedsy.com/creative-writing-prompts/dialogue/write-a-story-with-the-line-i-didn-t-mean-that-or-/,,,7,33.0,23.285714285714285,14.0,33.0,0.6666666666666666,0.6666666666666666
H2,all-MiniLM-L12-v2,309::https://blog.reedsy.com/creative-writing-prompts/drama/write-a-story-that-includes-the-line-do-i-know-you/,,,1,14.0,14.0,14.0,30.0,0.4666666666666667,0.4666666666666667
H2,all-MiniLM-L12-v2,309::https://blog.reedsy.com/creative-writing-prompts/drama/write-a-story-that-includes-the-line-do-i-know-you/,,,2,14.0,13.0,12.0,30.0,0.4666666666666667,0.4666666666666667
H2,all-MiniLM-L12-v2,309::https://blog.reedsy.com/creative-writing-prompts/drama/write-a-story-that-includes-the-line-do-i-know-you/,,,3,14.0,12.333333333333334,11.0,30.0,0.4666666666666667,0.4666666666666667
H2,all-MiniLM-L12-v2,309::https://blog.reedsy.com/creative-writing-prompts/drama/write-a-story-that-includes-the-line-do-i-know-you/,,,4,14.0,12.0,11.0,30.0,0.4666666666666667,0.4666666666666667
H2,all-MiniLM-L12-v2,309::https://blog.reedsy.com/creative-writing-prompts/drama/write-a-story-that-includes-the-line-do-i-know-you/,,,5,14.0,12.4,11.0,30.0,0.4666666666666667,0.4666666666666667
H2,all-MiniLM-L12-v2,309::https://blog.reedsy.com/creative-writing-prompts/drama/write-a-story-that-includes-the-line-do-i-know-you/,,,6,14.0,12.333333333333334,11.0,30.0,0.4666666666666667,0.4666666666666667
H2,all-MiniLM-L12-v2,309::https://blog.reedsy.com/creative-writing-prompts/drama/write-a-story-that-includes-the-line-do-i-know-you/,,,7,16.0,12.857142857142858,11.0,30.0,0.4666666666666667,0.4666666666666667
H2,all-MiniLM-L12-v2,309::https://blog.reedsy.com/creative-writing-prompts/short-story/start-or-end-your-story-with-a-character-making-fo/,,,1,17.0,17.0,17.0,21.0,0.8095238095238095,0.8095238095238095
H2,all-MiniLM-L12-v2,309::https://blog.reedsy.com/creative-writing-prompts/short-story/start-or-end-your-story-with-a-character-making-fo/,,,2,17.0,15.5,14.0,21.0,0.8095238095238095,0.8095238095238095
H2,all-MiniLM-L12-v2,309::https://blog.reedsy.com/creative-writing-prompts/short-story/start-or-end-your-story-with-a-character-making-fo/,,,3,17.0,14.0,11.0,21.0,0.8095238095238095,0.8095238095238095
H2,all-MiniLM-L12-v2,309::https://blog.reedsy.com/creative-writing-prompts/short-story/start-or-end-your-story-with-a-character-making-fo/,,,4,21.0,15.75,11.0,21.0,0.8095238095238095,0.8095238095238095
H2,all-MiniLM-L12-v2,309::https://blog.reedsy.com/creative-writing-prompts/short-story/start-or-end-your-story-with-a-character-making-fo/,,,5,21.0,15.0,11.0,21.0,0.8095238095238095,0.8095238095238095
H2,all-MiniLM-L12-v2,309::https://blog.reedsy.com/creative-writing-prompts/short-story/start-or-end-your-story-with-a-character-making-fo/,,,6,21.0,14.5,11.0,21.0,0.8095238095238095,0.8095238095238095
H2,all-MiniLM-L12-v2,309::https://blog.reedsy.com/creative-writing-prompts/short-story/start-or-end-your-story-with-a-character-making-fo/,,,7,21.0,15.0,11.0,21.0,0.8095238095238095,0.8095238095238095
H2,all-MiniLM-L12-v2,309::https://blog.reedsy.com/creative-writing-prompts/character/center-your-story-around-a-character-who-yearns-fo/,,,1,28.0,28.0,28.0,59.0,0.4745762711864407,0.4745762711864407
H2,all-MiniLM-L12-v2,309::https://blog.reedsy.com/creative-writing-prompts/character/center-your-story-around-a-character-who-yearns-fo/,,,2,28.0,19.5,11.0,59.0,0.4745762711864407,0.4745762711864407
H2,all-MiniLM-L12-v2,309::https://blog.reedsy.com/creative-writing-prompts/character/center-your-story-around-a-character-who-yearns-fo/,,,3,28.0,18.0,11.0,59.0,0.4745762711864407,0.4745762711864407
H2,all-MiniLM-L12-v2,309::https://blog.reedsy.com/creative-writing-prompts/character/center-your-story-around-a-character-who-yearns-fo/,,,4,28.0,20.0,11.0,59.0,0.4745762711864407,0.4745762711864407
H2,all-MiniLM-L12-v2,309::https://blog.reedsy.com/creative-writing-prompts/character/center-your-story-around-a-character-who-yearns-fo/,,,5,28.0,18.2,11.0,59.0,0.4745762711864407,0.4745762711864407
H2,all-MiniLM-L12-v2,309::https://blog.reedsy.com/creative-writing-prompts/character/center-your-story-around-a-character-who-yearns-fo/,,,6,28.0,18.833333333333332,11.0,59.0,0.4745762711864407,0.4745762711864407
H2,all-MiniLM-L12-v2,309::https://blog.reedsy.com/creative-writing-prompts/character/center-your-story-around-a-character-who-yearns-fo/,,,7,28.0,17.857142857142858,11.0,59.0,0.4745762711864407,0.4745762711864407
H2,all-MiniLM-L12-v2,309::https://blog.reedsy.com/creative-writing-prompts/short-story/write-a-story-with-a-person-s-name-in-the-title/,,,1,13.0,13.0,13.0,37.0,0.35135135135135137,0.35135135135135137
H2,all-MiniLM-L12-v2,309::https://blog.reedsy.com/creative-writing-prompts/short-story/write-a-story-with-a-person-s-name-in-the-title/,,,2,13.0,13.0,13.0,37.0,0.35135135135135137,0.35135135135135137
H2,all-MiniLM-L12-v2,309::https://blog.reedsy.com/creative-writing-prompts/short-story/write-a-story-with-a-person-s-name-in-the-title/,,,3,14.0,13.333333333333334,13.0,37.0,0.35135135135135137,0.35135135135135137
H2,all-MiniLM-L12-v2,309::https://blog.reedsy.com/creative-writing-prompts/short-story/write-a-story-with-a-person-s-name-in-the-title/,,,4,14.0,13.25,13.0,37.0,0.35135135135135137,0.35135135135135137
H2,all-MiniLM-L12-v2,309::https://blog.reedsy.com/creative-writing-prompts/short-story/write-a-story-with-a-person-s-name-in-the-title/,,,5,14.0,13.4,13.0,37.0,0.35135135135135137,0.35135135135135137
H2,all-MiniLM-L12-v2,309::https://blog.reedsy.com/creative-writing-prompts/short-story/write-a-story-with-a-person-s-name-in-the-title/,,,6,18.0,14.166666666666666,13.0,37.0,0.35135135135135137,0.35135135135135137
H2,all-MiniLM-L12-v2,309::https://blog.reedsy.com/creative-writing-prompts/short-story/write-a-story-with-a-person-s-name-in-the-title/,,,7,18.0,14.0,13.0,37.0,0.35135135135135137,0.35135135135135137
H2,all-MiniLM-L12-v2,309::https://blog.reedsy.com/creative-writing-prompts/drama/center-your-story-around-two-characters-who-like-e/,,,1,28.0,28.0,28.0,28.0,1.0,1.0
H2,all-MiniLM-L12-v2,309::https://blog.reedsy.com/creative-writing-prompts/drama/center-your-story-around-two-characters-who-like-e/,,,2,28.0,20.5,13.0,28.0,1.0,1.0
H2,all-MiniLM-L12-v2,309::https://blog.reedsy.com/creative-writing-prompts/drama/center-your-story-around-two-characters-who-like-e/,,,3,28.0,18.333333333333332,13.0,28.0,1.0,1.0
H2,all-MiniLM-L12-v2,309::https://blog.reedsy.com/creative-writing-prompts/drama/center-your-story-around-two-characters-who-like-e/,,,4,28.0,18.75,13.0,28.0,1.0,1.0
H2,all-MiniLM-L12-v2,309::https://blog.reedsy.com/creative-writing-prompts/drama/center-your-story-around-two-characters-who-like-e/,,,5,28.0,18.2,13.0,28.0,1.0,1.0
H2,all-MiniLM-L12-v2,309::https://blog.reedsy.com/creative-writing-prompts/drama/center-your-story-around-two-characters-who-like-e/,,,6,28.0,17.833333333333332,13.0,28.0,1.0,1.0
H2,all-MiniLM-L12-v2,309::https://blog.reedsy.com/creative-writing-prompts/drama/center-your-story-around-two-characters-who-like-e/,,,7,28.0,16.857142857142858,11.0,28.0,1.0,1.0
H2,all-MiniLM-L12-v2,316::https://blog.reedsy.com/creative-writing-prompts/drama/write-a-story-where-a-character-s-true-identity-or/,,,1,11.0,11.0,11.0,23.0,0.4782608695652174,0.4782608695652174
H2,all-MiniLM-L12-v2,316::https://blog.reedsy.com/creative-writing-prompts/drama/write-a-story-where-a-character-s-true-identity-or/,,,2,19.0,15.0,11.0,23.0,0.4782608695652174,0.4782608695652174
H2,all-MiniLM-L12-v2,316::https://blog.reedsy.com/creative-writing-prompts/drama/write-a-story-where-a-character-s-true-identity-or/,,,3,23.0,17.666666666666668,11.0,23.0,0.4782608695652174,0.4782608695652174
H2,all-MiniLM-L12-v2,316::https://blog.reedsy.com/creative-writing-prompts/drama/write-a-story-where-a-character-s-true-identity-or/,,,4,23.0,17.25,11.0,23.0,0.4782608695652174,0.4782608695652174
H2,all-MiniLM-L12-v2,316::https://blog.reedsy.com/creative-writing-prompts/drama/write-a-story-where-a-character-s-true-identity-or/,,,5,23.0,16.4,11.0,23.0,0.4782608695652174,0.4782608695652174
H2,all-MiniLM-L12-v2,316::https://blog.reedsy.com/creative-writing-prompts/drama/write-a-story-where-a-character-s-true-identity-or/,,,6,23.0,15.5,11.0,23.0,0.4782608695652174,0.4782608695652174
H2,all-MiniLM-L12-v2,316::https://blog.reedsy.com/creative-writing-prompts/drama/write-a-story-where-a-character-s-true-identity-or/,,,7,23.0,15.285714285714286,11.0,23.0,0.4782608695652174,0.4782608695652174
H2,all-MiniLM-L12-v2,316::https://blog.reedsy.com/creative-writing-prompts/short-story/include-the-word-hero-mask-or-truth-in-your-story-/,,,1,15.0,15.0,15.0,47.0,0.3191489361702128,0.3191489361702128
H2,all-MiniLM-L12-v2,316::https://blog.reedsy.com/creative-writing-prompts/short-story/include-the-word-hero-mask-or-truth-in-your-story-/,,,2,15.0,13.5,12.0,47.0,0.3191489361702128,0.3191489361702128
H2,all-MiniLM-L12-v2,316::https://blog.reedsy.com/creative-writing-prompts/short-story/include-the-word-hero-mask-or-truth-in-your-story-/,,,3,15.0,13.666666666666666,12.0,47.0,0.3191489361702128,0.3191489361702128
H2,all-MiniLM-L12-v2,316::https://blog.reedsy.com/creative-writing-prompts/short-story/include-the-word-hero-mask-or-truth-in-your-story-/,,,4,15.0,13.0,11.0,47.0,0.3191489361702128,0.3191489361702128
H2,all-MiniLM-L12-v2,316::https://blog.reedsy.com/creative-writing-prompts/short-story/include-the-word-hero-mask-or-truth-in-your-story-/,,,5,20.0,14.4,11.0,47.0,0.3191489361702128,0.3191489361702128
H2,all-MiniLM-L12-v2,316::https://blog.reedsy.com/creative-writing-prompts/short-story/include-the-word-hero-mask-or-truth-in-your-story-/,,,6,20.0,14.333333333333334,11.0,47.0,0.3191489361702128,0.3191489361702128
H2,all-MiniLM-L12-v2,316::https://blog.reedsy.com/creative-writing-prompts/short-story/include-the-word-hero-mask-or-truth-in-your-story-/,,,7,47.0,19.0,11.0,47.0,0.3191489361702128,0.3191489361702128
H2,all-MiniLM-L12-v2,316::https://blog.reedsy.com/creative-writing-prompts/drama/write-a-story-from-the-pov-of-someone-who-s-hiding/,,,1,11.0,11.0,11.0,23.0,0.4782608695652174,0.4782608695652174
H2,all-MiniLM-L12-v2,316::https://blog.reedsy.com/creative-writing-prompts/drama/write-a-story-from-the-pov-of-someone-who-s-hiding/,,,2,12.0,11.5,11.0,23.0,0.4782608695652174,0.4782608695652174
H2,all-MiniLM-L12-v2,316::https://blog.reedsy.com/creative-writing-prompts/drama/write-a-story-from-the-pov-of-someone-who-s-hiding/,,,3,12.0,11.666666666666666,11.0,23.0,0.4782608695652174,0.4782608695652174
H2,all-MiniLM-L12-v2,316::https://blog.reedsy.com/creative-writing-prompts/drama/write-a-story-from-the-pov-of-someone-who-s-hiding/,,,4,12.0,11.5,11.0,23.0,0.4782608695652174,0.4782608695652174
H2,all-MiniLM-L12-v2,316::https://blog.reedsy.com/creative-writing-prompts/drama/write-a-story-from-the-pov-of-someone-who-s-hiding/,,,5,21.0,13.4,11.0,23.0,0.4782608695652174,0.4782608695652174
H2,all-MiniLM-L12-v2,316::https://blog.reedsy.com/creative-writing-prompts/drama/write-a-story-from-the-pov-of-someone-who-s-hiding/,,,6,21.0,13.0,11.0,23.0,0.4782608695652174,0.4782608695652174
H2,all-MiniLM-L12-v2,316::https://blog.reedsy.com/creative-writing-prompts/drama/write-a-story-from-the-pov-of-someone-who-s-hiding/,,,7,21.0,13.142857142857142,11.0,23.0,0.4782608695652174,0.4782608695652174
H2,all-MiniLM-L12-v2,316::https://blog.reedsy.com/creative-writing-prompts/drama/center-your-story-around-someone-s-public-image-an/,,,1,20.0,20.0,20.0,20.0,1.0,1.0
H2,all-MiniLM-L12-v2,316::https://blog.reedsy.com/creative-writing-prompts/drama/center-your-story-around-someone-s-public-image-an/,,,2,20.0,15.5,11.0,20.0,1.0,1.0
H2,all-MiniLM-L12-v2,316::https://blog.reedsy.com/creative-writing-prompts/drama/center-your-story-around-someone-s-public-image-an/,,,3,20.0,17.0,11.0,20.0,1.0,1.0
H2,all-MiniLM-L12-v2,316::https://blog.reedsy.com/creative-writing-prompts/drama/center-your-story-around-someone-s-public-image-an/,,,4,20.0,16.75,11.0,20.0,1.0,1.0
H2,all-MiniLM-L12-v2,316::https://blog.reedsy.com/creative-writing-prompts/drama/center-your-story-around-someone-s-public-image-an/,,,5,20.0,16.6,11.0,20.0,1.0,1.0
H2,all-MiniLM-L12-v2,316::https://blog.reedsy.com/creative-writing-prompts/drama/center-your-story-around-someone-s-public-image-an/,,,6,20.0,17.0,11.0,20.0,1.0,1.0
H2,all-MiniLM-L12-v2,316::https://blog.reedsy.com/creative-writing-prompts/drama/center-your-story-around-someone-s-public-image-an/,,,7,20.0,16.142857142857142,11.0,20.0,1.0,1.0
H2,all-MiniLM-L12-v2,316::https://blog.reedsy.com/creative-writing-prompts/short-story/write-a-story-that-includes-the-line-can-you-keep-/,,,1,20.0,20.0,20.0,20.0,1.0,1.0
H2,all-MiniLM-L12-v2,316::https://blog.reedsy.com/creative-writing-prompts/short-story/write-a-story-that-includes-the-line-can-you-keep-/,,,2,20.0,16.0,12.0,20.0,1.0,1.0
H2,all-MiniLM-L12-v2,316::https://blog.reedsy.com/creative-writing-prompts/short-story/write-a-story-that-includes-the-line-can-you-keep-/,,,3,20.0,16.0,12.0,20.0,1.0,1.0
H2,all-MiniLM-L12-v2,316::https://blog.reedsy.com/creative-writing-prompts/short-story/write-a-story-that-includes-the-line-can-you-keep-/,,,4,20.0,16.5,12.0,20.0,1.0,1.0
H2,all-MiniLM-L12-v2,316::https://blog.reedsy.com/creative-writing-prompts/short-story/write-a-story-that-includes-the-line-can-you-keep-/,,,5,20.0,15.4,11.0,20.0,1.0,1.0
H2,all-MiniLM-L12-v2,316::https://blog.reedsy.com/creative-writing-prompts/short-story/write-a-story-that-includes-the-line-can-you-keep-/,,,6,20.0,15.166666666666666,11.0,20.0,1.0,1.0
H2,all-MiniLM-L12-v2,316::https://blog.reedsy.com/creative-writing-prompts/short-story/write-a-story-that-includes-the-line-can-you-keep-/,,,7,20.0,15.166666666666666,11.0,20.0,1.0,1.0
H2,all-MiniLM-L6-v2,291::https://blog.reedsy.com/creative-writing-prompts/short-story/write-a-story-inspired-by-the-ultimate-cliched-twi/,,,1,14.0,14.0,14.0,29.0,0.4827586206896552,0.4827586206896552
H2,all-MiniLM-L6-v2,291::https://blog.reedsy.com/creative-writing-prompts/short-story/write-a-story-inspired-by-the-ultimate-cliched-twi/,,,2,14.0,13.5,13.0,29.0,0.4827586206896552,0.4827586206896552
H2,all-MiniLM-L6-v2,291::https://blog.reedsy.com/creative-writing-prompts/short-story/write-a-story-inspired-by-the-ultimate-cliched-twi/,,,3,14.0,13.666666666666666,13.0,29.0,0.4827586206896552,0.4827586206896552
H2,all-MiniLM-L6-v2,291::https://blog.reedsy.com/creative-writing-prompts/short-story/write-a-story-inspired-by-the-ultimate-cliched-twi/,,,4,29.0,17.5,13.0,29.0,0.4827586206896552,0.4827586206896552
H2,all-MiniLM-L6-v2,291::https://blog.reedsy.com/creative-writing-prompts/short-story/write-a-story-inspired-by-the-ultimate-cliched-twi/,,,5,29.0,16.8,13.0,29.0,0.4827586206896552,0.4827586206896552
H2,all-MiniLM-L6-v2,291::https://blog.reedsy.com/creative-writing-prompts/short-story/write-a-story-inspired-by-the-ultimate-cliched-twi/,,,6,29.0,17.166666666666668,13.0,29.0,0.4827586206896552,0.4827586206896552
H2,all-MiniLM-L6-v2,291::https://blog.reedsy.com/creative-writing-prompts/short-story/write-a-story-inspired-by-the-ultimate-cliched-twi/,,,7,29.0,16.714285714285715,13.0,29.0,0.4827586206896552,0.4827586206896552
H2,all-MiniLM-L6-v2,291::https://blog.reedsy.com/creative-writing-prompts/angst/center-your-story-around-a-character-s-addiction-o/,,,1,28.0,28.0,28.0,40.0,0.7,0.7
H2,all-MiniLM-L6-v2,291::https://blog.reedsy.com/creative-writing-prompts/angst/center-your-story-around-a-character-s-addiction-o/,,,2,28.0,19.5,11.0,40.0,0.7,0.7
H2,all-MiniLM-L6-v2,291::https://blog.reedsy.com/creative-writing-prompts/angst/center-your-story-around-a-character-s-addiction-o/,,,3,28.0,18.0,11.0,40.0,0.7,0.7
H2,all-MiniLM-L6-v2,291::https://blog.reedsy.com/creative-writing-prompts/angst/center-your-story-around-a-character-s-addiction-o/,,,4,28.0,16.25,11.0,40.0,0.7,0.7
H2,all-MiniLM-L6-v2,291::https://blog.reedsy.com/creative-writing-prompts/angst/center-your-story-around-a-character-s-addiction-o/,,,5,40.0,21.0,11.0,40.0,0.7,0.7
H2,all-MiniLM-L6-v2,291::https://blog.reedsy.com/creative-writing-prompts/angst/center-your-story-around-a-character-s-addiction-o/,,,6,40.0,20.166666666666668,11.0,40.0,0.7,0.7
H2,all-MiniLM-L6-v2,291::https://blog.reedsy.com/creative-writing-prompts/angst/center-your-story-around-a-character-s-addiction-o/,,,7,40.0,19.428571428571427,11.0,40.0,0.7,0.7
H2,all-MiniLM-L6-v2,291::https://blog.reedsy.com/creative-writing-prompts/drama/write-a-story-that-keeps-a-key-detail-hidden-from-/,,,1,11.0,11.0,11.0,34.0,0.3235294117647059,0.3235294117647059
H2,all-MiniLM-L6-v2,291::https://blog.reedsy.com/creative-writing-prompts/drama/write-a-story-that-keeps-a-key-detail-hidden-from-/,,,2,14.0,12.5,11.0,34.0,0.3235294117647059,0.3235294117647059
H2,all-MiniLM-L6-v2,291::https://blog.reedsy.com/creative-writing-prompts/drama/write-a-story-that-keeps-a-key-detail-hidden-from-/,,,3,34.0,19.666666666666668,11.0,34.0,0.3235294117647059,0.3235294117647059
H2,all-MiniLM-L6-v2,291::https://blog.reedsy.com/creative-writing-prompts/drama/write-a-story-that-keeps-a-key-detail-hidden-from-/,,,4,34.0,17.75,11.0,34.0,0.3235294117647059,0.3235294117647059
H2,all-MiniLM-L6-v2,291::https://blog.reedsy.com/creative-writing-prompts/drama/write-a-story-that-keeps-a-key-detail-hidden-from-/,,,5,34.0,17.4,11.0,34.0,0.3235294117647059,0.3235294117647059
H2,all-MiniLM-L6-v2,291::https://blog.reedsy.com/creative-writing-prompts/drama/write-a-story-that-keeps-a-key-detail-hidden-from-/,,,6,34.0,16.333333333333332,11.0,34.0,0.3235294117647059,0.3235294117647059
H2,all-MiniLM-L6-v2,291::https://blog.reedsy.com/creative-writing-prompts/drama/write-a-story-that-keeps-a-key-detail-hidden-from-/,,,7,34.0,16.142857142857142,11.0,34.0,0.3235294117647059,0.3235294117647059
H2,all-MiniLM-L6-v2,291::https://blog.reedsy.com/creative-writing-prompts/drama/center-your-story-around-a-character-who-successfu/,,,1,29.0,29.0,29.0,29.0,1.0,1.0
H2,all-MiniLM-L6-v2,291::https://blog.reedsy.com/creative-writing-prompts/drama/center-your-story-around-a-character-who-successfu/,,,2,29.0,20.5,12.0,29.0,1.0,1.0
H2,all-MiniLM-L6-v2,291::https://blog.reedsy.com/creative-writing-prompts/drama/center-your-story-around-a-character-who-successfu/,,,3,29.0,17.666666666666668,12.0,29.0,1.0,1.0
H2,all-MiniLM-L6-v2,291::https://blog.reedsy.com/creative-writing-prompts/drama/center-your-story-around-a-character-who-successfu/,,,4,29.0,16.0,11.0,29.0,1.0,1.0
H2,all-MiniLM-L6-v2,291::https://blog.reedsy.com/creative-writing-prompts/drama/center-your-story-around-a-character-who-successfu/,,,5,29.0,15.0,11.0,29.0,1.0,1.0
H2,all-MiniLM-L6-v2,291::https://blog.reedsy.com/creative-writing-prompts/drama/center-your-story-around-a-character-who-successfu/,,,6,29.0,14.333333333333334,11.0,29.0,1.0,1.0
H2,all-MiniLM-L6-v2,291::https://blog.reedsy.com/creative-writing-prompts/drama/center-your-story-around-a-character-who-successfu/,,,7,29.0,14.285714285714286,11.0,29.0,1.0,1.0
H2,all-MiniLM-L6-v2,291::https://blog.reedsy.com/creative-writing-prompts/short-story/write-a-story-with-a-huge-surprise-either-in-the-m/,,,1,12.0,12.0,12.0,41.0,0.2926829268292683,0.2926829268292683
H2,all-MiniLM-L6-v2,291::https://blog.reedsy.com/creative-writing-prompts/short-story/write-a-story-with-a-huge-surprise-either-in-the-m/,,,2,25.0,18.5,12.0,41.0,0.2926829268292683,0.2926829268292683
H2,all-MiniLM-L6-v2,291::https://blog.reedsy.com/creative-writing-prompts/short-story/write-a-story-with-a-huge-surprise-either-in-the-m/,,,3,25.0,17.0,12.0,41.0,0.2926829268292683,0.2926829268292683
H2,all-MiniLM-L6-v2,291::https://blog.reedsy.com/creative-writing-prompts/short-story/write-a-story-with-a-huge-surprise-either-in-the-m/,,,4,25.0,15.75,12.0,41.0,0.2926829268292683,0.2926829268292683
H2,all-MiniLM-L6-v2,291::https://blog.reedsy.com/creative-writing-prompts/short-story/write-a-story-with-a-huge-surprise-either-in-the-m/,,,5,25.0,15.8,12.0,41.0,0.2926829268292683,0.2926829268292683
H2,all-MiniLM-L6-v2,291::https://blog.reedsy.com/creative-writing-prompts/short-story/write-a-story-with-a-huge-surprise-either-in-the-m/,,,6,25.0,15.0,11.0,41.0,0.2926829268292683,0.2926829268292683
H2,all-MiniLM-L6-v2,291::https://blog.reedsy.com/creative-writing-prompts/short-story/write-a-story-with-a-huge-surprise-either-in-the-m/,,,7,25.0,15.0,11.0,41.0,0.2926829268292683,0.2926829268292683
H2,all-MiniLM-L6-v2,294::https://blog.reedsy.com/creative-writing-prompts/short-story/write-a-story-in-which-the-first-and-last-sentence/,,,1,28.0,28.0,28.0,35.0,0.8,0.8
H2,all-MiniLM-L6-v2,294::https://blog.reedsy.com/creative-writing-prompts/short-story/write-a-story-in-which-the-first-and-last-sentence/,,,2,28.0,20.0,12.0,35.0,0.8,0.8
H2,all-MiniLM-L6-v2,294::https://blog.reedsy.com/creative-writing-prompts/short-story/write-a-story-in-which-the-first-and-last-sentence/,,,3,28.0,18.333333333333332,12.0,35.0,0.8,0.8
H2,all-MiniLM-L6-v2,294::https://blog.reedsy.com/creative-writing-prompts/short-story/write-a-story-in-which-the-first-and-last-sentence/,,,4,28.0,18.25,12.0,35.0,0.8,0.8
H2,all-MiniLM-L6-v2,294::https://blog.reedsy.com/creative-writing-prompts/short-story/write-a-story-in-which-the-first-and-last-sentence/,,,5,35.0,21.6,12.0,35.0,0.8,0.8
H2,all-MiniLM-L6-v2,294::https://blog.reedsy.com/creative-writing-prompts/short-story/write-a-story-in-which-the-first-and-last-sentence/,,,6,35.0,20.5,12.0,35.0,0.8,0.8
H2,all-MiniLM-L6-v2,294::https://blog.reedsy.com/creative-writing-prompts/short-story/write-a-story-in-which-the-first-and-last-sentence/,,,7,35.0,20.142857142857142,12.0,35.0,0.8,0.8
H2,all-MiniLM-L6-v2,294::https://blog.reedsy.com/creative-writing-prompts/short-story/create-a-title-with-reedsy-s-title-generator-then-/,,,1,11.0,11.0,11.0,31.0,0.3548387096774194,0.3548387096774194
H2,all-MiniLM-L6-v2,294::https://blog.reedsy.com/creative-writing-prompts/short-story/create-a-title-with-reedsy-s-title-generator-then-/,,,2,15.0,13.0,11.0,31.0,0.3548387096774194,0.3548387096774194
H2,all-MiniLM-L6-v2,294::https://blog.reedsy.com/creative-writing-prompts/short-story/create-a-title-with-reedsy-s-title-generator-then-/,,,3,16.0,14.0,11.0,31.0,0.3548387096774194,0.3548387096774194
H2,all-MiniLM-L6-v2,294::https://blog.reedsy.com/creative-writing-prompts/short-story/create-a-title-with-reedsy-s-title-generator-then-/,,,4,20.0,15.5,11.0,31.0,0.3548387096774194,0.3548387096774194
H2,all-MiniLM-L6-v2,294::https://blog.reedsy.com/creative-writing-prompts/short-story/create-a-title-with-reedsy-s-title-generator-then-/,,,5,20.0,16.0,11.0,31.0,0.3548387096774194,0.3548387096774194
H2,all-MiniLM-L6-v2,294::https://blog.reedsy.com/creative-writing-prompts/short-story/create-a-title-with-reedsy-s-title-generator-then-/,,,6,20.0,16.333333333333332,11.0,31.0,0.3548387096774194,0.3548387096774194
H2,all-MiniLM-L6-v2,294::https://blog.reedsy.com/creative-writing-prompts/short-story/create-a-title-with-reedsy-s-title-generator-then-/,,,7,31.0,18.428571428571427,11.0,31.0,0.3548387096774194,0.3548387096774194
H2,all-MiniLM-L6-v2,294::https://blog.reedsy.com/creative-writing-prompts/short-story/write-a-story-in-the-form-of-a-letter-or-several-l/,,,1,12.0,12.0,12.0,26.0,0.46153846153846156,0.46153846153846156
H2,all-MiniLM-L6-v2,294::https://blog.reedsy.com/creative-writing-prompts/short-story/write-a-story-in-the-form-of-a-letter-or-several-l/,,,2,16.0,14.0,12.0,26.0,0.46153846153846156,0.46153846153846156
H2,all-MiniLM-L6-v2,294::https://blog.reedsy.com/creative-writing-prompts/short-story/write-a-story-in-the-form-of-a-letter-or-several-l/,,,3,16.0,14.666666666666666,12.0,26.0,0.46153846153846156,0.46153846153846156
H2,all-MiniLM-L6-v2,294::https://blog.reedsy.com/creative-writing-prompts/short-story/write-a-story-in-the-form-of-a-letter-or-several-l/,,,4,16.0,13.75,11.0,26.0,0.46153846153846156,0.46153846153846156
H2,all-MiniLM-L6-v2,294::https://blog.reedsy.com/creative-writing-prompts/short-story/write-a-story-in-the-form-of-a-letter-or-several-l/,,,5,18.0,14.6,11.0,26.0,0.46153846153846156,0.46153846153846156
H2,all-MiniLM-L6-v2,294::https://blog.reedsy.com/creative-writing-prompts/short-story/write-a-story-in-the-form-of-a-letter-or-several-l/,,,6,18.0,15.166666666666666,11.0,26.0,0.46153846153846156,0.46153846153846156
H2,all-MiniLM-L6-v2,294::https://blog.reedsy.com/creative-writing-prompts/short-story/write-a-story-in-the-form-of-a-letter-or-several-l/,,,7,26.0,16.714285714285715,11.0,26.0,0.46153846153846156,0.46153846153846156
H2,all-MiniLM-L6-v2,294::https://blog.reedsy.com/creative-writing-prompts/drama/center-your-story-around-someone-who-s-at-a-loss-f/,,,1,32.0,32.0,32.0,44.0,0.7272727272727273,0.7272727272727273
H2,all-MiniLM-L6-v2,294::https://blog.reedsy.com/creative-writing-prompts/drama/center-your-story-around-someone-who-s-at-a-loss-f/,,,2,32.0,26.0,20.0,44.0,0.7272727272727273,0.7272727272727273
H2,all-MiniLM-L6-v2,294::https://blog.reedsy.com/creative-writing-prompts/drama/center-your-story-around-someone-who-s-at-a-loss-f/,,,3,32.0,24.333333333333332,20.0,44.0,0.7272727272727273,0.7272727272727273
H2,all-MiniLM-L6-v2,294::https://blog.reedsy.com/creative-writing-prompts/drama/center-your-story-around-someone-who-s-at-a-loss-f/,,,4,37.0,27.5,20.0,44.0,0.7272727272727273,0.7272727272727273
H2,all-MiniLM-L6-v2,294::https://blog.reedsy.com/creative-writing-prompts/drama/center-your-story-around-someone-who-s-at-a-loss-f/,,,5,37.0,24.2,11.0,44.0,0.7272727272727273,0.7272727272727273
H2,all-MiniLM-L6-v2,294::https://blog.reedsy.com/creative-writing-prompts/drama/center-your-story-around-someone-who-s-at-a-loss-f/,,,6,37.0,22.166666666666668,11.0,44.0,0.7272727272727273,0.7272727272727273
H2,all-MiniLM-L6-v2,294::https://blog.reedsy.com/creative-writing-prompts/drama/center-your-story-around-someone-who-s-at-a-loss-f/,,,7,37.0,20.571428571428573,11.0,44.0,0.7272727272727273,0.7272727272727273
H2,all-MiniLM-L6-v2,294::https://blog.reedsy.com/creative-writing-prompts/dialogue/write-a-story-with-the-line-i-didn-t-mean-that-or-/,,,1,21.0,21.0,21.0,33.0,0.6363636363636364,0.6363636363636364
H2,all-MiniLM-L6-v2,294::https://blog.reedsy.com/creative-writing-prompts/dialogue/write-a-story-with-the-line-i-didn-t-mean-that-or-/,,,2,28.0,24.5,21.0,33.0,0.6363636363636364,0.6363636363636364
H2,all-MiniLM-L6-v2,294::https://blog.reedsy.com/creative-writing-prompts/dialogue/write-a-story-with-the-line-i-didn-t-mean-that-or-/,,,3,28.0,21.333333333333332,15.0,33.0,0.6363636363636364,0.6363636363636364
H2,all-MiniLM-L6-v2,294::https://blog.reedsy.com/creative-writing-prompts/dialogue/write-a-story-with-the-line-i-didn-t-mean-that-or-/,,,4,28.0,21.5,15.0,33.0,0.6363636363636364,0.6363636363636364
H2,all-MiniLM-L6-v2,294::https://blog.reedsy.com/creative-writing-prompts/dialogue/write-a-story-with-the-line-i-didn-t-mean-that-or-/,,,5,33.0,23.8,15.0,33.0,0.6363636363636364,0.6363636363636364
H2,all-MiniLM-L6-v2,294::https://blog.reedsy.com/creative-writing-prompts/dialogue/write-a-story-with-the-line-i-didn-t-mean-that-or-/,,,6,33.0,24.833333333333332,15.0,33.0,0.6363636363636364,0.6363636363636364
H2,all-MiniLM-L6-v2,294::https://blog.reedsy.com/creative-writing-prompts/dialogue/write-a-story-with-the-line-i-didn-t-mean-that-or-/,,,7,33.0,23.285714285714285,14.0,33.0,0.6363636363636364,0.6363636363636364
H2,all-MiniLM-L6-v2,309::https://blog.reedsy.com/creative-writing-prompts/drama/write-a-story-that-includes-the-line-do-i-know-you/,,,1,14.0,14.0,14.0,30.0,0.4666666666666667,0.4666666666666667
H2,all-MiniLM-L6-v2,309::https://blog.reedsy.com/creative-writing-prompts/drama/write-a-story-that-includes-the-line-do-i-know-you/,,,2,14.0,12.5,11.0,30.0,0.4666666666666667,0.4666666666666667
H2,all-MiniLM-L6-v2,309::https://blog.reedsy.com/creative-writing-prompts/drama/write-a-story-that-includes-the-line-do-i-know-you/,,,3,15.0,13.333333333333334,11.0,30.0,0.4666666666666667,0.4666666666666667
H2,all-MiniLM-L6-v2,309::https://blog.reedsy.com/creative-writing-prompts/drama/write-a-story-that-includes-the-line-do-i-know-you/,,,4,17.0,14.25,11.0,30.0,0.4666666666666667,0.4666666666666667
H2,all-MiniLM-L6-v2,309::https://blog.reedsy.com/creative-writing-prompts/drama/write-a-story-that-includes-the-line-do-i-know-you/,,,5,17.0,13.8,11.0,30.0,0.4666666666666667,0.4666666666666667
H2,all-MiniLM-L6-v2,309::https://blog.reedsy.com/creative-writing-prompts/drama/write-a-story-that-includes-the-line-do-i-know-you/,,,6,17.0,13.333333333333334,11.0,30.0,0.4666666666666667,0.4666666666666667
H2,all-MiniLM-L6-v2,309::https://blog.reedsy.com/creative-writing-prompts/drama/write-a-story-that-includes-the-line-do-i-know-you/,,,7,17.0,13.714285714285714,11.0,30.0,0.4666666666666667,0.4666666666666667
H2,all-MiniLM-L6-v2,309::https://blog.reedsy.com/creative-writing-prompts/short-story/start-or-end-your-story-with-a-character-making-fo/,,,1,12.0,12.0,12.0,21.0,0.5714285714285714,0.5714285714285714
H2,all-MiniLM-L6-v2,309::https://blog.reedsy.com/creative-writing-prompts/short-story/start-or-end-your-story-with-a-character-making-fo/,,,2,12.0,11.5,11.0,21.0,0.5714285714285714,0.5714285714285714
H2,all-MiniLM-L6-v2,309::https://blog.reedsy.com/creative-writing-prompts/short-story/start-or-end-your-story-with-a-character-making-fo/,,,3,13.0,12.0,11.0,21.0,0.5714285714285714,0.5714285714285714
H2,all-MiniLM-L6-v2,309::https://blog.reedsy.com/creative-writing-prompts/short-story/start-or-end-your-story-with-a-character-making-fo/,,,4,13.0,11.75,11.0,21.0,0.5714285714285714,0.5714285714285714
H2,all-MiniLM-L6-v2,309::https://blog.reedsy.com/creative-writing-prompts/short-story/start-or-end-your-story-with-a-character-making-fo/,,,5,21.0,13.6,11.0,21.0,0.5714285714285714,0.5714285714285714
H2,all-MiniLM-L6-v2,309::https://blog.reedsy.com/creative-writing-prompts/short-story/start-or-end-your-story-with-a-character-making-fo/,,,6,21.0,13.166666666666666,11.0,21.0,0.5714285714285714,0.5714285714285714
H2,all-MiniLM-L6-v2,309::https://blog.reedsy.com/creative-writing-prompts/short-story/start-or-end-your-story-with-a-character-making-fo/,,,7,21.0,13.285714285714286,11.0,21.0,0.5714285714285714,0.5714285714285714
H2,all-MiniLM-L6-v2,309::https://blog.reedsy.com/creative-writing-prompts/character/center-your-story-around-a-character-who-yearns-fo/,,,1,11.0,11.0,11.0,59.0,0.1864406779661017,0.1864406779661017
H2,all-MiniLM-L6-v2,309::https://blog.reedsy.com/creative-writing-prompts/character/center-your-story-around-a-character-who-yearns-fo/,,,2,26.0,18.5,11.0,59.0,0.1864406779661017,0.1864406779661017
H2,all-MiniLM-L6-v2,309::https://blog.reedsy.com/creative-writing-prompts/character/center-your-story-around-a-character-who-yearns-fo/,,,3,28.0,21.666666666666668,11.0,59.0,0.1864406779661017,0.1864406779661017
H2,all-MiniLM-L6-v2,309::https://blog.reedsy.com/creative-writing-prompts/character/center-your-story-around-a-character-who-yearns-fo/,,,4,29.0,23.5,11.0,59.0,0.1864406779661017,0.1864406779661017
H2,all-MiniLM-L6-v2,309::https://blog.reedsy.com/creative-writing-prompts/character/center-your-story-around-a-character-who-yearns-fo/,,,5,29.0,21.2,11.0,59.0,0.1864406779661017,0.1864406779661017
H2,all-MiniLM-L6-v2,309::https://blog.reedsy.com/creative-writing-prompts/character/center-your-story-around-a-character-who-yearns-fo/,,,6,29.0,20.333333333333332,11.0,59.0,0.1864406779661017,0.1864406779661017
H2,all-MiniLM-L6-v2,309::https://blog.reedsy.com/creative-writing-prompts/character/center-your-story-around-a-character-who-yearns-fo/,,,7,35.0,22.428571428571427,11.0,59.0,0.1864406779661017,0.1864406779661017
H2,all-MiniLM-L6-v2,309::https://blog.reedsy.com/creative-writing-prompts/short-story/write-a-story-with-a-person-s-name-in-the-title/,,,1,14.0,14.0,14.0,37.0,0.3783783783783784,0.3783783783783784
H2,all-MiniLM-L6-v2,309::https://blog.reedsy.com/creative-writing-prompts/short-story/write-a-story-with-a-person-s-name-in-the-title/,,,2,14.0,14.0,14.0,37.0,0.3783783783783784,0.3783783783783784
H2,all-MiniLM-L6-v2,309::https://blog.reedsy.com/creative-writing-prompts/short-story/write-a-story-with-a-person-s-name-in-the-title/,,,3,18.0,15.333333333333334,14.0,37.0,0.3783783783783784,0.3783783783783784
H2,all-MiniLM-L6-v2,309::https://blog.reedsy.com/creative-writing-prompts/short-story/write-a-story-with-a-person-s-name-in-the-title/,,,4,19.0,16.25,14.0,37.0,0.3783783783783784,0.3783783783783784
H2,all-MiniLM-L6-v2,309::https://blog.reedsy.com/creative-writing-prompts/short-story/write-a-story-with-a-person-s-name-in-the-title/,,,5,19.0,15.6,13.0,37.0,0.3783783783783784,0.3783783783783784
H2,all-MiniLM-L6-v2,309::https://blog.reedsy.com/creative-writing-prompts/short-story/write-a-story-with-a-person-s-name-in-the-title/,,,6,19.0,15.5,13.0,37.0,0.3783783783783784,0.3783783783783784
H2,all-MiniLM-L6-v2,309::https://blog.reedsy.com/creative-writing-prompts/short-story/write-a-story-with-a-person-s-name-in-the-title/,,,7,19.0,15.142857142857142,13.0,37.0,0.3783783783783784,0.3783783783783784
H2,all-MiniLM-L6-v2,309::https://blog.reedsy.com/creative-writing-prompts/drama/center-your-story-around-two-characters-who-like-e/,,,1,28.0,28.0,28.0,28.0,1.0,1.0
H2,all-MiniLM-L6-v2,309::https://blog.reedsy.com/creative-writing-prompts/drama/center-your-story-around-two-characters-who-like-e/,,,2,28.0,21.5,15.0,28.0,1.0,1.0
H2,all-MiniLM-L6-v2,309::https://blog.reedsy.com/creative-writing-prompts/drama/center-your-story-around-two-characters-who-like-e/,,,3,28.0,21.0,15.0,28.0,1.0,1.0
H2,all-MiniLM-L6-v2,309::https://blog.reedsy.com/creative-writing-prompts/drama/center-your-story-around-two-characters-who-like-e/,,,4,28.0,19.75,15.0,28.0,1.0,1.0
H2,all-MiniLM-L6-v2,309::https://blog.reedsy.com/creative-writing-prompts/drama/center-your-story-around-two-characters-who-like-e/,,,5,28.0,18.4,13.0,28.0,1.0,1.0
H2,all-MiniLM-L6-v2,309::https://blog.reedsy.com/creative-writing-prompts/drama/center-your-story-around-two-characters-who-like-e/,,,6,28.0,17.333333333333332,12.0,28.0,1.0,1.0
H2,all-MiniLM-L6-v2,309::https://blog.reedsy.com/creative-writing-prompts/drama/center-your-story-around-two-characters-who-like-e/,,,7,28.0,16.571428571428573,12.0,28.0,1.0,1.0
H2,all-MiniLM-L6-v2,316::https://blog.reedsy.com/creative-writing-prompts/drama/write-a-story-where-a-character-s-true-identity-or/,,,1,19.0,19.0,19.0,23.0,0.8260869565217391,0.8260869565217391
H2,all-MiniLM-L6-v2,316::https://blog.reedsy.com/creative-writing-prompts/drama/write-a-story-where-a-character-s-true-identity-or/,,,2,19.0,15.0,11.0,23.0,0.8260869565217391,0.8260869565217391
H2,all-MiniLM-L6-v2,316::https://blog.reedsy.com/creative-writing-prompts/drama/write-a-story-where-a-character-s-true-identity-or/,,,3,19.0,14.333333333333334,11.0,23.0,0.8260869565217391,0.8260869565217391
H2,all-MiniLM-L6-v2,316::https://blog.reedsy.com/creative-writing-prompts/drama/write-a-story-where-a-character-s-true-identity-or/,,,4,19.0,13.5,11.0,23.0,0.8260869565217391,0.8260869565217391
H2,all-MiniLM-L6-v2,316::https://blog.reedsy.com/creative-writing-prompts/drama/write-a-story-where-a-character-s-true-identity-or/,,,5,23.0,15.4,11.0,23.0,0.8260869565217391,0.8260869565217391
H2,all-MiniLM-L6-v2,316::https://blog.reedsy.com/creative-writing-prompts/drama/write-a-story-where-a-character-s-true-identity-or/,,,6,23.0,14.666666666666666,11.0,23.0,0.8260869565217391,0.8260869565217391
H2,all-MiniLM-L6-v2,316::https://blog.reedsy.com/creative-writing-prompts/drama/write-a-story-where-a-character-s-true-identity-or/,,,7,23.0,14.571428571428571,11.0,23.0,0.8260869565217391,0.8260869565217391
H2,all-MiniLM-L6-v2,316::https://blog.reedsy.com/creative-writing-prompts/short-story/include-the-word-hero-mask-or-truth-in-your-story-/,,,1,15.0,15.0,15.0,47.0,0.3191489361702128,0.3191489361702128
H2,all-MiniLM-L6-v2,316::https://blog.reedsy.com/creative-writing-prompts/short-story/include-the-word-hero-mask-or-truth-in-your-story-/,,,2,15.0,13.5,12.0,47.0,0.3191489361702128,0.3191489361702128
H2,all-MiniLM-L6-v2,316::https://blog.reedsy.com/creative-writing-prompts/short-story/include-the-word-hero-mask-or-truth-in-your-story-/,,,3,15.0,13.666666666666666,12.0,47.0,0.3191489361702128,0.3191489361702128
H2,all-MiniLM-L6-v2,316::https://blog.reedsy.com/creative-writing-prompts/short-story/include-the-word-hero-mask-or-truth-in-your-story-/,,,4,20.0,15.25,12.0,47.0,0.3191489361702128,0.3191489361702128
H2,all-MiniLM-L6-v2,316::https://blog.reedsy.com/creative-writing-prompts/short-story/include-the-word-hero-mask-or-truth-in-your-story-/,,,5,20.0,15.4,12.0,47.0,0.3191489361702128,0.3191489361702128
H2,all-MiniLM-L6-v2,316::https://blog.reedsy.com/creative-writing-prompts/short-story/include-the-word-hero-mask-or-truth-in-your-story-/,,,6,20.0,15.166666666666666,12.0,47.0,0.3191489361702128,0.3191489361702128
H2,all-MiniLM-L6-v2,316::https://blog.reedsy.com/creative-writing-prompts/short-story/include-the-word-hero-mask-or-truth-in-your-story-/,,,7,20.0,15.0,12.0,47.0,0.3191489361702128,0.3191489361702128
H2,all-MiniLM-L6-v2,316::https://blog.reedsy.com/creative-writing-prompts/drama/write-a-story-from-the-pov-of-someone-who-s-hiding/,,,1,12.0,12.0,12.0,23.0,0.5217391304347826,0.5217391304347826
H2,all-MiniLM-L6-v2,316::https://blog.reedsy.com/creative-writing-prompts/drama/write-a-story-from-the-pov-of-someone-who-s-hiding/,,,2,12.0,12.0,12.0,23.0,0.5217391304347826,0.5217391304347826
H2,all-MiniLM-L6-v2,316::https://blog.reedsy.com/creative-writing-prompts/drama/write-a-story-from-the-pov-of-someone-who-s-hiding/,,,3,12.0,11.666666666666666,11.0,23.0,0.5217391304347826,0.5217391304347826
H2,all-MiniLM-L6-v2,316::https://blog.reedsy.com/creative-writing-prompts/drama/write-a-story-from-the-pov-of-someone-who-s-hiding/,,,4,14.0,12.25,11.0,23.0,0.5217391304347826,0.5217391304347826
H2,all-MiniLM-L6-v2,316::https://blog.reedsy.com/creative-writing-prompts/drama/write-a-story-from-the-pov-of-someone-who-s-hiding/,,,5,14.0,12.0,11.0,23.0,0.5217391304347826,0.5217391304347826
H2,all-MiniLM-L6-v2,316::https://blog.reedsy.com/creative-writing-prompts/drama/write-a-story-from-the-pov-of-someone-who-s-hiding/,,,6,18.0,13.0,11.0,23.0,0.5217391304347826,0.5217391304347826
H2,all-MiniLM-L6-v2,316::https://blog.reedsy.com/creative-writing-prompts/drama/write-a-story-from-the-pov-of-someone-who-s-hiding/,,,7,18.0,12.714285714285714,11.0,23.0,0.5217391304347826,0.5217391304347826
H2,all-MiniLM-L6-v2,316::https://blog.reedsy.com/creative-writing-prompts/drama/center-your-story-around-someone-s-public-image-an/,,,1,20.0,20.0,20.0,20.0,1.0,1.0
H2,all-MiniLM-L6-v2,316::https://blog.reedsy.com/creative-writing-prompts/drama/center-your-story-around-someone-s-public-image-an/,,,2,20.0,15.5,11.0,20.0,1.0,1.0
H2,all-MiniLM-L6-v2,316::https://blog.reedsy.com/creative-writing-prompts/drama/center-your-story-around-someone-s-public-image-an/,,,3,20.0,14.0,11.0,20.0,1.0,1.0
H2,all-MiniLM-L6-v2,316::https://blog.reedsy.com/creative-writing-prompts/drama/center-your-story-around-someone-s-public-image-an/,,,4,20.0,14.5,11.0,20.0,1.0,1.0
H2,all-MiniLM-L6-v2,316::https://blog.reedsy.com/creative-writing-prompts/drama/center-your-story-around-someone-s-public-image-an/,,,5,20.0,14.8,11.0,20.0,1.0,1.0
H2,all-MiniLM-L6-v2,316::https://blog.reedsy.com/creative-writing-prompts/drama/center-your-story-around-someone-s-public-image-an/,,,6,20.0,15.666666666666666,11.0,20.0,1.0,1.0
H2,all-MiniLM-L6-v2,316::https://blog.reedsy.com/creative-writing-prompts/drama/center-your-story-around-someone-s-public-image-an/,,,7,20.0,16.142857142857142,11.0,20.0,1.0,1.0
H2,all-MiniLM-L6-v2,316::https://blog.reedsy.com/creative-writing-prompts/short-story/write-a-story-that-includes-the-line-can-you-keep-/,,,1,20.0,20.0,20.0,20.0,1.0,1.0
H2,all-MiniLM-L6-v2,316::https://blog.reedsy.com/creative-writing-prompts/short-story/write-a-story-that-includes-the-line-can-you-keep-/,,,2,20.0,15.5,11.0,20.0,1.0,1.0
H2,all-MiniLM-L6-v2,316::https://blog.reedsy.com/creative-writing-prompts/short-story/write-a-story-that-includes-the-line-can-you-keep-/,,,3,20.0,15.0,11.0,20.0,1.0,1.0
H2,all-MiniLM-L6-v2,316::https://blog.reedsy.com/creative-writing-prompts/short-story/write-a-story-that-includes-the-line-can-you-keep-/,,,4,20.0,14.25,11.0,20.0,1.0,1.0
H2,all-MiniLM-L6-v2,316::https://blog.reedsy.com/creative-writing-prompts/short-story/write-a-story-that-includes-the-line-can-you-keep-/,,,5,20.0,15.0,11.0,20.0,1.0,1.0
H2,all-MiniLM-L6-v2,316::https://blog.reedsy.com/creative-writing-prompts/short-story/write-a-story-that-includes-the-line-can-you-keep-/,,,6,20.0,15.166666666666666,11.0,20.0,1.0,1.0
H2,all-MiniLM-L6-v2,316::https://blog.reedsy.com/creative-writing-prompts/short-story/write-a-story-that-includes-the-line-can-you-keep-/,,,7,20.0,15.166666666666666,11.0,20.0,1.0,1.0
H2,text-embedding-3-small,291::https://blog.reedsy.com/creative-writing-prompts/short-story/write-a-story-inspired-by-the-ultimate-cliched-twi/,,,1,13.0,13.0,13.0,29.0,0.4482758620689655,0.4482758620689655
H2,text-embedding-3-small,291::https://blog.reedsy.com/creative-writing-prompts/short-story/write-a-story-inspired-by-the-ultimate-cliched-twi/,,,2,14.0,13.5,13.0,29.0,0.4482758620689655,0.4482758620689655
H2,text-embedding-3-small,291::https://blog.reedsy.com/creative-writing-prompts/short-story/write-a-story-inspired-by-the-ultimate-cliched-twi/,,,3,17.0,14.666666666666666,13.0,29.0,0.4482758620689655,0.4482758620689655
H2,text-embedding-3-small,291::https://blog.reedsy.com/creative-writing-prompts/short-story/write-a-story-inspired-by-the-ultimate-cliched-twi/,,,4,29.0,18.25,13.0,29.0,0.4482758620689655,0.4482758620689655
H2,text-embedding-3-small,291::https://blog.reedsy.com/creative-writing-prompts/short-story/write-a-story-inspired-by-the-ultimate-cliched-twi/,,,5,29.0,17.4,13.0,29.0,0.4482758620689655,0.4482758620689655
H2,text-embedding-3-small,291::https://blog.reedsy.com/creative-writing-prompts/short-story/write-a-story-inspired-by-the-ultimate-cliched-twi/,,,6,29.0,16.833333333333332,13.0,29.0,0.4482758620689655,0.4482758620689655
H2,text-embedding-3-small,291::https://blog.reedsy.com/creative-writing-prompts/short-story/write-a-story-inspired-by-the-ultimate-cliched-twi/,,,7,29.0,16.428571428571427,13.0,29.0,0.4482758620689655,0.4482758620689655
H2,text-embedding-3-small,291::https://blog.reedsy.com/creative-writing-prompts/angst/center-your-story-around-a-character-s-addiction-o/,,,1,28.0,28.0,28.0,40.0,0.7,0.7
H2,text-embedding-3-small,291::https://blog.reedsy.com/creative-writing-prompts/angst/center-your-story-around-a-character-s-addiction-o/,,,2,28.0,19.5,11.0,40.0,0.7,0.7
H2,text-embedding-3-small,291::https://blog.reedsy.com/creative-writing-prompts/angst/center-your-story-around-a-character-s-addiction-o/,,,3,40.0,26.333333333333332,11.0,40.0,0.7,0.7
H2,text-embedding-3-small,291::https://blog.reedsy.com/creative-writing-prompts/angst/center-your-story-around-a-character-s-addiction-o/,,,4,40.0,23.5,11.0,40.0,0.7,0.7
H2,text-embedding-3-small,291::https://blog.reedsy.com/creative-writing-prompts/angst/center-your-story-around-a-character-s-addiction-o/,,,5,40.0,21.0,11.0,40.0,0.7,0.7
H2,text-embedding-3-small,291::https://blog.reedsy.com/creative-writing-prompts/angst/center-your-story-around-a-character-s-addiction-o/,,,6,40.0,19.5,11.0,40.0,0.7,0.7
H2,text-embedding-3-small,291::https://blog.reedsy.com/creative-writing-prompts/angst/center-your-story-around-a-character-s-addiction-o/,,,7,40.0,18.571428571428573,11.0,40.0,0.7,0.7
H2,text-embedding-3-small,291::https://blog.reedsy.com/creative-writing-prompts/drama/write-a-story-that-keeps-a-key-detail-hidden-from-/,,,1,34.0,34.0,34.0,34.0,1.0,1.0
H2,text-embedding-3-small,291::https://blog.reedsy.com/creative-writing-prompts/drama/write-a-story-that-keeps-a-key-detail-hidden-from-/,,,2,34.0,23.0,12.0,34.0,1.0,1.0
H2,text-embedding-3-small,291::https://blog.reedsy.com/creative-writing-prompts/drama/write-a-story-that-keeps-a-key-detail-hidden-from-/,,,3,34.0,20.0,12.0,34.0,1.0,1.0
H2,text-embedding-3-small,291::https://blog.reedsy.com/creative-writing-prompts/drama/write-a-story-that-keeps-a-key-detail-hidden-from-/,,,4,34.0,19.0,12.0,34.0,1.0,1.0
H2,text-embedding-3-small,291::https://blog.reedsy.com/creative-writing-prompts/drama/write-a-story-that-keeps-a-key-detail-hidden-from-/,,,5,34.0,18.6,12.0,34.0,1.0,1.0
H2,text-embedding-3-small,291::https://blog.reedsy.com/creative-writing-prompts/drama/write-a-story-that-keeps-a-key-detail-hidden-from-/,,,6,34.0,20.166666666666668,12.0,34.0,1.0,1.0
H2,text-embedding-3-small,291::https://blog.reedsy.com/creative-writing-prompts/drama/write-a-story-that-keeps-a-key-detail-hidden-from-/,,,7,34.0,19.857142857142858,12.0,34.0,1.0,1.0
H2,text-embedding-3-small,291::https://blog.reedsy.com/creative-writing-prompts/drama/center-your-story-around-a-character-who-successfu/,,,1,11.0,11.0,11.0,29.0,0.3793103448275862,0.3793103448275862
H2,text-embedding-3-small,291::https://blog.reedsy.com/creative-writing-prompts/drama/center-your-story-around-a-character-who-successfu/,,,2,18.0,14.5,11.0,29.0,0.3793103448275862,0.3793103448275862
H2,text-embedding-3-small,291::https://blog.reedsy.com/creative-writing-prompts/drama/center-your-story-around-a-character-who-successfu/,,,3,18.0,13.666666666666666,11.0,29.0,0.3793103448275862,0.3793103448275862
H2,text-embedding-3-small,291::https://blog.reedsy.com/creative-writing-prompts/drama/center-your-story-around-a-character-who-successfu/,,,4,29.0,17.5,11.0,29.0,0.3793103448275862,0.3793103448275862
H2,text-embedding-3-small,291::https://blog.reedsy.com/creative-writing-prompts/drama/center-your-story-around-a-character-who-successfu/,,,5,29.0,16.8,11.0,29.0,0.3793103448275862,0.3793103448275862
H2,text-embedding-3-small,291::https://blog.reedsy.com/creative-writing-prompts/drama/center-your-story-around-a-character-who-successfu/,,,6,29.0,16.333333333333332,11.0,29.0,0.3793103448275862,0.3793103448275862
H2,text-embedding-3-small,291::https://blog.reedsy.com/creative-writing-prompts/drama/center-your-story-around-a-character-who-successfu/,,,7,29.0,15.571428571428571,11.0,29.0,0.3793103448275862,0.3793103448275862
H2,text-embedding-3-small,291::https://blog.reedsy.com/creative-writing-prompts/short-story/write-a-story-with-a-huge-surprise-either-in-the-m/,,,1,12.0,12.0,12.0,41.0,0.2926829268292683,0.2926829268292683
H2,text-embedding-3-small,291::https://blog.reedsy.com/creative-writing-prompts/short-story/write-a-story-with-a-huge-surprise-either-in-the-m/,,,2,12.0,12.0,12.0,41.0,0.2926829268292683,0.2926829268292683
H2,text-embedding-3-small,291::https://blog.reedsy.com/creative-writing-prompts/short-story/write-a-story-with-a-huge-surprise-either-in-the-m/,,,3,12.0,11.666666666666666,11.0,41.0,0.2926829268292683,0.2926829268292683
H2,text-embedding-3-small,291::https://blog.reedsy.com/creative-writing-prompts/short-story/write-a-story-with-a-huge-surprise-either-in-the-m/,,,4,14.0,12.25,11.0,41.0,0.2926829268292683,0.2926829268292683
H2,text-embedding-3-small,291::https://blog.reedsy.com/creative-writing-prompts/short-story/write-a-story-with-a-huge-surprise-either-in-the-m/,,,5,23.0,14.4,11.0,41.0,0.2926829268292683,0.2926829268292683
H2,text-embedding-3-small,291::https://blog.reedsy.com/creative-writing-prompts/short-story/write-a-story-with-a-huge-surprise-either-in-the-m/,,,6,23.0,14.666666666666666,11.0,41.0,0.2926829268292683,0.2926829268292683
H2,text-embedding-3-small,291::https://blog.reedsy.com/creative-writing-prompts/short-story/write-a-story-with-a-huge-surprise-either-in-the-m/,,,7,23.0,14.714285714285714,11.0,41.0,0.2926829268292683,0.2926829268292683
H2,text-embedding-3-small,294::https://blog.reedsy.com/creative-writing-prompts/short-story/write-a-story-in-which-the-first-and-last-sentence/,,,1,18.0,18.0,18.0,35.0,0.5142857142857142,0.5142857142857142
H2,text-embedding-3-small,294::https://blog.reedsy.com/creative-writing-prompts/short-story/write-a-story-in-which-the-first-and-last-sentence/,,,2,18.0,14.5,11.0,35.0,0.5142857142857142,0.5142857142857142
H2,text-embedding-3-small,294::https://blog.reedsy.com/creative-writing-prompts/short-story/write-a-story-in-which-the-first-and-last-sentence/,,,3,29.0,19.333333333333332,11.0,35.0,0.5142857142857142,0.5142857142857142
H2,text-embedding-3-small,294::https://blog.reedsy.com/creative-writing-prompts/short-story/write-a-story-in-which-the-first-and-last-sentence/,,,4,29.0,18.0,11.0,35.0,0.5142857142857142,0.5142857142857142
H2,text-embedding-3-small,294::https://blog.reedsy.com/creative-writing-prompts/short-story/write-a-story-in-which-the-first-and-last-sentence/,,,5,29.0,16.8,11.0,35.0,0.5142857142857142,0.5142857142857142
H2,text-embedding-3-small,294::https://blog.reedsy.com/creative-writing-prompts/short-story/write-a-story-in-which-the-first-and-last-sentence/,,,6,29.0,16.5,11.0,35.0,0.5142857142857142,0.5142857142857142
H2,text-embedding-3-small,294::https://blog.reedsy.com/creative-writing-prompts/short-story/write-a-story-in-which-the-first-and-last-sentence/,,,7,29.0,18.142857142857142,11.0,35.0,0.5142857142857142,0.5142857142857142
H2,text-embedding-3-small,294::https://blog.reedsy.com/creative-writing-prompts/short-story/create-a-title-with-reedsy-s-title-generator-then-/,,,1,11.0,11.0,11.0,31.0,0.3548387096774194,0.3548387096774194
H2,text-embedding-3-small,294::https://blog.reedsy.com/creative-writing-prompts/short-story/create-a-title-with-reedsy-s-title-generator-then-/,,,2,31.0,21.0,11.0,31.0,0.3548387096774194,0.3548387096774194
H2,text-embedding-3-small,294::https://blog.reedsy.com/creative-writing-prompts/short-story/create-a-title-with-reedsy-s-title-generator-then-/,,,3,31.0,19.333333333333332,11.0,31.0,0.3548387096774194,0.3548387096774194
H2,text-embedding-3-small,294::https://blog.reedsy.com/creative-writing-prompts/short-story/create-a-title-with-reedsy-s-title-generator-then-/,,,4,31.0,18.25,11.0,31.0,0.3548387096774194,0.3548387096774194
H2,text-embedding-3-small,294::https://blog.reedsy.com/creative-writing-prompts/short-story/create-a-title-with-reedsy-s-title-generator-then-/,,,5,31.0,18.2,11.0,31.0,0.3548387096774194,0.3548387096774194
H2,text-embedding-3-small,294::https://blog.reedsy.com/creative-writing-prompts/short-story/create-a-title-with-reedsy-s-title-generator-then-/,,,6,31.0,18.166666666666668,11.0,31.0,0.3548387096774194,0.3548387096774194
H2,text-embedding-3-small,294::https://blog.reedsy.com/creative-writing-prompts/short-story/create-a-title-with-reedsy-s-title-generator-then-/,,,7,31.0,18.428571428571427,11.0,31.0,0.3548387096774194,0.3548387096774194
H2,text-embedding-3-small,294::https://blog.reedsy.com/creative-writing-prompts/short-story/write-a-story-in-the-form-of-a-letter-or-several-l/,,,1,11.0,11.0,11.0,26.0,0.4230769230769231,0.4230769230769231
H2,text-embedding-3-small,294::https://blog.reedsy.com/creative-writing-prompts/short-story/write-a-story-in-the-form-of-a-letter-or-several-l/,,,2,16.0,13.5,11.0,26.0,0.4230769230769231,0.4230769230769231
H2,text-embedding-3-small,294::https://blog.reedsy.com/creative-writing-prompts/short-story/write-a-story-in-the-form-of-a-letter-or-several-l/,,,3,16.0,13.0,11.0,26.0,0.4230769230769231,0.4230769230769231
H2,text-embedding-3-small,294::https://blog.reedsy.com/creative-writing-prompts/short-story/write-a-story-in-the-form-of-a-letter-or-several-l/,,,4,16.0,13.0,11.0,26.0,0.4230769230769231,0.4230769230769231
H2,text-embedding-3-small,294::https://blog.reedsy.com/creative-writing-prompts/short-story/write-a-story-in-the-form-of-a-letter-or-several-l/,,,5,16.0,12.8,11.0,26.0,0.4230769230769231,0.4230769230769231
H2,text-embedding-3-small,294::https://blog.reedsy.com/creative-writing-prompts/short-story/write-a-story-in-the-form-of-a-letter-or-several-l/,,,6,16.0,13.333333333333334,11.0,26.0,0.4230769230769231,0.4230769230769231
H2,text-embedding-3-small,294::https://blog.reedsy.com/creative-writing-prompts/short-story/write-a-story-in-the-form-of-a-letter-or-several-l/,,,7,26.0,15.142857142857142,11.0,26.0,0.4230769230769231,0.4230769230769231
H2,text-embedding-3-small,294::https://blog.reedsy.com/creative-writing-prompts/drama/center-your-story-around-someone-who-s-at-a-loss-f/,,,1,21.0,21.0,21.0,44.0,0.4772727272727273,0.4772727272727273
H2,text-embedding-3-small,294::https://blog.reedsy.com/creative-writing-prompts/drama/center-your-story-around-someone-who-s-at-a-loss-f/,,,2,21.0,16.0,11.0,44.0,0.4772727272727273,0.4772727272727273
H2,text-embedding-3-small,294::https://blog.reedsy.com/creative-writing-prompts/drama/center-your-story-around-someone-who-s-at-a-loss-f/,,,3,37.0,23.0,11.0,44.0,0.4772727272727273,0.4772727272727273
H2,text-embedding-3-small,294::https://blog.reedsy.com/creative-writing-prompts/drama/center-your-story-around-someone-who-s-at-a-loss-f/,,,4,37.0,20.25,11.0,44.0,0.4772727272727273,0.4772727272727273
H2,text-embedding-3-small,294::https://blog.reedsy.com/creative-writing-prompts/drama/center-your-story-around-someone-who-s-at-a-loss-f/,,,5,44.0,25.0,11.0,44.0,0.4772727272727273,0.4772727272727273
H2,text-embedding-3-small,294::https://blog.reedsy.com/creative-writing-prompts/drama/center-your-story-around-someone-who-s-at-a-loss-f/,,,6,44.0,26.166666666666668,11.0,44.0,0.4772727272727273,0.4772727272727273
H2,text-embedding-3-small,294::https://blog.reedsy.com/creative-writing-prompts/drama/center-your-story-around-someone-who-s-at-a-loss-f/,,,7,44.0,24.285714285714285,11.0,44.0,0.4772727272727273,0.4772727272727273
H2,text-embedding-3-small,294::https://blog.reedsy.com/creative-writing-prompts/dialogue/write-a-story-with-the-line-i-didn-t-mean-that-or-/,,,1,28.0,28.0,28.0,33.0,0.8484848484848485,0.8484848484848485
H2,text-embedding-3-small,294::https://blog.reedsy.com/creative-writing-prompts/dialogue/write-a-story-with-the-line-i-didn-t-mean-that-or-/,,,2,28.0,21.5,15.0,33.0,0.8484848484848485,0.8484848484848485
H2,text-embedding-3-small,294::https://blog.reedsy.com/creative-writing-prompts/dialogue/write-a-story-with-the-line-i-didn-t-mean-that-or-/,,,3,28.0,21.666666666666668,15.0,33.0,0.8484848484848485,0.8484848484848485
H2,text-embedding-3-small,294::https://blog.reedsy.com/creative-writing-prompts/dialogue/write-a-story-with-the-line-i-didn-t-mean-that-or-/,,,4,33.0,24.5,15.0,33.0,0.8484848484848485,0.8484848484848485
H2,text-embedding-3-small,294::https://blog.reedsy.com/creative-writing-prompts/dialogue/write-a-story-with-the-line-i-didn-t-mean-that-or-/,,,5,33.0,23.8,15.0,33.0,0.8484848484848485,0.8484848484848485
H2,text-embedding-3-small,294::https://blog.reedsy.com/creative-writing-prompts/dialogue/write-a-story-with-the-line-i-didn-t-mean-that-or-/,,,6,33.0,22.166666666666668,14.0,33.0,0.8484848484848485,0.8484848484848485
H2,text-embedding-3-small,294::https://blog.reedsy.com/creative-writing-prompts/dialogue/write-a-story-with-the-line-i-didn-t-mean-that-or-/,,,7,33.0,23.285714285714285,14.0,33.0,0.8484848484848485,0.8484848484848485
H2,text-embedding-3-small,309::https://blog.reedsy.com/creative-writing-prompts/drama/write-a-story-that-includes-the-line-do-i-know-you/,,,1,13.0,13.0,13.0,30.0,0.43333333333333335,0.43333333333333335
H2,text-embedding-3-small,309::https://blog.reedsy.com/creative-writing-prompts/drama/write-a-story-that-includes-the-line-do-i-know-you/,,,2,14.0,13.5,13.0,30.0,0.43333333333333335,0.43333333333333335
H2,text-embedding-3-small,309::https://blog.reedsy.com/creative-writing-prompts/drama/write-a-story-that-includes-the-line-do-i-know-you/,,,3,14.0,13.0,12.0,30.0,0.43333333333333335,0.43333333333333335
H2,text-embedding-3-small,309::https://blog.reedsy.com/creative-writing-prompts/drama/write-a-story-that-includes-the-line-do-i-know-you/,,,4,26.0,16.25,12.0,30.0,0.43333333333333335,0.43333333333333335
H2,text-embedding-3-small,309::https://blog.reedsy.com/creative-writing-prompts/drama/write-a-story-that-includes-the-line-do-i-know-you/,,,5,26.0,16.0,12.0,30.0,0.43333333333333335,0.43333333333333335
H2,text-embedding-3-small,309::https://blog.reedsy.com/creative-writing-prompts/drama/write-a-story-that-includes-the-line-do-i-know-you/,,,6,26.0,15.166666666666666,11.0,30.0,0.43333333333333335,0.43333333333333335
H2,text-embedding-3-small,309::https://blog.reedsy.com/creative-writing-prompts/drama/write-a-story-that-includes-the-line-do-i-know-you/,,,7,26.0,14.571428571428571,11.0,30.0,0.43333333333333335,0.43333333333333335
H2,text-embedding-3-small,309::https://blog.reedsy.com/creative-writing-prompts/short-story/start-or-end-your-story-with-a-character-making-fo/,,,1,13.0,13.0,13.0,21.0,0.6190476190476191,0.6190476190476191
H2,text-embedding-3-small,309::https://blog.reedsy.com/creative-writing-prompts/short-story/start-or-end-your-story-with-a-character-making-fo/,,,2,14.0,13.5,13.0,21.0,0.6190476190476191,0.6190476190476191
H2,text-embedding-3-small,309::https://blog.reedsy.com/creative-writing-prompts/short-story/start-or-end-your-story-with-a-character-making-fo/,,,3,14.0,12.666666666666666,11.0,21.0,0.6190476190476191,0.6190476190476191
H2,text-embedding-3-small,309::https://blog.reedsy.com/creative-writing-prompts/short-story/start-or-end-your-story-with-a-character-making-fo/,,,4,14.0,12.5,11.0,21.0,0.6190476190476191,0.6190476190476191
H2,text-embedding-3-small,309::https://blog.reedsy.com/creative-writing-prompts/short-story/start-or-end-your-story-with-a-character-making-fo/,,,5,14.0,12.2,11.0,21.0,0.6190476190476191,0.6190476190476191
H2,text-embedding-3-small,309::https://blog.reedsy.com/creative-writing-prompts/short-story/start-or-end-your-story-with-a-character-making-fo/,,,6,14.0,12.5,11.0,21.0,0.6190476190476191,0.6190476190476191
H2,text-embedding-3-small,309::https://blog.reedsy.com/creative-writing-prompts/short-story/start-or-end-your-story-with-a-character-making-fo/,,,7,21.0,13.714285714285714,11.0,21.0,0.6190476190476191,0.6190476190476191
H2,text-embedding-3-small,309::https://blog.reedsy.com/creative-writing-prompts/character/center-your-story-around-a-character-who-yearns-fo/,,,1,28.0,28.0,28.0,59.0,0.4745762711864407,0.4745762711864407
H2,text-embedding-3-small,309::https://blog.reedsy.com/creative-writing-prompts/character/center-your-story-around-a-character-who-yearns-fo/,,,2,29.0,28.5,28.0,59.0,0.4745762711864407,0.4745762711864407
H2,text-embedding-3-small,309::https://blog.reedsy.com/creative-writing-prompts/character/center-your-story-around-a-character-who-yearns-fo/,,,3,29.0,23.0,12.0,59.0,0.4745762711864407,0.4745762711864407
H2,text-embedding-3-small,309::https://blog.reedsy.com/creative-writing-prompts/character/center-your-story-around-a-character-who-yearns-fo/,,,4,59.0,32.0,12.0,59.0,0.4745762711864407,0.4745762711864407
H2,text-embedding-3-small,309::https://blog.reedsy.com/creative-writing-prompts/character/center-your-story-around-a-character-who-yearns-fo/,,,5,59.0,27.8,11.0,59.0,0.4745762711864407,0.4745762711864407
H2,text-embedding-3-small,309::https://blog.reedsy.com/creative-writing-prompts/character/center-your-story-around-a-character-who-yearns-fo/,,,6,59.0,28.0,11.0,59.0,0.4745762711864407,0.4745762711864407
H2,text-embedding-3-small,309::https://blog.reedsy.com/creative-writing-prompts/character/center-your-story-around-a-character-who-yearns-fo/,,,7,59.0,25.857142857142858,11.0,59.0,0.4745762711864407,0.4745762711864407
H2,text-embedding-3-small,309::https://blog.reedsy.com/creative-writing-prompts/short-story/write-a-story-with-a-person-s-name-in-the-title/,,,1,12.0,12.0,12.0,37.0,0.32432432432432434,0.32432432432432434
H2,text-embedding-3-small,309::https://blog.reedsy.com/creative-writing-prompts/short-story/write-a-story-with-a-person-s-name-in-the-title/,,,2,20.0,16.0,12.0,37.0,0.32432432432432434,0.32432432432432434
H2,text-embedding-3-small,309::https://blog.reedsy.com/creative-writing-prompts/short-story/write-a-story-with-a-person-s-name-in-the-title/,,,3,20.0,16.666666666666668,12.0,37.0,0.32432432432432434,0.32432432432432434
H2,text-embedding-3-small,309::https://blog.reedsy.com/creative-writing-prompts/short-story/write-a-story-with-a-person-s-name-in-the-title/,,,4,20.0,15.75,12.0,37.0,0.32432432432432434,0.32432432432432434
H2,text-embedding-3-small,309::https://blog.reedsy.com/creative-writing-prompts/short-story/write-a-story-with-a-person-s-name-in-the-title/,,,5,20.0,15.8,12.0,37.0,0.32432432432432434,0.32432432432432434
H2,text-embedding-3-small,309::https://blog.reedsy.com/creative-writing-prompts/short-story/write-a-story-with-a-person-s-name-in-the-title/,,,6,37.0,19.333333333333332,12.0,37.0,0.32432432432432434,0.32432432432432434
H2,text-embedding-3-small,309::https://blog.reedsy.com/creative-writing-prompts/short-story/write-a-story-with-a-person-s-name-in-the-title/,,,7,37.0,19.142857142857142,12.0,37.0,0.32432432432432434,0.32432432432432434
H2,text-embedding-3-small,309::https://blog.reedsy.com/creative-writing-prompts/drama/center-your-story-around-two-characters-who-like-e/,,,1,20.0,20.0,20.0,28.0,0.7142857142857143,0.7142857142857143
H2,text-embedding-3-small,309::https://blog.reedsy.com/creative-writing-prompts/drama/center-your-story-around-two-characters-who-like-e/,,,2,20.0,15.5,11.0,28.0,0.7142857142857143,0.7142857142857143
H2,text-embedding-3-small,309::https://blog.reedsy.com/creative-writing-prompts/drama/center-your-story-around-two-characters-who-like-e/,,,3,20.0,15.0,11.0,28.0,0.7142857142857143,0.7142857142857143
H2,text-embedding-3-small,309::https://blog.reedsy.com/creative-writing-prompts/drama/center-your-story-around-two-characters-who-like-e/,,,4,20.0,15.0,11.0,28.0,0.7142857142857143,0.7142857142857143
H2,text-embedding-3-small,309::https://blog.reedsy.com/creative-writing-prompts/drama/center-your-story-around-two-characters-who-like-e/,,,5,20.0,14.4,11.0,28.0,0.7142857142857143,0.7142857142857143
H2,text-embedding-3-small,309::https://blog.reedsy.com/creative-writing-prompts/drama/center-your-story-around-two-characters-who-like-e/,,,6,20.0,14.666666666666666,11.0,28.0,0.7142857142857143,0.7142857142857143
H2,text-embedding-3-small,309::https://blog.reedsy.com/creative-writing-prompts/drama/center-your-story-around-two-characters-who-like-e/,,,7,20.0,14.285714285714286,11.0,28.0,0.7142857142857143,0.7142857142857143
H2,text-embedding-3-small,316::https://blog.reedsy.com/creative-writing-prompts/drama/write-a-story-where-a-character-s-true-identity-or/,,,1,11.0,11.0,11.0,23.0,0.4782608695652174,0.4782608695652174
H2,text-embedding-3-small,316::https://blog.reedsy.com/creative-writing-prompts/drama/write-a-story-where-a-character-s-true-identity-or/,,,2,11.0,11.0,11.0,23.0,0.4782608695652174,0.4782608695652174
H2,text-embedding-3-small,316::https://blog.reedsy.com/creative-writing-prompts/drama/write-a-story-where-a-character-s-true-identity-or/,,,3,19.0,13.666666666666666,11.0,23.0,0.4782608695652174,0.4782608695652174
H2,text-embedding-3-small,316::https://blog.reedsy.com/creative-writing-prompts/drama/write-a-story-where-a-character-s-true-identity-or/,,,4,19.0,13.5,11.0,23.0,0.4782608695652174,0.4782608695652174
H2,text-embedding-3-small,316::https://blog.reedsy.com/creative-writing-prompts/drama/write-a-story-where-a-character-s-true-identity-or/,,,5,23.0,15.4,11.0,23.0,0.4782608695652174,0.4782608695652174
H2,text-embedding-3-small,316::https://blog.reedsy.com/creative-writing-prompts/drama/write-a-story-where-a-character-s-true-identity-or/,,,6,23.0,14.833333333333334,11.0,23.0,0.4782608695652174,0.4782608695652174
H2,text-embedding-3-small,316::https://blog.reedsy.com/creative-writing-prompts/drama/write-a-story-where-a-character-s-true-identity-or/,,,7,23.0,14.714285714285714,11.0,23.0,0.4782608695652174,0.4782608695652174
H2,text-embedding-3-small,316::https://blog.reedsy.com/creative-writing-prompts/short-story/include-the-word-hero-mask-or-truth-in-your-story-/,,,1,15.0,15.0,15.0,47.0,0.3191489361702128,0.3191489361702128
H2,text-embedding-3-small,316::https://blog.reedsy.com/creative-writing-prompts/short-story/include-the-word-hero-mask-or-truth-in-your-story-/,,,2,15.0,14.5,14.0,47.0,0.3191489361702128,0.3191489361702128
H2,text-embedding-3-small,316::https://blog.reedsy.com/creative-writing-prompts/short-story/include-the-word-hero-mask-or-truth-in-your-story-/,,,3,47.0,25.333333333333332,14.0,47.0,0.3191489361702128,0.3191489361702128
H2,text-embedding-3-small,316::https://blog.reedsy.com/creative-writing-prompts/short-story/include-the-word-hero-mask-or-truth-in-your-story-/,,,4,47.0,24.0,14.0,47.0,0.3191489361702128,0.3191489361702128
H2,text-embedding-3-small,316::https://blog.reedsy.com/creative-writing-prompts/short-story/include-the-word-hero-mask-or-truth-in-your-story-/,,,5,47.0,21.6,12.0,47.0,0.3191489361702128,0.3191489361702128
H2,text-embedding-3-small,316::https://blog.reedsy.com/creative-writing-prompts/short-story/include-the-word-hero-mask-or-truth-in-your-story-/,,,6,47.0,21.0,12.0,47.0,0.3191489361702128,0.3191489361702128
H2,text-embedding-3-small,316::https://blog.reedsy.com/creative-writing-prompts/short-story/include-the-word-hero-mask-or-truth-in-your-story-/,,,7,47.0,20.0,12.0,47.0,0.3191489361702128,0.3191489361702128
H2,text-embedding-3-small,316::https://blog.reedsy.com/creative-writing-prompts/drama/write-a-story-from-the-pov-of-someone-who-s-hiding/,,,1,14.0,14.0,14.0,23.0,0.6086956521739131,0.6086956521739131
H2,text-embedding-3-small,316::https://blog.reedsy.com/creative-writing-prompts/drama/write-a-story-from-the-pov-of-someone-who-s-hiding/,,,2,14.0,13.0,12.0,23.0,0.6086956521739131,0.6086956521739131
H2,text-embedding-3-small,316::https://blog.reedsy.com/creative-writing-prompts/drama/write-a-story-from-the-pov-of-someone-who-s-hiding/,,,3,14.0,12.333333333333334,11.0,23.0,0.6086956521739131,0.6086956521739131
H2,text-embedding-3-small,316::https://blog.reedsy.com/creative-writing-prompts/drama/write-a-story-from-the-pov-of-someone-who-s-hiding/,,,4,14.0,12.25,11.0,23.0,0.6086956521739131,0.6086956521739131
H2,text-embedding-3-small,316::https://blog.reedsy.com/creative-writing-prompts/drama/write-a-story-from-the-pov-of-someone-who-s-hiding/,,,5,14.0,12.0,11.0,23.0,0.6086956521739131,0.6086956521739131
H2,text-embedding-3-small,316::https://blog.reedsy.com/creative-writing-prompts/drama/write-a-story-from-the-pov-of-someone-who-s-hiding/,,,6,21.0,13.5,11.0,23.0,0.6086956521739131,0.6086956521739131
H2,text-embedding-3-small,316::https://blog.reedsy.com/creative-writing-prompts/drama/write-a-story-from-the-pov-of-someone-who-s-hiding/,,,7,21.0,13.714285714285714,11.0,23.0,0.6086956521739131,0.6086956521739131
H2,text-embedding-3-small,316::https://blog.reedsy.com/creative-writing-prompts/drama/center-your-story-around-someone-s-public-image-an/,,,1,16.0,16.0,16.0,20.0,0.8,0.8
H2,text-embedding-3-small,316::https://blog.reedsy.com/creative-writing-prompts/drama/center-your-story-around-someone-s-public-image-an/,,,2,20.0,18.0,16.0,20.0,0.8,0.8
H2,text-embedding-3-small,316::https://blog.reedsy.com/creative-writing-prompts/drama/center-your-story-around-someone-s-public-image-an/,,,3,20.0,15.666666666666666,11.0,20.0,0.8,0.8
H2,text-embedding-3-small,316::https://blog.reedsy.com/creative-writing-prompts/drama/center-your-story-around-someone-s-public-image-an/,,,4,20.0,16.75,11.0,20.0,0.8,0.8
H2,text-embedding-3-small,316::https://blog.reedsy.com/creative-writing-prompts/drama/center-your-story-around-someone-s-public-image-an/,,,5,20.0,17.2,11.0,20.0,0.8,0.8
H2,text-embedding-3-small,316::https://blog.reedsy.com/creative-writing-prompts/drama/center-your-story-around-someone-s-public-image-an/,,,6,20.0,17.0,11.0,20.0,0.8,0.8
H2,text-embedding-3-small,316::https://blog.reedsy.com/creative-writing-prompts/drama/center-your-story-around-someone-s-public-image-an/,,,7,20.0,16.142857142857142,11.0,20.0,0.8,0.8
H2,text-embedding-3-small,316::https://blog.reedsy.com/creative-writing-prompts/short-story/write-a-story-that-includes-the-line-can-you-keep-/,,,1,20.0,20.0,20.0,20.0,1.0,1.0
H2,text-embedding-3-small,316::https://blog.reedsy.com/creative-writing-prompts/short-story/write-a-story-that-includes-the-line-can-you-keep-/,,,2,20.0,16.0,12.0,20.0,1.0,1.0
H2,text-embedding-3-small,316::https://blog.reedsy.com/creative-writing-prompts/short-story/write-a-story-that-includes-the-line-can-you-keep-/,,,3,20.0,15.333333333333334,12.0,20.0,1.0,1.0
H2,text-embedding-3-small,316::https://blog.reedsy.com/creative-writing-prompts/short-story/write-a-story-that-includes-the-line-can-you-keep-/,,,4,20.0,15.5,12.0,20.0,1.0,1.0
H2,text-embedding-3-small,316::https://blog.reedsy.com/creative-writing-prompts/short-story/write-a-story-that-includes-the-line-can-you-keep-/,,,5,20.0,16.0,12.0,20.0,1.0,1.0
H2,text-embedding-3-small,316::https://blog.reedsy.com/creative-writing-prompts/short-story/write-a-story-that-includes-the-line-can-you-keep-/,,,6,20.0,15.166666666666666,11.0,20.0,1.0,1.0
H2,text-embedding-3-small,316::https://blog.reedsy.com/creative-writing-prompts/short-story/write-a-story-that-includes-the-line-can-you-keep-/,,,7,20.0,15.166666666666666,11.0,20.0,1.0,1.0
H2,multi-qa-MiniLM-L6-cos-v1,291::https://blog.reedsy.com/creative-writing-prompts/short-story/write-a-story-inspired-by-the-ultimate-cliched-twi/,,,1,13.0,13.0,13.0,29.0,0.4482758620689655,0.4482758620689655
H2,multi-qa-MiniLM-L6-cos-v1,291::https://blog.reedsy.com/creative-writing-prompts/short-story/write-a-story-inspired-by-the-ultimate-cliched-twi/,,,2,14.0,13.5,13.0,29.0,0.4482758620689655,0.4482758620689655
H2,multi-qa-MiniLM-L6-cos-v1,291::https://blog.reedsy.com/creative-writing-prompts/short-story/write-a-story-inspired-by-the-ultimate-cliched-twi/,,,3,29.0,18.666666666666668,13.0,29.0,0.4482758620689655,0.4482758620689655
H2,multi-qa-MiniLM-L6-cos-v1,291::https://blog.reedsy.com/creative-writing-prompts/short-story/write-a-story-inspired-by-the-ultimate-cliched-twi/,,,4,29.0,17.5,13.0,29.0,0.4482758620689655,0.4482758620689655
H2,multi-qa-MiniLM-L6-cos-v1,291::https://blog.reedsy.com/creative-writing-prompts/short-story/write-a-story-inspired-by-the-ultimate-cliched-twi/,,,5,29.0,16.8,13.0,29.0,0.4482758620689655,0.4482758620689655
H2,multi-qa-MiniLM-L6-cos-v1,291::https://blog.reedsy.com/creative-writing-prompts/short-story/write-a-story-inspired-by-the-ultimate-cliched-twi/,,,6,29.0,18.666666666666668,13.0,29.0,0.4482758620689655,0.4482758620689655
H2,multi-qa-MiniLM-L6-cos-v1,291::https://blog.reedsy.com/creative-writing-prompts/short-story/write-a-story-inspired-by-the-ultimate-cliched-twi/,,,7,29.0,18.714285714285715,13.0,29.0,0.4482758620689655,0.4482758620689655
H2,multi-qa-MiniLM-L6-cos-v1,291::https://blog.reedsy.com/creative-writing-prompts/angst/center-your-story-around-a-character-s-addiction-o/,,,1,28.0,28.0,28.0,40.0,0.7,0.7
H2,multi-qa-MiniLM-L6-cos-v1,291::https://blog.reedsy.com/creative-writing-prompts/angst/center-your-story-around-a-character-s-addiction-o/,,,2,28.0,21.0,14.0,40.0,0.7,0.7
H2,multi-qa-MiniLM-L6-cos-v1,291::https://blog.reedsy.com/creative-writing-prompts/angst/center-your-story-around-a-character-s-addiction-o/,,,3,28.0,19.333333333333332,14.0,40.0,0.7,0.7
H2,multi-qa-MiniLM-L6-cos-v1,291::https://blog.reedsy.com/creative-writing-prompts/angst/center-your-story-around-a-character-s-addiction-o/,,,4,28.0,17.25,11.0,40.0,0.7,0.7
H2,multi-qa-MiniLM-L6-cos-v1,291::https://blog.reedsy.com/creative-writing-prompts/angst/center-your-story-around-a-character-s-addiction-o/,,,5,28.0,16.8,11.0,40.0,0.7,0.7
H2,multi-qa-MiniLM-L6-cos-v1,291::https://blog.reedsy.com/creative-writing-prompts/angst/center-your-story-around-a-character-s-addiction-o/,,,6,40.0,20.666666666666668,11.0,40.0,0.7,0.7
H2,multi-qa-MiniLM-L6-cos-v1,291::https://blog.reedsy.com/creative-writing-prompts/angst/center-your-story-around-a-character-s-addiction-o/,,,7,40.0,20.714285714285715,11.0,40.0,0.7,0.7
H2,multi-qa-MiniLM-L6-cos-v1,291::https://blog.reedsy.com/creative-writing-prompts/drama/write-a-story-that-keeps-a-key-detail-hidden-from-/,,,1,11.0,11.0,11.0,34.0,0.3235294117647059,0.3235294117647059
H2,multi-qa-MiniLM-L6-cos-v1,291::https://blog.reedsy.com/creative-writing-prompts/drama/write-a-story-that-keeps-a-key-detail-hidden-from-/,,,2,12.0,11.5,11.0,34.0,0.3235294117647059,0.3235294117647059
H2,multi-qa-MiniLM-L6-cos-v1,291::https://blog.reedsy.com/creative-writing-prompts/drama/write-a-story-that-keeps-a-key-detail-hidden-from-/,,,3,34.0,19.0,11.0,34.0,0.3235294117647059,0.3235294117647059
H2,multi-qa-MiniLM-L6-cos-v1,291::https://blog.reedsy.com/creative-writing-prompts/drama/write-a-story-that-keeps-a-key-detail-hidden-from-/,,,4,34.0,17.25,11.0,34.0,0.3235294117647059,0.3235294117647059
H2,multi-qa-MiniLM-L6-cos-v1,291::https://blog.reedsy.com/creative-writing-prompts/drama/write-a-story-that-keeps-a-key-detail-hidden-from-/,,,5,34.0,16.6,11.0,34.0,0.3235294117647059,0.3235294117647059
H2,multi-qa-MiniLM-L6-cos-v1,291::https://blog.reedsy.com/creative-writing-prompts/drama/write-a-story-that-keeps-a-key-detail-hidden-from-/,,,6,34.0,16.5,11.0,34.0,0.3235294117647059,0.3235294117647059
H2,multi-qa-MiniLM-L6-cos-v1,291::https://blog.reedsy.com/creative-writing-prompts/drama/write-a-story-that-keeps-a-key-detail-hidden-from-/,,,7,34.0,16.285714285714285,11.0,34.0,0.3235294117647059,0.3235294117647059
H2,multi-qa-MiniLM-L6-cos-v1,291::https://blog.reedsy.com/creative-writing-prompts/drama/center-your-story-around-a-character-who-successfu/,,,1,14.0,14.0,14.0,29.0,0.4827586206896552,0.4827586206896552
H2,multi-qa-MiniLM-L6-cos-v1,291::https://blog.reedsy.com/creative-writing-prompts/drama/center-your-story-around-a-character-who-successfu/,,,2,14.0,14.0,14.0,29.0,0.4827586206896552,0.4827586206896552
H2,multi-qa-MiniLM-L6-cos-v1,291::https://blog.reedsy.com/creative-writing-prompts/drama/center-your-story-around-a-character-who-successfu/,,,3,29.0,19.0,14.0,29.0,0.4827586206896552,0.4827586206896552
H2,multi-qa-MiniLM-L6-cos-v1,291::https://blog.reedsy.com/creative-writing-prompts/drama/center-your-story-around-a-character-who-successfu/,,,4,29.0,17.0,11.0,29.0,0.4827586206896552,0.4827586206896552
H2,multi-qa-MiniLM-L6-cos-v1,291::https://blog.reedsy.com/creative-writing-prompts/drama/center-your-story-around-a-character-who-successfu/,,,5,29.0,15.8,11.0,29.0,0.4827586206896552,0.4827586206896552
H2,multi-qa-MiniLM-L6-cos-v1,291::https://blog.reedsy.com/creative-writing-prompts/drama/center-your-story-around-a-character-who-successfu/,,,6,29.0,15.5,11.0,29.0,0.4827586206896552,0.4827586206896552
H2,multi-qa-MiniLM-L6-cos-v1,291::https://blog.reedsy.com/creative-writing-prompts/drama/center-your-story-around-a-character-who-successfu/,,,7,29.0,15.0,11.0,29.0,0.4827586206896552,0.4827586206896552
H2,multi-qa-MiniLM-L6-cos-v1,291::https://blog.reedsy.com/creative-writing-prompts/short-story/write-a-story-with-a-huge-surprise-either-in-the-m/,,,1,12.0,12.0,12.0,41.0,0.2926829268292683,0.2926829268292683
H2,multi-qa-MiniLM-L6-cos-v1,291::https://blog.reedsy.com/creative-writing-prompts/short-story/write-a-story-with-a-huge-surprise-either-in-the-m/,,,2,12.0,12.0,12.0,41.0,0.2926829268292683,0.2926829268292683
H2,multi-qa-MiniLM-L6-cos-v1,291::https://blog.reedsy.com/creative-writing-prompts/short-story/write-a-story-with-a-huge-surprise-either-in-the-m/,,,3,14.0,12.666666666666666,12.0,41.0,0.2926829268292683,0.2926829268292683
H2,multi-qa-MiniLM-L6-cos-v1,291::https://blog.reedsy.com/creative-writing-prompts/short-story/write-a-story-with-a-huge-surprise-either-in-the-m/,,,4,25.0,15.75,12.0,41.0,0.2926829268292683,0.2926829268292683
H2,multi-qa-MiniLM-L6-cos-v1,291::https://blog.reedsy.com/creative-writing-prompts/short-story/write-a-story-with-a-huge-surprise-either-in-the-m/,,,5,41.0,20.8,12.0,41.0,0.2926829268292683,0.2926829268292683
H2,multi-qa-MiniLM-L6-cos-v1,291::https://blog.reedsy.com/creative-writing-prompts/short-story/write-a-story-with-a-huge-surprise-either-in-the-m/,,,6,41.0,19.166666666666668,11.0,41.0,0.2926829268292683,0.2926829268292683
H2,multi-qa-MiniLM-L6-cos-v1,291::https://blog.reedsy.com/creative-writing-prompts/short-story/write-a-story-with-a-huge-surprise-either-in-the-m/,,,7,41.0,18.0,11.0,41.0,0.2926829268292683,0.2926829268292683
H2,multi-qa-MiniLM-L6-cos-v1,294::https://blog.reedsy.com/creative-writing-prompts/short-story/write-a-story-in-which-the-first-and-last-sentence/,,,1,15.0,15.0,15.0,35.0,0.42857142857142855,0.42857142857142855
H2,multi-qa-MiniLM-L6-cos-v1,294::https://blog.reedsy.com/creative-writing-prompts/short-story/write-a-story-in-which-the-first-and-last-sentence/,,,2,15.0,13.5,12.0,35.0,0.42857142857142855,0.42857142857142855
H2,multi-qa-MiniLM-L6-cos-v1,294::https://blog.reedsy.com/creative-writing-prompts/short-story/write-a-story-in-which-the-first-and-last-sentence/,,,3,15.0,13.0,12.0,35.0,0.42857142857142855,0.42857142857142855
H2,multi-qa-MiniLM-L6-cos-v1,294::https://blog.reedsy.com/creative-writing-prompts/short-story/write-a-story-in-which-the-first-and-last-sentence/,,,4,28.0,16.75,12.0,35.0,0.42857142857142855,0.42857142857142855
H2,multi-qa-MiniLM-L6-cos-v1,294::https://blog.reedsy.com/creative-writing-prompts/short-story/write-a-story-in-which-the-first-and-last-sentence/,,,5,29.0,19.2,12.0,35.0,0.42857142857142855,0.42857142857142855
H2,multi-qa-MiniLM-L6-cos-v1,294::https://blog.reedsy.com/creative-writing-prompts/short-story/write-a-story-in-which-the-first-and-last-sentence/,,,6,35.0,21.833333333333332,12.0,35.0,0.42857142857142855,0.42857142857142855
H2,multi-qa-MiniLM-L6-cos-v1,294::https://blog.reedsy.com/creative-writing-prompts/short-story/write-a-story-in-which-the-first-and-last-sentence/,,,7,35.0,21.285714285714285,12.0,35.0,0.42857142857142855,0.42857142857142855
H2,multi-qa-MiniLM-L6-cos-v1,294::https://blog.reedsy.com/creative-writing-prompts/short-story/create-a-title-with-reedsy-s-title-generator-then-/,,,1,16.0,16.0,16.0,31.0,0.5161290322580645,0.5161290322580645
H2,multi-qa-MiniLM-L6-cos-v1,294::https://blog.reedsy.com/creative-writing-prompts/short-story/create-a-title-with-reedsy-s-title-generator-then-/,,,2,16.0,13.5,11.0,31.0,0.5161290322580645,0.5161290322580645
H2,multi-qa-MiniLM-L6-cos-v1,294::https://blog.reedsy.com/creative-writing-prompts/short-story/create-a-title-with-reedsy-s-title-generator-then-/,,,3,18.0,15.0,11.0,31.0,0.5161290322580645,0.5161290322580645
H2,multi-qa-MiniLM-L6-cos-v1,294::https://blog.reedsy.com/creative-writing-prompts/short-story/create-a-title-with-reedsy-s-title-generator-then-/,,,4,18.0,15.0,11.0,31.0,0.5161290322580645,0.5161290322580645
H2,multi-qa-MiniLM-L6-cos-v1,294::https://blog.reedsy.com/creative-writing-prompts/short-story/create-a-title-with-reedsy-s-title-generator-then-/,,,5,20.0,16.0,11.0,31.0,0.5161290322580645,0.5161290322580645
H2,multi-qa-MiniLM-L6-cos-v1,294::https://blog.reedsy.com/creative-writing-prompts/short-story/create-a-title-with-reedsy-s-title-generator-then-/,,,6,20.0,16.333333333333332,11.0,31.0,0.5161290322580645,0.5161290322580645
H2,multi-qa-MiniLM-L6-cos-v1,294::https://blog.reedsy.com/creative-writing-prompts/short-story/create-a-title-with-reedsy-s-title-generator-then-/,,,7,31.0,18.428571428571427,11.0,31.0,0.5161290322580645,0.5161290322580645
H2,multi-qa-MiniLM-L6-cos-v1,294::https://blog.reedsy.com/creative-writing-prompts/short-story/write-a-story-in-the-form-of-a-letter-or-several-l/,,,1,26.0,26.0,26.0,26.0,1.0,1.0
H2,multi-qa-MiniLM-L6-cos-v1,294::https://blog.reedsy.com/creative-writing-prompts/short-story/write-a-story-in-the-form-of-a-letter-or-several-l/,,,2,26.0,21.0,16.0,26.0,1.0,1.0
H2,multi-qa-MiniLM-L6-cos-v1,294::https://blog.reedsy.com/creative-writing-prompts/short-story/write-a-story-in-the-form-of-a-letter-or-several-l/,,,3,26.0,20.0,16.0,26.0,1.0,1.0
H2,multi-qa-MiniLM-L6-cos-v1,294::https://blog.reedsy.com/creative-writing-prompts/short-story/write-a-story-in-the-form-of-a-letter-or-several-l/,,,4,26.0,19.0,16.0,26.0,1.0,1.0
H2,multi-qa-MiniLM-L6-cos-v1,294::https://blog.reedsy.com/creative-writing-prompts/short-story/write-a-story-in-the-form-of-a-letter-or-several-l/,,,5,26.0,18.4,16.0,26.0,1.0,1.0
H2,multi-qa-MiniLM-L6-cos-v1,294::https://blog.reedsy.com/creative-writing-prompts/short-story/write-a-story-in-the-form-of-a-letter-or-several-l/,,,6,26.0,18.333333333333332,16.0,26.0,1.0,1.0
H2,multi-qa-MiniLM-L6-cos-v1,294::https://blog.reedsy.com/creative-writing-prompts/short-story/write-a-story-in-the-form-of-a-letter-or-several-l/,,,7,26.0,17.285714285714285,11.0,26.0,1.0,1.0
H2,multi-qa-MiniLM-L6-cos-v1,294::https://blog.reedsy.com/creative-writing-prompts/drama/center-your-story-around-someone-who-s-at-a-loss-f/,,,1,21.0,21.0,21.0,44.0,0.4772727272727273,0.4772727272727273
H2,multi-qa-MiniLM-L6-cos-v1,294::https://blog.reedsy.com/creative-writing-prompts/drama/center-your-story-around-someone-who-s-at-a-loss-f/,,,2,32.0,26.5,21.0,44.0,0.4772727272727273,0.4772727272727273
H2,multi-qa-MiniLM-L6-cos-v1,294::https://blog.reedsy.com/creative-writing-prompts/drama/center-your-story-around-someone-who-s-at-a-loss-f/,,,3,32.0,21.333333333333332,11.0,44.0,0.4772727272727273,0.4772727272727273
H2,multi-qa-MiniLM-L6-cos-v1,294::https://blog.reedsy.com/creative-writing-prompts/drama/center-your-story-around-someone-who-s-at-a-loss-f/,,,4,44.0,27.0,11.0,44.0,0.4772727272727273,0.4772727272727273
H2,multi-qa-MiniLM-L6-cos-v1,294::https://blog.reedsy.com/creative-writing-prompts/drama/center-your-story-around-someone-who-s-at-a-loss-f/,,,5,44.0,29.0,11.0,44.0,0.4772727272727273,0.4772727272727273
H2,multi-qa-MiniLM-L6-cos-v1,294::https://blog.reedsy.com/creative-writing-prompts/drama/center-your-story-around-someone-who-s-at-a-loss-f/,,,6,44.0,27.5,11.0,44.0,0.4772727272727273,0.4772727272727273
H2,multi-qa-MiniLM-L6-cos-v1,294::https://blog.reedsy.com/creative-writing-prompts/drama/center-your-story-around-someone-who-s-at-a-loss-f/,,,7,44.0,25.285714285714285,11.0,44.0,0.4772727272727273,0.4772727272727273
H2,multi-qa-MiniLM-L6-cos-v1,294::https://blog.reedsy.com/creative-writing-prompts/dialogue/write-a-story-with-the-line-i-didn-t-mean-that-or-/,,,1,15.0,15.0,15.0,33.0,0.45454545454545453,0.45454545454545453
H2,multi-qa-MiniLM-L6-cos-v1,294::https://blog.reedsy.com/creative-writing-prompts/dialogue/write-a-story-with-the-line-i-didn-t-mean-that-or-/,,,2,28.0,21.5,15.0,33.0,0.45454545454545453,0.45454545454545453
H2,multi-qa-MiniLM-L6-cos-v1,294::https://blog.reedsy.com/creative-writing-prompts/dialogue/write-a-story-with-the-line-i-didn-t-mean-that-or-/,,,3,28.0,21.666666666666668,15.0,33.0,0.45454545454545453,0.45454545454545453
H2,multi-qa-MiniLM-L6-cos-v1,294::https://blog.reedsy.com/creative-writing-prompts/dialogue/write-a-story-with-the-line-i-didn-t-mean-that-or-/,,,4,28.0,21.5,15.0,33.0,0.45454545454545453,0.45454545454545453
H2,multi-qa-MiniLM-L6-cos-v1,294::https://blog.reedsy.com/creative-writing-prompts/dialogue/write-a-story-with-the-line-i-didn-t-mean-that-or-/,,,5,33.0,23.8,15.0,33.0,0.45454545454545453,0.45454545454545453
H2,multi-qa-MiniLM-L6-cos-v1,294::https://blog.reedsy.com/creative-writing-prompts/dialogue/write-a-story-with-the-line-i-didn-t-mean-that-or-/,,,6,33.0,22.166666666666668,14.0,33.0,0.45454545454545453,0.45454545454545453
H2,multi-qa-MiniLM-L6-cos-v1,294::https://blog.reedsy.com/creative-writing-prompts/dialogue/write-a-story-with-the-line-i-didn-t-mean-that-or-/,,,7,33.0,20.714285714285715,12.0,33.0,0.45454545454545453,0.45454545454545453
H2,multi-qa-MiniLM-L6-cos-v1,309::https://blog.reedsy.com/creative-writing-prompts/drama/write-a-story-that-includes-the-line-do-i-know-you/,,,1,12.0,12.0,12.0,30.0,0.4,0.4
H2,multi-qa-MiniLM-L6-cos-v1,309::https://blog.reedsy.com/creative-writing-prompts/drama/write-a-story-that-includes-the-line-do-i-know-you/,,,2,30.0,21.0,12.0,30.0,0.4,0.4
H2,multi-qa-MiniLM-L6-cos-v1,309::https://blog.reedsy.com/creative-writing-prompts/drama/write-a-story-that-includes-the-line-do-i-know-you/,,,3,30.0,17.666666666666668,11.0,30.0,0.4,0.4
H2,multi-qa-MiniLM-L6-cos-v1,309::https://blog.reedsy.com/creative-writing-prompts/drama/write-a-story-that-includes-the-line-do-i-know-you/,,,4,30.0,17.0,11.0,30.0,0.4,0.4
H2,multi-qa-MiniLM-L6-cos-v1,309::https://blog.reedsy.com/creative-writing-prompts/drama/write-a-story-that-includes-the-line-do-i-know-you/,,,5,30.0,15.8,11.0,30.0,0.4,0.4
H2,multi-qa-MiniLM-L6-cos-v1,309::https://blog.reedsy.com/creative-writing-prompts/drama/write-a-story-that-includes-the-line-do-i-know-you/,,,6,30.0,17.5,11.0,30.0,0.4,0.4
H2,multi-qa-MiniLM-L6-cos-v1,309::https://blog.reedsy.com/creative-writing-prompts/drama/write-a-story-that-includes-the-line-do-i-know-you/,,,7,30.0,17.428571428571427,11.0,30.0,0.4,0.4
H2,multi-qa-MiniLM-L6-cos-v1,309::https://blog.reedsy.com/creative-writing-prompts/short-story/start-or-end-your-story-with-a-character-making-fo/,,,1,11.0,11.0,11.0,21.0,0.5238095238095238,0.5238095238095238
H2,multi-qa-MiniLM-L6-cos-v1,309::https://blog.reedsy.com/creative-writing-prompts/short-story/start-or-end-your-story-with-a-character-making-fo/,,,2,13.0,12.0,11.0,21.0,0.5238095238095238,0.5238095238095238
H2,multi-qa-MiniLM-L6-cos-v1,309::https://blog.reedsy.com/creative-writing-prompts/short-story/start-or-end-your-story-with-a-character-making-fo/,,,3,13.0,12.0,11.0,21.0,0.5238095238095238,0.5238095238095238
H2,multi-qa-MiniLM-L6-cos-v1,309::https://blog.reedsy.com/creative-writing-prompts/short-story/start-or-end-your-story-with-a-character-making-fo/,,,4,13.0,12.0,11.0,21.0,0.5238095238095238,0.5238095238095238
H2,multi-qa-MiniLM-L6-cos-v1,309::https://blog.reedsy.com/creative-writing-prompts/short-story/start-or-end-your-story-with-a-character-making-fo/,,,5,13.0,12.0,11.0,21.0,0.5238095238095238,0.5238095238095238
H2,multi-qa-MiniLM-L6-cos-v1,309::https://blog.reedsy.com/creative-writing-prompts/short-story/start-or-end-your-story-with-a-character-making-fo/,,,6,21.0,13.5,11.0,21.0,0.5238095238095238,0.5238095238095238
H2,multi-qa-MiniLM-L6-cos-v1,309::https://blog.reedsy.com/creative-writing-prompts/short-story/start-or-end-your-story-with-a-character-making-fo/,,,7,21.0,13.142857142857142,11.0,21.0,0.5238095238095238,0.5238095238095238
H2,multi-qa-MiniLM-L6-cos-v1,309::https://blog.reedsy.com/creative-writing-prompts/character/center-your-story-around-a-character-who-yearns-fo/,,,1,11.0,11.0,11.0,59.0,0.1864406779661017,0.1864406779661017
H2,multi-qa-MiniLM-L6-cos-v1,309::https://blog.reedsy.com/creative-writing-prompts/character/center-your-story-around-a-character-who-yearns-fo/,,,2,12.0,11.5,11.0,59.0,0.1864406779661017,0.1864406779661017
H2,multi-qa-MiniLM-L6-cos-v1,309::https://blog.reedsy.com/creative-writing-prompts/character/center-your-story-around-a-character-who-yearns-fo/,,,3,28.0,17.0,11.0,59.0,0.1864406779661017,0.1864406779661017
H2,multi-qa-MiniLM-L6-cos-v1,309::https://blog.reedsy.com/creative-writing-prompts/character/center-your-story-around-a-character-who-yearns-fo/,,,4,28.0,19.25,11.0,59.0,0.1864406779661017,0.1864406779661017
H2,multi-qa-MiniLM-L6-cos-v1,309::https://blog.reedsy.com/creative-writing-prompts/character/center-your-story-around-a-character-who-yearns-fo/,,,5,28.0,17.8,11.0,59.0,0.1864406779661017,0.1864406779661017
H2,multi-qa-MiniLM-L6-cos-v1,309::https://blog.reedsy.com/creative-writing-prompts/character/center-your-story-around-a-character-who-yearns-fo/,,,6,28.0,17.5,11.0,59.0,0.1864406779661017,0.1864406779661017
H2,multi-qa-MiniLM-L6-cos-v1,309::https://blog.reedsy.com/creative-writing-prompts/character/center-your-story-around-a-character-who-yearns-fo/,,,7,28.0,16.571428571428573,11.0,59.0,0.1864406779661017,0.1864406779661017
H2,multi-qa-MiniLM-L6-cos-v1,309::https://blog.reedsy.com/creative-writing-prompts/short-story/write-a-story-with-a-person-s-name-in-the-title/,,,1,14.0,14.0,14.0,37.0,0.3783783783783784,0.3783783783783784
H2,multi-qa-MiniLM-L6-cos-v1,309::https://blog.reedsy.com/creative-writing-prompts/short-story/write-a-story-with-a-person-s-name-in-the-title/,,,2,19.0,16.5,14.0,37.0,0.3783783783783784,0.3783783783783784
H2,multi-qa-MiniLM-L6-cos-v1,309::https://blog.reedsy.com/creative-writing-prompts/short-story/write-a-story-with-a-person-s-name-in-the-title/,,,3,19.0,15.666666666666666,14.0,37.0,0.3783783783783784,0.3783783783783784
H2,multi-qa-MiniLM-L6-cos-v1,309::https://blog.reedsy.com/creative-writing-prompts/short-story/write-a-story-with-a-person-s-name-in-the-title/,,,4,19.0,16.25,14.0,37.0,0.3783783783783784,0.3783783783783784
H2,multi-qa-MiniLM-L6-cos-v1,309::https://blog.reedsy.com/creative-writing-prompts/short-story/write-a-story-with-a-person-s-name-in-the-title/,,,5,19.0,16.2,14.0,37.0,0.3783783783783784,0.3783783783783784
H2,multi-qa-MiniLM-L6-cos-v1,309::https://blog.reedsy.com/creative-writing-prompts/short-story/write-a-story-with-a-person-s-name-in-the-title/,,,6,19.0,15.5,12.0,37.0,0.3783783783783784,0.3783783783783784
H2,multi-qa-MiniLM-L6-cos-v1,309::https://blog.reedsy.com/creative-writing-prompts/short-story/write-a-story-with-a-person-s-name-in-the-title/,,,7,19.0,15.142857142857142,12.0,37.0,0.3783783783783784,0.3783783783783784
H2,multi-qa-MiniLM-L6-cos-v1,309::https://blog.reedsy.com/creative-writing-prompts/drama/center-your-story-around-two-characters-who-like-e/,,,1,12.0,12.0,12.0,28.0,0.42857142857142855,0.42857142857142855
H2,multi-qa-MiniLM-L6-cos-v1,309::https://blog.reedsy.com/creative-writing-prompts/drama/center-your-story-around-two-characters-who-like-e/,,,2,12.0,11.5,11.0,28.0,0.42857142857142855,0.42857142857142855
H2,multi-qa-MiniLM-L6-cos-v1,309::https://blog.reedsy.com/creative-writing-prompts/drama/center-your-story-around-two-characters-who-like-e/,,,3,15.0,12.666666666666666,11.0,28.0,0.42857142857142855,0.42857142857142855
H2,multi-qa-MiniLM-L6-cos-v1,309::https://blog.reedsy.com/creative-writing-prompts/drama/center-your-story-around-two-characters-who-like-e/,,,4,20.0,14.5,11.0,28.0,0.42857142857142855,0.42857142857142855
H2,multi-qa-MiniLM-L6-cos-v1,309::https://blog.reedsy.com/creative-writing-prompts/drama/center-your-story-around-two-characters-who-like-e/,,,5,20.0,14.2,11.0,28.0,0.42857142857142855,0.42857142857142855
H2,multi-qa-MiniLM-L6-cos-v1,309::https://blog.reedsy.com/creative-writing-prompts/drama/center-your-story-around-two-characters-who-like-e/,,,6,20.0,14.5,11.0,28.0,0.42857142857142855,0.42857142857142855
H2,multi-qa-MiniLM-L6-cos-v1,309::https://blog.reedsy.com/creative-writing-prompts/drama/center-your-story-around-two-characters-who-like-e/,,,7,20.0,14.142857142857142,11.0,28.0,0.42857142857142855,0.42857142857142855
H2,multi-qa-MiniLM-L6-cos-v1,316::https://blog.reedsy.com/creative-writing-prompts/drama/write-a-story-where-a-character-s-true-identity-or/,,,1,19.0,19.0,19.0,23.0,0.8260869565217391,0.8260869565217391
H2,multi-qa-MiniLM-L6-cos-v1,316::https://blog.reedsy.com/creative-writing-prompts/drama/write-a-story-where-a-character-s-true-identity-or/,,,2,19.0,17.5,16.0,23.0,0.8260869565217391,0.8260869565217391
H2,multi-qa-MiniLM-L6-cos-v1,316::https://blog.reedsy.com/creative-writing-prompts/drama/write-a-story-where-a-character-s-true-identity-or/,,,3,23.0,19.333333333333332,16.0,23.0,0.8260869565217391,0.8260869565217391
H2,multi-qa-MiniLM-L6-cos-v1,316::https://blog.reedsy.com/creative-writing-prompts/drama/write-a-story-where-a-character-s-true-identity-or/,,,4,23.0,17.25,11.0,23.0,0.8260869565217391,0.8260869565217391
H2,multi-qa-MiniLM-L6-cos-v1,316::https://blog.reedsy.com/creative-writing-prompts/drama/write-a-story-where-a-character-s-true-identity-or/,,,5,23.0,16.4,11.0,23.0,0.8260869565217391,0.8260869565217391
H2,multi-qa-MiniLM-L6-cos-v1,316::https://blog.reedsy.com/creative-writing-prompts/drama/write-a-story-where-a-character-s-true-identity-or/,,,6,23.0,15.5,11.0,23.0,0.8260869565217391,0.8260869565217391
H2,multi-qa-MiniLM-L6-cos-v1,316::https://blog.reedsy.com/creative-writing-prompts/drama/write-a-story-where-a-character-s-true-identity-or/,,,7,23.0,15.285714285714286,11.0,23.0,0.8260869565217391,0.8260869565217391
H2,multi-qa-MiniLM-L6-cos-v1,316::https://blog.reedsy.com/creative-writing-prompts/short-story/include-the-word-hero-mask-or-truth-in-your-story-/,,,1,12.0,12.0,12.0,47.0,0.2553191489361702,0.2553191489361702
H2,multi-qa-MiniLM-L6-cos-v1,316::https://blog.reedsy.com/creative-writing-prompts/short-story/include-the-word-hero-mask-or-truth-in-your-story-/,,,2,15.0,13.5,12.0,47.0,0.2553191489361702,0.2553191489361702
H2,multi-qa-MiniLM-L6-cos-v1,316::https://blog.reedsy.com/creative-writing-prompts/short-story/include-the-word-hero-mask-or-truth-in-your-story-/,,,3,20.0,15.666666666666666,12.0,47.0,0.2553191489361702,0.2553191489361702
H2,multi-qa-MiniLM-L6-cos-v1,316::https://blog.reedsy.com/creative-writing-prompts/short-story/include-the-word-hero-mask-or-truth-in-your-story-/,,,4,20.0,15.25,12.0,47.0,0.2553191489361702,0.2553191489361702
H2,multi-qa-MiniLM-L6-cos-v1,316::https://blog.reedsy.com/creative-writing-prompts/short-story/include-the-word-hero-mask-or-truth-in-your-story-/,,,5,20.0,14.6,12.0,47.0,0.2553191489361702,0.2553191489361702
H2,multi-qa-MiniLM-L6-cos-v1,316::https://blog.reedsy.com/creative-writing-prompts/short-story/include-the-word-hero-mask-or-truth-in-your-story-/,,,6,20.0,14.5,12.0,47.0,0.2553191489361702,0.2553191489361702
H2,multi-qa-MiniLM-L6-cos-v1,316::https://blog.reedsy.com/creative-writing-prompts/short-story/include-the-word-hero-mask-or-truth-in-your-story-/,,,7,20.0,14.714285714285714,12.0,47.0,0.2553191489361702,0.2553191489361702
H2,multi-qa-MiniLM-L6-cos-v1,316::https://blog.reedsy.com/creative-writing-prompts/drama/write-a-story-from-the-pov-of-someone-who-s-hiding/,,,1,14.0,14.0,14.0,23.0,0.6086956521739131,0.6086956521739131
H2,multi-qa-MiniLM-L6-cos-v1,316::https://blog.reedsy.com/creative-writing-prompts/drama/write-a-story-from-the-pov-of-someone-who-s-hiding/,,,2,14.0,12.5,11.0,23.0,0.6086956521739131,0.6086956521739131
H2,multi-qa-MiniLM-L6-cos-v1,316::https://blog.reedsy.com/creative-writing-prompts/drama/write-a-story-from-the-pov-of-someone-who-s-hiding/,,,3,14.0,12.0,11.0,23.0,0.6086956521739131,0.6086956521739131
H2,multi-qa-MiniLM-L6-cos-v1,316::https://blog.reedsy.com/creative-writing-prompts/drama/write-a-story-from-the-pov-of-someone-who-s-hiding/,,,4,14.0,12.0,11.0,23.0,0.6086956521739131,0.6086956521739131
H2,multi-qa-MiniLM-L6-cos-v1,316::https://blog.reedsy.com/creative-writing-prompts/drama/write-a-story-from-the-pov-of-someone-who-s-hiding/,,,5,14.0,12.0,11.0,23.0,0.6086956521739131,0.6086956521739131
H2,multi-qa-MiniLM-L6-cos-v1,316::https://blog.reedsy.com/creative-writing-prompts/drama/write-a-story-from-the-pov-of-someone-who-s-hiding/,,,6,15.0,12.5,11.0,23.0,0.6086956521739131,0.6086956521739131
H2,multi-qa-MiniLM-L6-cos-v1,316::https://blog.reedsy.com/creative-writing-prompts/drama/write-a-story-from-the-pov-of-someone-who-s-hiding/,,,7,15.0,12.285714285714286,11.0,23.0,0.6086956521739131,0.6086956521739131
H2,multi-qa-MiniLM-L6-cos-v1,316::https://blog.reedsy.com/creative-writing-prompts/drama/center-your-story-around-someone-s-public-image-an/,,,1,20.0,20.0,20.0,20.0,1.0,1.0
H2,multi-qa-MiniLM-L6-cos-v1,316::https://blog.reedsy.com/creative-writing-prompts/drama/center-your-story-around-someone-s-public-image-an/,,,2,20.0,15.5,11.0,20.0,1.0,1.0
H2,multi-qa-MiniLM-L6-cos-v1,316::https://blog.reedsy.com/creative-writing-prompts/drama/center-your-story-around-someone-s-public-image-an/,,,3,20.0,15.666666666666666,11.0,20.0,1.0,1.0
H2,multi-qa-MiniLM-L6-cos-v1,316::https://blog.reedsy.com/creative-writing-prompts/drama/center-your-story-around-someone-s-public-image-an/,,,4,20.0,16.75,11.0,20.0,1.0,1.0
H2,multi-qa-MiniLM-L6-cos-v1,316::https://blog.reedsy.com/creative-writing-prompts/drama/center-your-story-around-someone-s-public-image-an/,,,5,20.0,17.2,11.0,20.0,1.0,1.0
H2,multi-qa-MiniLM-L6-cos-v1,316::https://blog.reedsy.com/creative-writing-prompts/drama/center-your-story-around-someone-s-public-image-an/,,,6,20.0,17.0,11.0,20.0,1.0,1.0
H2,multi-qa-MiniLM-L6-cos-v1,316::https://blog.reedsy.com/creative-writing-prompts/drama/center-your-story-around-someone-s-public-image-an/,,,7,20.0,16.142857142857142,11.0,20.0,1.0,1.0
H2,multi-qa-MiniLM-L6-cos-v1,316::https://blog.reedsy.com/creative-writing-prompts/short-story/write-a-story-that-includes-the-line-can-you-keep-/,,,1,20.0,20.0,20.0,20.0,1.0,1.0
H2,multi-qa-MiniLM-L6-cos-v1,316::https://blog.reedsy.com/creative-writing-prompts/short-story/write-a-story-that-includes-the-line-can-you-keep-/,,,2,20.0,16.0,12.0,20.0,1.0,1.0
H2,multi-qa-MiniLM-L6-cos-v1,316::https://blog.reedsy.com/creative-writing-prompts/short-story/write-a-story-that-includes-the-line-can-you-keep-/,,,3,20.0,15.333333333333334,12.0,20.0,1.0,1.0
H2,multi-qa-MiniLM-L6-cos-v1,316::https://blog.reedsy.com/creative-writing-prompts/short-story/write-a-story-that-includes-the-line-can-you-keep-/,,,4,20.0,16.0,12.0,20.0,1.0,1.0
H2,multi-qa-MiniLM-L6-cos-v1,316::https://blog.reedsy.com/creative-writing-prompts/short-story/write-a-story-that-includes-the-line-can-you-keep-/,,,5,20.0,15.0,11.0,20.0,1.0,1.0
H2,multi-qa-MiniLM-L6-cos-v1,316::https://blog.reedsy.com/creative-writing-prompts/short-story/write-a-story-that-includes-the-line-can-you-keep-/,,,6,20.0,15.166666666666666,11.0,20.0,1.0,1.0
H2,multi-qa-MiniLM-L6-cos-v1,316::https://blog.reedsy.com/creative-writing-prompts/short-story/write-a-story-that-includes-the-line-can-you-keep-/,,,7,20.0,15.166666666666666,11.0,20.0,1.0,1.0
H2,paraphrase-MiniLM-L12-v2,291::https://blog.reedsy.com/creative-writing-prompts/short-story/write-a-story-inspired-by-the-ultimate-cliched-twi/,,,1,14.0,14.0,14.0,29.0,0.4827586206896552,0.4827586206896552
H2,paraphrase-MiniLM-L12-v2,291::https://blog.reedsy.com/creative-writing-prompts/short-story/write-a-story-inspired-by-the-ultimate-cliched-twi/,,,2,14.0,14.0,14.0,29.0,0.4827586206896552,0.4827586206896552
H2,paraphrase-MiniLM-L12-v2,291::https://blog.reedsy.com/creative-writing-prompts/short-story/write-a-story-inspired-by-the-ultimate-cliched-twi/,,,3,29.0,19.0,14.0,29.0,0.4827586206896552,0.4827586206896552
H2,paraphrase-MiniLM-L12-v2,291::https://blog.reedsy.com/creative-writing-prompts/short-story/write-a-story-inspired-by-the-ultimate-cliched-twi/,,,4,29.0,18.5,14.0,29.0,0.4827586206896552,0.4827586206896552
H2,paraphrase-MiniLM-L12-v2,291::https://blog.reedsy.com/creative-writing-prompts/short-story/write-a-story-inspired-by-the-ultimate-cliched-twi/,,,5,29.0,17.6,14.0,29.0,0.4827586206896552,0.4827586206896552
H2,paraphrase-MiniLM-L12-v2,291::https://blog.reedsy.com/creative-writing-prompts/short-story/write-a-story-inspired-by-the-ultimate-cliched-twi/,,,6,29.0,16.833333333333332,13.0,29.0,0.4827586206896552,0.4827586206896552
H2,paraphrase-MiniLM-L12-v2,291::https://blog.reedsy.com/creative-writing-prompts/short-story/write-a-story-inspired-by-the-ultimate-cliched-twi/,,,7,29.0,16.428571428571427,13.0,29.0,0.4827586206896552,0.4827586206896552
H2,paraphrase-MiniLM-L12-v2,291::https://blog.reedsy.com/creative-writing-prompts/angst/center-your-story-around-a-character-s-addiction-o/,,,1,15.0,15.0,15.0,40.0,0.375,0.375
H2,paraphrase-MiniLM-L12-v2,291::https://blog.reedsy.com/creative-writing-prompts/angst/center-your-story-around-a-character-s-addiction-o/,,,2,40.0,27.5,15.0,40.0,0.375,0.375
H2,paraphrase-MiniLM-L12-v2,291::https://blog.reedsy.com/creative-writing-prompts/angst/center-your-story-around-a-character-s-addiction-o/,,,3,40.0,27.666666666666668,15.0,40.0,0.375,0.375
H2,paraphrase-MiniLM-L12-v2,291::https://blog.reedsy.com/creative-writing-prompts/angst/center-your-story-around-a-character-s-addiction-o/,,,4,40.0,29.0,15.0,40.0,0.375,0.375
H2,paraphrase-MiniLM-L12-v2,291::https://blog.reedsy.com/creative-writing-prompts/angst/center-your-story-around-a-character-s-addiction-o/,,,5,40.0,26.4,15.0,40.0,0.375,0.375
H2,paraphrase-MiniLM-L12-v2,291::https://blog.reedsy.com/creative-writing-prompts/angst/center-your-story-around-a-character-s-addiction-o/,,,6,40.0,23.833333333333332,11.0,40.0,0.375,0.375
H2,paraphrase-MiniLM-L12-v2,291::https://blog.reedsy.com/creative-writing-prompts/angst/center-your-story-around-a-character-s-addiction-o/,,,7,40.0,22.571428571428573,11.0,40.0,0.375,0.375
H2,paraphrase-MiniLM-L12-v2,291::https://blog.reedsy.com/creative-writing-prompts/drama/write-a-story-that-keeps-a-key-detail-hidden-from-/,,,1,34.0,34.0,34.0,34.0,1.0,1.0
H2,paraphrase-MiniLM-L12-v2,291::https://blog.reedsy.com/creative-writing-prompts/drama/write-a-story-that-keeps-a-key-detail-hidden-from-/,,,2,34.0,23.0,12.0,34.0,1.0,1.0
H2,paraphrase-MiniLM-L12-v2,291::https://blog.reedsy.com/creative-writing-prompts/drama/write-a-story-that-keeps-a-key-detail-hidden-from-/,,,3,34.0,19.0,11.0,34.0,1.0,1.0
H2,paraphrase-MiniLM-L12-v2,291::https://blog.reedsy.com/creative-writing-prompts/drama/write-a-story-that-keeps-a-key-detail-hidden-from-/,,,4,34.0,17.25,11.0,34.0,1.0,1.0
H2,paraphrase-MiniLM-L12-v2,291::https://blog.reedsy.com/creative-writing-prompts/drama/write-a-story-that-keeps-a-key-detail-hidden-from-/,,,5,34.0,16.8,11.0,34.0,1.0,1.0
H2,paraphrase-MiniLM-L12-v2,291::https://blog.reedsy.com/creative-writing-prompts/drama/write-a-story-that-keeps-a-key-detail-hidden-from-/,,,6,34.0,16.333333333333332,11.0,34.0,1.0,1.0
H2,paraphrase-MiniLM-L12-v2,291::https://blog.reedsy.com/creative-writing-prompts/drama/write-a-story-that-keeps-a-key-detail-hidden-from-/,,,7,34.0,16.428571428571427,11.0,34.0,1.0,1.0
H2,paraphrase-MiniLM-L12-v2,291::https://blog.reedsy.com/creative-writing-prompts/drama/center-your-story-around-a-character-who-successfu/,,,1,13.0,13.0,13.0,29.0,0.4482758620689655,0.4482758620689655
H2,paraphrase-MiniLM-L12-v2,291::https://blog.reedsy.com/creative-writing-prompts/drama/center-your-story-around-a-character-who-successfu/,,,2,13.0,12.0,11.0,29.0,0.4482758620689655,0.4482758620689655
H2,paraphrase-MiniLM-L12-v2,291::https://blog.reedsy.com/creative-writing-prompts/drama/center-your-story-around-a-character-who-successfu/,,,3,13.0,11.666666666666666,11.0,29.0,0.4482758620689655,0.4482758620689655
H2,paraphrase-MiniLM-L12-v2,291::https://blog.reedsy.com/creative-writing-prompts/drama/center-your-story-around-a-character-who-successfu/,,,4,13.0,11.5,11.0,29.0,0.4482758620689655,0.4482758620689655
H2,paraphrase-MiniLM-L12-v2,291::https://blog.reedsy.com/creative-writing-prompts/drama/center-your-story-around-a-character-who-successfu/,,,5,14.0,12.0,11.0,29.0,0.4482758620689655,0.4482758620689655
H2,paraphrase-MiniLM-L12-v2,291::https://blog.reedsy.com/creative-writing-prompts/drama/center-your-story-around-a-character-who-successfu/,,,6,14.0,12.0,11.0,29.0,0.4482758620689655,0.4482758620689655
H2,paraphrase-MiniLM-L12-v2,291::https://blog.reedsy.com/creative-writing-prompts/drama/center-your-story-around-a-character-who-successfu/,,,7,14.0,12.285714285714286,11.0,29.0,0.4482758620689655,0.4482758620689655
H2,paraphrase-MiniLM-L12-v2,291::https://blog.reedsy.com/creative-writing-prompts/short-story/write-a-story-with-a-huge-surprise-either-in-the-m/,,,1,11.0,11.0,11.0,41.0,0.2682926829268293,0.2682926829268293
H2,paraphrase-MiniLM-L12-v2,291::https://blog.reedsy.com/creative-writing-prompts/short-story/write-a-story-with-a-huge-surprise-either-in-the-m/,,,2,12.0,11.5,11.0,41.0,0.2682926829268293,0.2682926829268293
H2,paraphrase-MiniLM-L12-v2,291::https://blog.reedsy.com/creative-writing-prompts/short-story/write-a-story-with-a-huge-surprise-either-in-the-m/,,,3,12.0,11.666666666666666,11.0,41.0,0.2682926829268293,0.2682926829268293
H2,paraphrase-MiniLM-L12-v2,291::https://blog.reedsy.com/creative-writing-prompts/short-story/write-a-story-with-a-huge-surprise-either-in-the-m/,,,4,15.0,12.5,11.0,41.0,0.2682926829268293,0.2682926829268293
H2,paraphrase-MiniLM-L12-v2,291::https://blog.reedsy.com/creative-writing-prompts/short-story/write-a-story-with-a-huge-surprise-either-in-the-m/,,,5,15.0,12.8,11.0,41.0,0.2682926829268293,0.2682926829268293
H2,paraphrase-MiniLM-L12-v2,291::https://blog.reedsy.com/creative-writing-prompts/short-story/write-a-story-with-a-huge-surprise-either-in-the-m/,,,6,15.0,12.5,11.0,41.0,0.2682926829268293,0.2682926829268293
H2,paraphrase-MiniLM-L12-v2,291::https://blog.reedsy.com/creative-writing-prompts/short-story/write-a-story-with-a-huge-surprise-either-in-the-m/,,,7,23.0,14.0,11.0,41.0,0.2682926829268293,0.2682926829268293
H2,paraphrase-MiniLM-L12-v2,294::https://blog.reedsy.com/creative-writing-prompts/short-story/write-a-story-in-which-the-first-and-last-sentence/,,,1,28.0,28.0,28.0,35.0,0.8,0.8
H2,paraphrase-MiniLM-L12-v2,294::https://blog.reedsy.com/creative-writing-prompts/short-story/write-a-story-in-which-the-first-and-last-sentence/,,,2,28.0,23.5,19.0,35.0,0.8,0.8
H2,paraphrase-MiniLM-L12-v2,294::https://blog.reedsy.com/creative-writing-prompts/short-story/write-a-story-in-which-the-first-and-last-sentence/,,,3,28.0,19.666666666666668,12.0,35.0,0.8,0.8
H2,paraphrase-MiniLM-L12-v2,294::https://blog.reedsy.com/creative-writing-prompts/short-story/write-a-story-in-which-the-first-and-last-sentence/,,,4,28.0,18.5,12.0,35.0,0.8,0.8
H2,paraphrase-MiniLM-L12-v2,294::https://blog.reedsy.com/creative-writing-prompts/short-story/write-a-story-in-which-the-first-and-last-sentence/,,,5,28.0,17.2,12.0,35.0,0.8,0.8
H2,paraphrase-MiniLM-L12-v2,294::https://blog.reedsy.com/creative-writing-prompts/short-story/write-a-story-in-which-the-first-and-last-sentence/,,,6,28.0,16.666666666666668,12.0,35.0,0.8,0.8
H2,paraphrase-MiniLM-L12-v2,294::https://blog.reedsy.com/creative-writing-prompts/short-story/write-a-story-in-which-the-first-and-last-sentence/,,,7,28.0,16.428571428571427,12.0,35.0,0.8,0.8
H2,paraphrase-MiniLM-L12-v2,294::https://blog.reedsy.com/creative-writing-prompts/short-story/create-a-title-with-reedsy-s-title-generator-then-/,,,1,16.0,16.0,16.0,31.0,0.5161290322580645,0.5161290322580645
H2,paraphrase-MiniLM-L12-v2,294::https://blog.reedsy.com/creative-writing-prompts/short-story/create-a-title-with-reedsy-s-title-generator-then-/,,,2,18.0,17.0,16.0,31.0,0.5161290322580645,0.5161290322580645
H2,paraphrase-MiniLM-L12-v2,294::https://blog.reedsy.com/creative-writing-prompts/short-story/create-a-title-with-reedsy-s-title-generator-then-/,,,3,20.0,18.0,16.0,31.0,0.5161290322580645,0.5161290322580645
H2,paraphrase-MiniLM-L12-v2,294::https://blog.reedsy.com/creative-writing-prompts/short-story/create-a-title-with-reedsy-s-title-generator-then-/,,,4,25.0,19.75,16.0,31.0,0.5161290322580645,0.5161290322580645
H2,paraphrase-MiniLM-L12-v2,294::https://blog.reedsy.com/creative-writing-prompts/short-story/create-a-title-with-reedsy-s-title-generator-then-/,,,5,25.0,18.8,15.0,31.0,0.5161290322580645,0.5161290322580645
H2,paraphrase-MiniLM-L12-v2,294::https://blog.reedsy.com/creative-writing-prompts/short-story/create-a-title-with-reedsy-s-title-generator-then-/,,,6,31.0,20.833333333333332,15.0,31.0,0.5161290322580645,0.5161290322580645
H2,paraphrase-MiniLM-L12-v2,294::https://blog.reedsy.com/creative-writing-prompts/short-story/create-a-title-with-reedsy-s-title-generator-then-/,,,7,31.0,19.428571428571427,11.0,31.0,0.5161290322580645,0.5161290322580645
H2,paraphrase-MiniLM-L12-v2,294::https://blog.reedsy.com/creative-writing-prompts/short-story/write-a-story-in-the-form-of-a-letter-or-several-l/,,,1,16.0,16.0,16.0,26.0,0.6153846153846154,0.6153846153846154
H2,paraphrase-MiniLM-L12-v2,294::https://blog.reedsy.com/creative-writing-prompts/short-story/write-a-story-in-the-form-of-a-letter-or-several-l/,,,2,16.0,13.5,11.0,26.0,0.6153846153846154,0.6153846153846154
H2,paraphrase-MiniLM-L12-v2,294::https://blog.reedsy.com/creative-writing-prompts/short-story/write-a-story-in-the-form-of-a-letter-or-several-l/,,,3,18.0,15.0,11.0,26.0,0.6153846153846154,0.6153846153846154
H2,paraphrase-MiniLM-L12-v2,294::https://blog.reedsy.com/creative-writing-prompts/short-story/write-a-story-in-the-form-of-a-letter-or-several-l/,,,4,18.0,15.25,11.0,26.0,0.6153846153846154,0.6153846153846154
H2,paraphrase-MiniLM-L12-v2,294::https://blog.reedsy.com/creative-writing-prompts/short-story/write-a-story-in-the-form-of-a-letter-or-several-l/,,,5,18.0,14.6,11.0,26.0,0.6153846153846154,0.6153846153846154
H2,paraphrase-MiniLM-L12-v2,294::https://blog.reedsy.com/creative-writing-prompts/short-story/write-a-story-in-the-form-of-a-letter-or-several-l/,,,6,18.0,14.166666666666666,11.0,26.0,0.6153846153846154,0.6153846153846154
H2,paraphrase-MiniLM-L12-v2,294::https://blog.reedsy.com/creative-writing-prompts/short-story/write-a-story-in-the-form-of-a-letter-or-several-l/,,,7,26.0,15.857142857142858,11.0,26.0,0.6153846153846154,0.6153846153846154
H2,paraphrase-MiniLM-L12-v2,294::https://blog.reedsy.com/creative-writing-prompts/drama/center-your-story-around-someone-who-s-at-a-loss-f/,,,1,37.0,37.0,37.0,44.0,0.8409090909090909,0.8409090909090909
H2,paraphrase-MiniLM-L12-v2,294::https://blog.reedsy.com/creative-writing-prompts/drama/center-your-story-around-someone-who-s-at-a-loss-f/,,,2,44.0,40.5,37.0,44.0,0.8409090909090909,0.8409090909090909
H2,paraphrase-MiniLM-L12-v2,294::https://blog.reedsy.com/creative-writing-prompts/drama/center-your-story-around-someone-who-s-at-a-loss-f/,,,3,44.0,34.0,21.0,44.0,0.8409090909090909,0.8409090909090909
H2,paraphrase-MiniLM-L12-v2,294::https://blog.reedsy.com/creative-writing-prompts/drama/center-your-story-around-someone-who-s-at-a-loss-f/,,,4,44.0,33.5,21.0,44.0,0.8409090909090909,0.8409090909090909
H2,paraphrase-MiniLM-L12-v2,294::https://blog.reedsy.com/creative-writing-prompts/drama/center-your-story-around-someone-who-s-at-a-loss-f/,,,5,44.0,30.8,20.0,44.0,0.8409090909090909,0.8409090909090909
H2,paraphrase-MiniLM-L12-v2,294::https://blog.reedsy.com/creative-writing-prompts/drama/center-your-story-around-someone-who-s-at-a-loss-f/,,,6,44.0,27.5,11.0,44.0,0.8409090909090909,0.8409090909090909
H2,paraphrase-MiniLM-L12-v2,294::https://blog.reedsy.com/creative-writing-prompts/drama/center-your-story-around-someone-who-s-at-a-loss-f/,,,7,44.0,25.285714285714285,11.0,44.0,0.8409090909090909,0.8409090909090909
H2,paraphrase-MiniLM-L12-v2,294::https://blog.reedsy.com/creative-writing-prompts/dialogue/write-a-story-with-the-line-i-didn-t-mean-that-or-/,,,1,15.0,15.0,15.0,33.0,0.45454545454545453,0.45454545454545453
H2,paraphrase-MiniLM-L12-v2,294::https://blog.reedsy.com/creative-writing-prompts/dialogue/write-a-story-with-the-line-i-didn-t-mean-that-or-/,,,2,21.0,18.0,15.0,33.0,0.45454545454545453,0.45454545454545453
H2,paraphrase-MiniLM-L12-v2,294::https://blog.reedsy.com/creative-writing-prompts/dialogue/write-a-story-with-the-line-i-didn-t-mean-that-or-/,,,3,22.0,19.333333333333332,15.0,33.0,0.45454545454545453,0.45454545454545453
H2,paraphrase-MiniLM-L12-v2,294::https://blog.reedsy.com/creative-writing-prompts/dialogue/write-a-story-with-the-line-i-didn-t-mean-that-or-/,,,4,28.0,21.5,15.0,33.0,0.45454545454545453,0.45454545454545453
H2,paraphrase-MiniLM-L12-v2,294::https://blog.reedsy.com/creative-writing-prompts/dialogue/write-a-story-with-the-line-i-didn-t-mean-that-or-/,,,5,33.0,23.8,15.0,33.0,0.45454545454545453,0.45454545454545453
H2,paraphrase-MiniLM-L12-v2,294::https://blog.reedsy.com/creative-writing-prompts/dialogue/write-a-story-with-the-line-i-didn-t-mean-that-or-/,,,6,33.0,22.166666666666668,14.0,33.0,0.45454545454545453,0.45454545454545453
H2,paraphrase-MiniLM-L12-v2,294::https://blog.reedsy.com/creative-writing-prompts/dialogue/write-a-story-with-the-line-i-didn-t-mean-that-or-/,,,7,33.0,23.285714285714285,14.0,33.0,0.45454545454545453,0.45454545454545453
H2,paraphrase-MiniLM-L12-v2,309::https://blog.reedsy.com/creative-writing-prompts/drama/write-a-story-that-includes-the-line-do-i-know-you/,,,1,12.0,12.0,12.0,30.0,0.4,0.4
H2,paraphrase-MiniLM-L12-v2,309::https://blog.reedsy.com/creative-writing-prompts/drama/write-a-story-that-includes-the-line-do-i-know-you/,,,2,14.0,13.0,12.0,30.0,0.4,0.4
H2,paraphrase-MiniLM-L12-v2,309::https://blog.reedsy.com/creative-writing-prompts/drama/write-a-story-that-includes-the-line-do-i-know-you/,,,3,30.0,18.666666666666668,12.0,30.0,0.4,0.4
H2,paraphrase-MiniLM-L12-v2,309::https://blog.reedsy.com/creative-writing-prompts/drama/write-a-story-that-includes-the-line-do-i-know-you/,,,4,30.0,17.75,12.0,30.0,0.4,0.4
H2,paraphrase-MiniLM-L12-v2,309::https://blog.reedsy.com/creative-writing-prompts/drama/write-a-story-that-includes-the-line-do-i-know-you/,,,5,30.0,16.6,12.0,30.0,0.4,0.4
H2,paraphrase-MiniLM-L12-v2,309::https://blog.reedsy.com/creative-writing-prompts/drama/write-a-story-that-includes-the-line-do-i-know-you/,,,6,30.0,16.666666666666668,12.0,30.0,0.4,0.4
H2,paraphrase-MiniLM-L12-v2,309::https://blog.reedsy.com/creative-writing-prompts/drama/write-a-story-that-includes-the-line-do-i-know-you/,,,7,30.0,15.857142857142858,11.0,30.0,0.4,0.4
H2,paraphrase-MiniLM-L12-v2,309::https://blog.reedsy.com/creative-writing-prompts/short-story/start-or-end-your-story-with-a-character-making-fo/,,,1,13.0,13.0,13.0,21.0,0.6190476190476191,0.6190476190476191
H2,paraphrase-MiniLM-L12-v2,309::https://blog.reedsy.com/creative-writing-prompts/short-story/start-or-end-your-story-with-a-character-making-fo/,,,2,17.0,15.0,13.0,21.0,0.6190476190476191,0.6190476190476191
H2,paraphrase-MiniLM-L12-v2,309::https://blog.reedsy.com/creative-writing-prompts/short-story/start-or-end-your-story-with-a-character-making-fo/,,,3,17.0,13.666666666666666,11.0,21.0,0.6190476190476191,0.6190476190476191
H2,paraphrase-MiniLM-L12-v2,309::https://blog.reedsy.com/creative-writing-prompts/short-story/start-or-end-your-story-with-a-character-making-fo/,,,4,17.0,13.25,11.0,21.0,0.6190476190476191,0.6190476190476191
H2,paraphrase-MiniLM-L12-v2,309::https://blog.reedsy.com/creative-writing-prompts/short-story/start-or-end-your-story-with-a-character-making-fo/,,,5,17.0,12.8,11.0,21.0,0.6190476190476191,0.6190476190476191
H2,paraphrase-MiniLM-L12-v2,309::https://blog.reedsy.com/creative-writing-prompts/short-story/start-or-end-your-story-with-a-character-making-fo/,,,6,17.0,13.166666666666666,11.0,21.0,0.6190476190476191,0.6190476190476191
H2,paraphrase-MiniLM-L12-v2,309::https://blog.reedsy.com/creative-writing-prompts/short-story/start-or-end-your-story-with-a-character-making-fo/,,,7,17.0,13.285714285714286,11.0,21.0,0.6190476190476191,0.6190476190476191
H2,paraphrase-MiniLM-L12-v2,309::https://blog.reedsy.com/creative-writing-prompts/character/center-your-story-around-a-character-who-yearns-fo/,,,1,11.0,11.0,11.0,59.0,0.1864406779661017,0.1864406779661017
H2,paraphrase-MiniLM-L12-v2,309::https://blog.reedsy.com/creative-writing-prompts/character/center-your-story-around-a-character-who-yearns-fo/,,,2,12.0,11.5,11.0,59.0,0.1864406779661017,0.1864406779661017
H2,paraphrase-MiniLM-L12-v2,309::https://blog.reedsy.com/creative-writing-prompts/character/center-your-story-around-a-character-who-yearns-fo/,,,3,12.0,11.666666666666666,11.0,59.0,0.1864406779661017,0.1864406779661017
H2,paraphrase-MiniLM-L12-v2,309::https://blog.reedsy.com/creative-writing-prompts/character/center-your-story-around-a-character-who-yearns-fo/,,,4,26.0,15.25,11.0,59.0,0.1864406779661017,0.1864406779661017
H2,paraphrase-MiniLM-L12-v2,309::https://blog.reedsy.com/creative-writing-prompts/character/center-your-story-around-a-character-who-yearns-fo/,,,5,29.0,18.0,11.0,59.0,0.1864406779661017,0.1864406779661017
H2,paraphrase-MiniLM-L12-v2,309::https://blog.reedsy.com/creative-writing-prompts/character/center-your-story-around-a-character-who-yearns-fo/,,,6,29.0,17.666666666666668,11.0,59.0,0.1864406779661017,0.1864406779661017
H2,paraphrase-MiniLM-L12-v2,309::https://blog.reedsy.com/creative-writing-prompts/character/center-your-story-around-a-character-who-yearns-fo/,,,7,59.0,23.571428571428573,11.0,59.0,0.1864406779661017,0.1864406779661017
H2,paraphrase-MiniLM-L12-v2,309::https://blog.reedsy.com/creative-writing-prompts/short-story/write-a-story-with-a-person-s-name-in-the-title/,,,1,18.0,18.0,18.0,37.0,0.4864864864864865,0.4864864864864865
H2,paraphrase-MiniLM-L12-v2,309::https://blog.reedsy.com/creative-writing-prompts/short-story/write-a-story-with-a-person-s-name-in-the-title/,,,2,19.0,18.5,18.0,37.0,0.4864864864864865,0.4864864864864865
H2,paraphrase-MiniLM-L12-v2,309::https://blog.reedsy.com/creative-writing-prompts/short-story/write-a-story-with-a-person-s-name-in-the-title/,,,3,19.0,16.666666666666668,13.0,37.0,0.4864864864864865,0.4864864864864865
H2,paraphrase-MiniLM-L12-v2,309::https://blog.reedsy.com/creative-writing-prompts/short-story/write-a-story-with-a-person-s-name-in-the-title/,,,4,19.0,15.75,13.0,37.0,0.4864864864864865,0.4864864864864865
H2,paraphrase-MiniLM-L12-v2,309::https://blog.reedsy.com/creative-writing-prompts/short-story/write-a-story-with-a-person-s-name-in-the-title/,,,5,19.0,15.2,13.0,37.0,0.4864864864864865,0.4864864864864865
H2,paraphrase-MiniLM-L12-v2,309::https://blog.reedsy.com/creative-writing-prompts/short-story/write-a-story-with-a-person-s-name-in-the-title/,,,6,19.0,15.166666666666666,13.0,37.0,0.4864864864864865,0.4864864864864865
H2,paraphrase-MiniLM-L12-v2,309::https://blog.reedsy.com/creative-writing-prompts/short-story/write-a-story-with-a-person-s-name-in-the-title/,,,7,19.0,15.285714285714286,13.0,37.0,0.4864864864864865,0.4864864864864865
H2,paraphrase-MiniLM-L12-v2,309::https://blog.reedsy.com/creative-writing-prompts/drama/center-your-story-around-two-characters-who-like-e/,,,1,15.0,15.0,15.0,28.0,0.5357142857142857,0.5357142857142857
H2,paraphrase-MiniLM-L12-v2,309::https://blog.reedsy.com/creative-writing-prompts/drama/center-your-story-around-two-characters-who-like-e/,,,2,16.0,15.5,15.0,28.0,0.5357142857142857,0.5357142857142857
H2,paraphrase-MiniLM-L12-v2,309::https://blog.reedsy.com/creative-writing-prompts/drama/center-your-story-around-two-characters-who-like-e/,,,3,25.0,18.666666666666668,15.0,28.0,0.5357142857142857,0.5357142857142857
H2,paraphrase-MiniLM-L12-v2,309::https://blog.reedsy.com/creative-writing-prompts/drama/center-your-story-around-two-characters-who-like-e/,,,4,28.0,21.0,15.0,28.0,0.5357142857142857,0.5357142857142857
H2,paraphrase-MiniLM-L12-v2,309::https://blog.reedsy.com/creative-writing-prompts/drama/center-your-story-around-two-characters-who-like-e/,,,5,28.0,20.8,15.0,28.0,0.5357142857142857,0.5357142857142857
H2,paraphrase-MiniLM-L12-v2,309::https://blog.reedsy.com/creative-writing-prompts/drama/center-your-story-around-two-characters-who-like-e/,,,6,28.0,20.0,15.0,28.0,0.5357142857142857,0.5357142857142857
H2,paraphrase-MiniLM-L12-v2,309::https://blog.reedsy.com/creative-writing-prompts/drama/center-your-story-around-two-characters-who-like-e/,,,7,28.0,18.714285714285715,11.0,28.0,0.5357142857142857,0.5357142857142857
H2,paraphrase-MiniLM-L12-v2,316::https://blog.reedsy.com/creative-writing-prompts/drama/write-a-story-where-a-character-s-true-identity-or/,,,1,19.0,19.0,19.0,23.0,0.8260869565217391,0.8260869565217391
H2,paraphrase-MiniLM-L12-v2,316::https://blog.reedsy.com/creative-writing-prompts/drama/write-a-story-where-a-character-s-true-identity-or/,,,2,19.0,15.0,11.0,23.0,0.8260869565217391,0.8260869565217391
H2,paraphrase-MiniLM-L12-v2,316::https://blog.reedsy.com/creative-writing-prompts/drama/write-a-story-where-a-character-s-true-identity-or/,,,3,19.0,14.333333333333334,11.0,23.0,0.8260869565217391,0.8260869565217391
H2,paraphrase-MiniLM-L12-v2,316::https://blog.reedsy.com/creative-writing-prompts/drama/write-a-story-where-a-character-s-true-identity-or/,,,4,23.0,16.5,11.0,23.0,0.8260869565217391,0.8260869565217391
H2,paraphrase-MiniLM-L12-v2,316::https://blog.reedsy.com/creative-writing-prompts/drama/write-a-story-where-a-character-s-true-identity-or/,,,5,23.0,16.4,11.0,23.0,0.8260869565217391,0.8260869565217391
H2,paraphrase-MiniLM-L12-v2,316::https://blog.reedsy.com/creative-writing-prompts/drama/write-a-story-where-a-character-s-true-identity-or/,,,6,23.0,15.5,11.0,23.0,0.8260869565217391,0.8260869565217391
H2,paraphrase-MiniLM-L12-v2,316::https://blog.reedsy.com/creative-writing-prompts/drama/write-a-story-where-a-character-s-true-identity-or/,,,7,23.0,14.857142857142858,11.0,23.0,0.8260869565217391,0.8260869565217391
H2,paraphrase-MiniLM-L12-v2,316::https://blog.reedsy.com/creative-writing-prompts/short-story/include-the-word-hero-mask-or-truth-in-your-story-/,,,1,15.0,15.0,15.0,47.0,0.3191489361702128,0.3191489361702128
H2,paraphrase-MiniLM-L12-v2,316::https://blog.reedsy.com/creative-writing-prompts/short-story/include-the-word-hero-mask-or-truth-in-your-story-/,,,2,15.0,14.5,14.0,47.0,0.3191489361702128,0.3191489361702128
H2,paraphrase-MiniLM-L12-v2,316::https://blog.reedsy.com/creative-writing-prompts/short-story/include-the-word-hero-mask-or-truth-in-your-story-/,,,3,15.0,13.666666666666666,12.0,47.0,0.3191489361702128,0.3191489361702128
H2,paraphrase-MiniLM-L12-v2,316::https://blog.reedsy.com/creative-writing-prompts/short-story/include-the-word-hero-mask-or-truth-in-your-story-/,,,4,15.0,13.75,12.0,47.0,0.3191489361702128,0.3191489361702128
H2,paraphrase-MiniLM-L12-v2,316::https://blog.reedsy.com/creative-writing-prompts/short-story/include-the-word-hero-mask-or-truth-in-your-story-/,,,5,15.0,13.2,11.0,47.0,0.3191489361702128,0.3191489361702128
H2,paraphrase-MiniLM-L12-v2,316::https://blog.reedsy.com/creative-writing-prompts/short-story/include-the-word-hero-mask-or-truth-in-your-story-/,,,6,20.0,14.333333333333334,11.0,47.0,0.3191489361702128,0.3191489361702128
H2,paraphrase-MiniLM-L12-v2,316::https://blog.reedsy.com/creative-writing-prompts/short-story/include-the-word-hero-mask-or-truth-in-your-story-/,,,7,20.0,14.285714285714286,11.0,47.0,0.3191489361702128,0.3191489361702128
H2,paraphrase-MiniLM-L12-v2,316::https://blog.reedsy.com/creative-writing-prompts/drama/write-a-story-from-the-pov-of-someone-who-s-hiding/,,,1,12.0,12.0,12.0,23.0,0.5217391304347826,0.5217391304347826
H2,paraphrase-MiniLM-L12-v2,316::https://blog.reedsy.com/creative-writing-prompts/drama/write-a-story-from-the-pov-of-someone-who-s-hiding/,,,2,14.0,13.0,12.0,23.0,0.5217391304347826,0.5217391304347826
H2,paraphrase-MiniLM-L12-v2,316::https://blog.reedsy.com/creative-writing-prompts/drama/write-a-story-from-the-pov-of-someone-who-s-hiding/,,,3,14.0,12.333333333333334,11.0,23.0,0.5217391304347826,0.5217391304347826
H2,paraphrase-MiniLM-L12-v2,316::https://blog.reedsy.com/creative-writing-prompts/drama/write-a-story-from-the-pov-of-someone-who-s-hiding/,,,4,14.0,12.0,11.0,23.0,0.5217391304347826,0.5217391304347826
H2,paraphrase-MiniLM-L12-v2,316::https://blog.reedsy.com/creative-writing-prompts/drama/write-a-story-from-the-pov-of-someone-who-s-hiding/,,,5,18.0,13.2,11.0,23.0,0.5217391304347826,0.5217391304347826
H2,paraphrase-MiniLM-L12-v2,316::https://blog.reedsy.com/creative-writing-prompts/drama/write-a-story-from-the-pov-of-someone-who-s-hiding/,,,6,18.0,13.333333333333334,11.0,23.0,0.5217391304347826,0.5217391304347826
H2,paraphrase-MiniLM-L12-v2,316::https://blog.reedsy.com/creative-writing-prompts/drama/write-a-story-from-the-pov-of-someone-who-s-hiding/,,,7,18.0,13.142857142857142,11.0,23.0,0.5217391304347826,0.5217391304347826
H2,paraphrase-MiniLM-L12-v2,316::https://blog.reedsy.com/creative-writing-prompts/drama/center-your-story-around-someone-s-public-image-an/,,,1,20.0,20.0,20.0,20.0,1.0,1.0
H2,paraphrase-MiniLM-L12-v2,316::https://blog.reedsy.com/creative-writing-prompts/drama/center-your-story-around-someone-s-public-image-an/,,,2,20.0,15.5,11.0,20.0,1.0,1.0
H2,paraphrase-MiniLM-L12-v2,316::https://blog.reedsy.com/creative-writing-prompts/drama/center-your-story-around-someone-s-public-image-an/,,,3,20.0,15.666666666666666,11.0,20.0,1.0,1.0
H2,paraphrase-MiniLM-L12-v2,316::https://blog.reedsy.com/creative-writing-prompts/drama/center-your-story-around-someone-s-public-image-an/,,,4,20.0,14.5,11.0,20.0,1.0,1.0
H2,paraphrase-MiniLM-L12-v2,316::https://blog.reedsy.com/creative-writing-prompts/drama/center-your-story-around-someone-s-public-image-an/,,,5,20.0,14.8,11.0,20.0,1.0,1.0
H2,paraphrase-MiniLM-L12-v2,316::https://blog.reedsy.com/creative-writing-prompts/drama/center-your-story-around-someone-s-public-image-an/,,,6,20.0,15.5,11.0,20.0,1.0,1.0
H2,paraphrase-MiniLM-L12-v2,316::https://blog.reedsy.com/creative-writing-prompts/drama/center-your-story-around-someone-s-public-image-an/,,,7,20.0,16.142857142857142,11.0,20.0,1.0,1.0
H2,paraphrase-MiniLM-L12-v2,316::https://blog.reedsy.com/creative-writing-prompts/short-story/write-a-story-that-includes-the-line-can-you-keep-/,,,1,12.0,12.0,12.0,20.0,0.6,0.6
H2,paraphrase-MiniLM-L12-v2,316::https://blog.reedsy.com/creative-writing-prompts/short-story/write-a-story-that-includes-the-line-can-you-keep-/,,,2,20.0,16.0,12.0,20.0,0.6,0.6
H2,paraphrase-MiniLM-L12-v2,316::https://blog.reedsy.com/creative-writing-prompts/short-story/write-a-story-that-includes-the-line-can-you-keep-/,,,3,20.0,15.333333333333334,12.0,20.0,0.6,0.6
H2,paraphrase-MiniLM-L12-v2,316::https://blog.reedsy.com/creative-writing-prompts/short-story/write-a-story-that-includes-the-line-can-you-keep-/,,,4,20.0,15.5,12.0,20.0,0.6,0.6
H2,paraphrase-MiniLM-L12-v2,316::https://blog.reedsy.com/creative-writing-prompts/short-story/write-a-story-that-includes-the-line-can-you-keep-/,,,5,20.0,14.6,11.0,20.0,0.6,0.6
H2,paraphrase-MiniLM-L12-v2,316::https://blog.reedsy.com/creative-writing-prompts/short-story/write-a-story-that-includes-the-line-can-you-keep-/,,,6,20.0,15.166666666666666,11.0,20.0,0.6,0.6
H2,paraphrase-MiniLM-L12-v2,316::https://blog.reedsy.com/creative-writing-prompts/short-story/write-a-story-that-includes-the-line-can-you-keep-/,,,7,20.0,15.166666666666666,11.0,20.0,0.6,0.6
H2,paraphrase-multilingual-MiniLM,291::https://blog.reedsy.com/creative-writing-prompts/short-story/write-a-story-inspired-by-the-ultimate-cliched-twi/,,,1,14.0,14.0,14.0,29.0,0.4827586206896552,0.4827586206896552
H2,paraphrase-multilingual-MiniLM,291::https://blog.reedsy.com/creative-writing-prompts/short-story/write-a-story-inspired-by-the-ultimate-cliched-twi/,,,2,17.0,15.5,14.0,29.0,0.4827586206896552,0.4827586206896552
H2,paraphrase-multilingual-MiniLM,291::https://blog.reedsy.com/creative-writing-prompts/short-story/write-a-story-inspired-by-the-ultimate-cliched-twi/,,,3,17.0,15.0,14.0,29.0,0.4827586206896552,0.4827586206896552
H2,paraphrase-multilingual-MiniLM,291::https://blog.reedsy.com/creative-writing-prompts/short-story/write-a-story-inspired-by-the-ultimate-cliched-twi/,,,4,28.0,18.25,14.0,29.0,0.4827586206896552,0.4827586206896552
H2,paraphrase-multilingual-MiniLM,291::https://blog.reedsy.com/creative-writing-prompts/short-story/write-a-story-inspired-by-the-ultimate-cliched-twi/,,,5,28.0,17.4,14.0,29.0,0.4827586206896552,0.4827586206896552
H2,paraphrase-multilingual-MiniLM,291::https://blog.reedsy.com/creative-writing-prompts/short-story/write-a-story-inspired-by-the-ultimate-cliched-twi/,,,6,28.0,16.5,12.0,29.0,0.4827586206896552,0.4827586206896552
H2,paraphrase-multilingual-MiniLM,291::https://blog.reedsy.com/creative-writing-prompts/short-story/write-a-story-inspired-by-the-ultimate-cliched-twi/,,,7,29.0,18.285714285714285,12.0,29.0,0.4827586206896552,0.4827586206896552
H2,paraphrase-multilingual-MiniLM,291::https://blog.reedsy.com/creative-writing-prompts/angst/center-your-story-around-a-character-s-addiction-o/,,,1,40.0,40.0,40.0,40.0,1.0,1.0
H2,paraphrase-multilingual-MiniLM,291::https://blog.reedsy.com/creative-writing-prompts/angst/center-your-story-around-a-character-s-addiction-o/,,,2,40.0,34.0,28.0,40.0,1.0,1.0
H2,paraphrase-multilingual-MiniLM,291::https://blog.reedsy.com/creative-writing-prompts/angst/center-your-story-around-a-character-s-addiction-o/,,,3,40.0,32.0,28.0,40.0,1.0,1.0
H2,paraphrase-multilingual-MiniLM,291::https://blog.reedsy.com/creative-writing-prompts/angst/center-your-story-around-a-character-s-addiction-o/,,,4,40.0,26.75,11.0,40.0,1.0,1.0
H2,paraphrase-multilingual-MiniLM,291::https://blog.reedsy.com/creative-writing-prompts/angst/center-your-story-around-a-character-s-addiction-o/,,,5,40.0,24.4,11.0,40.0,1.0,1.0
H2,paraphrase-multilingual-MiniLM,291::https://blog.reedsy.com/creative-writing-prompts/angst/center-your-story-around-a-character-s-addiction-o/,,,6,40.0,23.0,11.0,40.0,1.0,1.0
H2,paraphrase-multilingual-MiniLM,291::https://blog.reedsy.com/creative-writing-prompts/angst/center-your-story-around-a-character-s-addiction-o/,,,7,40.0,24.428571428571427,11.0,40.0,1.0,1.0
H2,paraphrase-multilingual-MiniLM,291::https://blog.reedsy.com/creative-writing-prompts/drama/write-a-story-that-keeps-a-key-detail-hidden-from-/,,,1,12.0,12.0,12.0,34.0,0.35294117647058826,0.35294117647058826
H2,paraphrase-multilingual-MiniLM,291::https://blog.reedsy.com/creative-writing-prompts/drama/write-a-story-that-keeps-a-key-detail-hidden-from-/,,,2,15.0,13.5,12.0,34.0,0.35294117647058826,0.35294117647058826
H2,paraphrase-multilingual-MiniLM,291::https://blog.reedsy.com/creative-writing-prompts/drama/write-a-story-that-keeps-a-key-detail-hidden-from-/,,,3,34.0,20.333333333333332,12.0,34.0,0.35294117647058826,0.35294117647058826
H2,paraphrase-multilingual-MiniLM,291::https://blog.reedsy.com/creative-writing-prompts/drama/write-a-story-that-keeps-a-key-detail-hidden-from-/,,,4,34.0,18.75,12.0,34.0,0.35294117647058826,0.35294117647058826
H2,paraphrase-multilingual-MiniLM,291::https://blog.reedsy.com/creative-writing-prompts/drama/write-a-story-that-keeps-a-key-detail-hidden-from-/,,,5,34.0,17.4,12.0,34.0,0.35294117647058826,0.35294117647058826
H2,paraphrase-multilingual-MiniLM,291::https://blog.reedsy.com/creative-writing-prompts/drama/write-a-story-that-keeps-a-key-detail-hidden-from-/,,,6,34.0,19.166666666666668,12.0,34.0,0.35294117647058826,0.35294117647058826
H2,paraphrase-multilingual-MiniLM,291::https://blog.reedsy.com/creative-writing-prompts/drama/write-a-story-that-keeps-a-key-detail-hidden-from-/,,,7,34.0,18.0,11.0,34.0,0.35294117647058826,0.35294117647058826
H2,paraphrase-multilingual-MiniLM,291::https://blog.reedsy.com/creative-writing-prompts/drama/center-your-story-around-a-character-who-successfu/,,,1,11.0,11.0,11.0,29.0,0.3793103448275862,0.3793103448275862
H2,paraphrase-multilingual-MiniLM,291::https://blog.reedsy.com/creative-writing-prompts/drama/center-your-story-around-a-character-who-successfu/,,,2,16.0,13.5,11.0,29.0,0.3793103448275862,0.3793103448275862
H2,paraphrase-multilingual-MiniLM,291::https://blog.reedsy.com/creative-writing-prompts/drama/center-your-story-around-a-character-who-successfu/,,,3,16.0,13.666666666666666,11.0,29.0,0.3793103448275862,0.3793103448275862
H2,paraphrase-multilingual-MiniLM,291::https://blog.reedsy.com/creative-writing-prompts/drama/center-your-story-around-a-character-who-successfu/,,,4,16.0,13.75,11.0,29.0,0.3793103448275862,0.3793103448275862
H2,paraphrase-multilingual-MiniLM,291::https://blog.reedsy.com/creative-writing-prompts/drama/center-your-story-around-a-character-who-successfu/,,,5,16.0,13.6,11.0,29.0,0.3793103448275862,0.3793103448275862
H2,paraphrase-multilingual-MiniLM,291::https://blog.reedsy.com/creative-writing-prompts/drama/center-your-story-around-a-character-who-successfu/,,,6,29.0,16.166666666666668,11.0,29.0,0.3793103448275862,0.3793103448275862
H2,paraphrase-multilingual-MiniLM,291::https://blog.reedsy.com/creative-writing-prompts/drama/center-your-story-around-a-character-who-successfu/,,,7,29.0,15.857142857142858,11.0,29.0,0.3793103448275862,0.3793103448275862
H2,paraphrase-multilingual-MiniLM,291::https://blog.reedsy.com/creative-writing-prompts/short-story/write-a-story-with-a-huge-surprise-either-in-the-m/,,,1,12.0,12.0,12.0,41.0,0.2926829268292683,0.2926829268292683
H2,paraphrase-multilingual-MiniLM,291::https://blog.reedsy.com/creative-writing-prompts/short-story/write-a-story-with-a-huge-surprise-either-in-the-m/,,,2,19.0,15.5,12.0,41.0,0.2926829268292683,0.2926829268292683
H2,paraphrase-multilingual-MiniLM,291::https://blog.reedsy.com/creative-writing-prompts/short-story/write-a-story-with-a-huge-surprise-either-in-the-m/,,,3,19.0,14.333333333333334,12.0,41.0,0.2926829268292683,0.2926829268292683
H2,paraphrase-multilingual-MiniLM,291::https://blog.reedsy.com/creative-writing-prompts/short-story/write-a-story-with-a-huge-surprise-either-in-the-m/,,,4,19.0,14.5,12.0,41.0,0.2926829268292683,0.2926829268292683
H2,paraphrase-multilingual-MiniLM,291::https://blog.reedsy.com/creative-writing-prompts/short-story/write-a-story-with-a-huge-surprise-either-in-the-m/,,,5,23.0,16.2,12.0,41.0,0.2926829268292683,0.2926829268292683
H2,paraphrase-multilingual-MiniLM,291::https://blog.reedsy.com/creative-writing-prompts/short-story/write-a-story-with-a-huge-surprise-either-in-the-m/,,,6,23.0,15.333333333333334,11.0,41.0,0.2926829268292683,0.2926829268292683
H2,paraphrase-multilingual-MiniLM,291::https://blog.reedsy.com/creative-writing-prompts/short-story/write-a-story-with-a-huge-surprise-either-in-the-m/,,,7,23.0,15.428571428571429,11.0,41.0,0.2926829268292683,0.2926829268292683
H2,paraphrase-multilingual-MiniLM,294::https://blog.reedsy.com/creative-writing-prompts/short-story/write-a-story-in-which-the-first-and-last-sentence/,,,1,14.0,14.0,14.0,35.0,0.4,0.4
H2,paraphrase-multilingual-MiniLM,294::https://blog.reedsy.com/creative-writing-prompts/short-story/write-a-story-in-which-the-first-and-last-sentence/,,,2,14.0,13.0,12.0,35.0,0.4,0.4
H2,paraphrase-multilingual-MiniLM,294::https://blog.reedsy.com/creative-writing-prompts/short-story/write-a-story-in-which-the-first-and-last-sentence/,,,3,29.0,18.333333333333332,12.0,35.0,0.4,0.4
H2,paraphrase-multilingual-MiniLM,294::https://blog.reedsy.com/creative-writing-prompts/short-story/write-a-story-in-which-the-first-and-last-sentence/,,,4,29.0,20.75,12.0,35.0,0.4,0.4
H2,paraphrase-multilingual-MiniLM,294::https://blog.reedsy.com/creative-writing-prompts/short-story/write-a-story-in-which-the-first-and-last-sentence/,,,5,29.0,19.6,12.0,35.0,0.4,0.4
H2,paraphrase-multilingual-MiniLM,294::https://blog.reedsy.com/creative-writing-prompts/short-story/write-a-story-in-which-the-first-and-last-sentence/,,,6,29.0,18.833333333333332,12.0,35.0,0.4,0.4
H2,paraphrase-multilingual-MiniLM,294::https://blog.reedsy.com/creative-writing-prompts/short-story/write-a-story-in-which-the-first-and-last-sentence/,,,7,29.0,18.857142857142858,12.0,35.0,0.4,0.4
H2,paraphrase-multilingual-MiniLM,294::https://blog.reedsy.com/creative-writing-prompts/short-story/create-a-title-with-reedsy-s-title-generator-then-/,,,1,16.0,16.0,16.0,31.0,0.5161290322580645,0.5161290322580645
H2,paraphrase-multilingual-MiniLM,294::https://blog.reedsy.com/creative-writing-prompts/short-story/create-a-title-with-reedsy-s-title-generator-then-/,,,2,20.0,18.0,16.0,31.0,0.5161290322580645,0.5161290322580645
H2,paraphrase-multilingual-MiniLM,294::https://blog.reedsy.com/creative-writing-prompts/short-story/create-a-title-with-reedsy-s-title-generator-then-/,,,3,20.0,17.0,15.0,31.0,0.5161290322580645,0.5161290322580645
H2,paraphrase-multilingual-MiniLM,294::https://blog.reedsy.com/creative-writing-prompts/short-story/create-a-title-with-reedsy-s-title-generator-then-/,,,4,20.0,15.5,11.0,31.0,0.5161290322580645,0.5161290322580645
H2,paraphrase-multilingual-MiniLM,294::https://blog.reedsy.com/creative-writing-prompts/short-story/create-a-title-with-reedsy-s-title-generator-then-/,,,5,20.0,16.0,11.0,31.0,0.5161290322580645,0.5161290322580645
H2,paraphrase-multilingual-MiniLM,294::https://blog.reedsy.com/creative-writing-prompts/short-story/create-a-title-with-reedsy-s-title-generator-then-/,,,6,25.0,17.5,11.0,31.0,0.5161290322580645,0.5161290322580645
H2,paraphrase-multilingual-MiniLM,294::https://blog.reedsy.com/creative-writing-prompts/short-story/create-a-title-with-reedsy-s-title-generator-then-/,,,7,31.0,19.428571428571427,11.0,31.0,0.5161290322580645,0.5161290322580645
H2,paraphrase-multilingual-MiniLM,294::https://blog.reedsy.com/creative-writing-prompts/short-story/write-a-story-in-the-form-of-a-letter-or-several-l/,,,1,16.0,16.0,16.0,26.0,0.6153846153846154,0.6153846153846154
H2,paraphrase-multilingual-MiniLM,294::https://blog.reedsy.com/creative-writing-prompts/short-story/write-a-story-in-the-form-of-a-letter-or-several-l/,,,2,16.0,16.0,16.0,26.0,0.6153846153846154,0.6153846153846154
H2,paraphrase-multilingual-MiniLM,294::https://blog.reedsy.com/creative-writing-prompts/short-story/write-a-story-in-the-form-of-a-letter-or-several-l/,,,3,18.0,16.666666666666668,16.0,26.0,0.6153846153846154,0.6153846153846154
H2,paraphrase-multilingual-MiniLM,294::https://blog.reedsy.com/creative-writing-prompts/short-story/write-a-story-in-the-form-of-a-letter-or-several-l/,,,4,18.0,15.5,12.0,26.0,0.6153846153846154,0.6153846153846154
H2,paraphrase-multilingual-MiniLM,294::https://blog.reedsy.com/creative-writing-prompts/short-story/write-a-story-in-the-form-of-a-letter-or-several-l/,,,5,18.0,15.6,12.0,26.0,0.6153846153846154,0.6153846153846154
H2,paraphrase-multilingual-MiniLM,294::https://blog.reedsy.com/creative-writing-prompts/short-story/write-a-story-in-the-form-of-a-letter-or-several-l/,,,6,18.0,16.0,12.0,26.0,0.6153846153846154,0.6153846153846154
H2,paraphrase-multilingual-MiniLM,294::https://blog.reedsy.com/creative-writing-prompts/short-story/write-a-story-in-the-form-of-a-letter-or-several-l/,,,7,18.0,15.285714285714286,11.0,26.0,0.6153846153846154,0.6153846153846154
H2,paraphrase-multilingual-MiniLM,294::https://blog.reedsy.com/creative-writing-prompts/drama/center-your-story-around-someone-who-s-at-a-loss-f/,,,1,21.0,21.0,21.0,44.0,0.4772727272727273,0.4772727272727273
H2,paraphrase-multilingual-MiniLM,294::https://blog.reedsy.com/creative-writing-prompts/drama/center-your-story-around-someone-who-s-at-a-loss-f/,,,2,21.0,16.0,11.0,44.0,0.4772727272727273,0.4772727272727273
H2,paraphrase-multilingual-MiniLM,294::https://blog.reedsy.com/creative-writing-prompts/drama/center-your-story-around-someone-who-s-at-a-loss-f/,,,3,44.0,25.333333333333332,11.0,44.0,0.4772727272727273,0.4772727272727273
H2,paraphrase-multilingual-MiniLM,294::https://blog.reedsy.com/creative-writing-prompts/drama/center-your-story-around-someone-who-s-at-a-loss-f/,,,4,44.0,28.25,11.0,44.0,0.4772727272727273,0.4772727272727273
H2,paraphrase-multilingual-MiniLM,294::https://blog.reedsy.com/creative-writing-prompts/drama/center-your-story-around-someone-who-s-at-a-loss-f/,,,5,44.0,29.0,11.0,44.0,0.4772727272727273,0.4772727272727273
H2,paraphrase-multilingual-MiniLM,294::https://blog.reedsy.com/creative-writing-prompts/drama/center-your-story-around-someone-who-s-at-a-loss-f/,,,6,44.0,27.333333333333332,11.0,44.0,0.4772727272727273,0.4772727272727273
H2,paraphrase-multilingual-MiniLM,294::https://blog.reedsy.com/creative-writing-prompts/drama/center-your-story-around-someone-who-s-at-a-loss-f/,,,7,44.0,26.285714285714285,11.0,44.0,0.4772727272727273,0.4772727272727273
H2,paraphrase-multilingual-MiniLM,294::https://blog.reedsy.com/creative-writing-prompts/dialogue/write-a-story-with-the-line-i-didn-t-mean-that-or-/,,,1,15.0,15.0,15.0,33.0,0.45454545454545453,0.45454545454545453
H2,paraphrase-multilingual-MiniLM,294::https://blog.reedsy.com/creative-writing-prompts/dialogue/write-a-story-with-the-line-i-didn-t-mean-that-or-/,,,2,28.0,21.5,15.0,33.0,0.45454545454545453,0.45454545454545453
H2,paraphrase-multilingual-MiniLM,294::https://blog.reedsy.com/creative-writing-prompts/dialogue/write-a-story-with-the-line-i-didn-t-mean-that-or-/,,,3,28.0,21.666666666666668,15.0,33.0,0.45454545454545453,0.45454545454545453
H2,paraphrase-multilingual-MiniLM,294::https://blog.reedsy.com/creative-writing-prompts/dialogue/write-a-story-with-the-line-i-didn-t-mean-that-or-/,,,4,28.0,19.75,14.0,33.0,0.45454545454545453,0.45454545454545453
H2,paraphrase-multilingual-MiniLM,294::https://blog.reedsy.com/creative-writing-prompts/dialogue/write-a-story-with-the-line-i-didn-t-mean-that-or-/,,,5,28.0,20.0,14.0,33.0,0.45454545454545453,0.45454545454545453
H2,paraphrase-multilingual-MiniLM,294::https://blog.reedsy.com/creative-writing-prompts/dialogue/write-a-story-with-the-line-i-didn-t-mean-that-or-/,,,6,30.0,21.666666666666668,14.0,33.0,0.45454545454545453,0.45454545454545453
H2,paraphrase-multilingual-MiniLM,294::https://blog.reedsy.com/creative-writing-prompts/dialogue/write-a-story-with-the-line-i-didn-t-mean-that-or-/,,,7,33.0,23.285714285714285,14.0,33.0,0.45454545454545453,0.45454545454545453
H2,paraphrase-multilingual-MiniLM,309::https://blog.reedsy.com/creative-writing-prompts/drama/write-a-story-that-includes-the-line-do-i-know-you/,,,1,14.0,14.0,14.0,30.0,0.4666666666666667,0.4666666666666667
H2,paraphrase-multilingual-MiniLM,309::https://blog.reedsy.com/creative-writing-prompts/drama/write-a-story-that-includes-the-line-do-i-know-you/,,,2,14.0,13.0,12.0,30.0,0.4666666666666667,0.4666666666666667
H2,paraphrase-multilingual-MiniLM,309::https://blog.reedsy.com/creative-writing-prompts/drama/write-a-story-that-includes-the-line-do-i-know-you/,,,3,14.0,12.666666666666666,12.0,30.0,0.4666666666666667,0.4666666666666667
H2,paraphrase-multilingual-MiniLM,309::https://blog.reedsy.com/creative-writing-prompts/drama/write-a-story-that-includes-the-line-do-i-know-you/,,,4,14.0,12.25,11.0,30.0,0.4666666666666667,0.4666666666666667
H2,paraphrase-multilingual-MiniLM,309::https://blog.reedsy.com/creative-writing-prompts/drama/write-a-story-that-includes-the-line-do-i-know-you/,,,5,30.0,15.8,11.0,30.0,0.4666666666666667,0.4666666666666667
H2,paraphrase-multilingual-MiniLM,309::https://blog.reedsy.com/creative-writing-prompts/drama/write-a-story-that-includes-the-line-do-i-know-you/,,,6,30.0,15.833333333333334,11.0,30.0,0.4666666666666667,0.4666666666666667
H2,paraphrase-multilingual-MiniLM,309::https://blog.reedsy.com/creative-writing-prompts/drama/write-a-story-that-includes-the-line-do-i-know-you/,,,7,30.0,15.142857142857142,11.0,30.0,0.4666666666666667,0.4666666666666667
H2,paraphrase-multilingual-MiniLM,309::https://blog.reedsy.com/creative-writing-prompts/short-story/start-or-end-your-story-with-a-character-making-fo/,,,1,17.0,17.0,17.0,21.0,0.8095238095238095,0.8095238095238095
H2,paraphrase-multilingual-MiniLM,309::https://blog.reedsy.com/creative-writing-prompts/short-story/start-or-end-your-story-with-a-character-making-fo/,,,2,17.0,14.0,11.0,21.0,0.8095238095238095,0.8095238095238095
H2,paraphrase-multilingual-MiniLM,309::https://blog.reedsy.com/creative-writing-prompts/short-story/start-or-end-your-story-with-a-character-making-fo/,,,3,17.0,13.333333333333334,11.0,21.0,0.8095238095238095,0.8095238095238095
H2,paraphrase-multilingual-MiniLM,309::https://blog.reedsy.com/creative-writing-prompts/short-story/start-or-end-your-story-with-a-character-making-fo/,,,4,17.0,13.5,11.0,21.0,0.8095238095238095,0.8095238095238095
H2,paraphrase-multilingual-MiniLM,309::https://blog.reedsy.com/creative-writing-prompts/short-story/start-or-end-your-story-with-a-character-making-fo/,,,5,17.0,13.2,11.0,21.0,0.8095238095238095,0.8095238095238095
H2,paraphrase-multilingual-MiniLM,309::https://blog.reedsy.com/creative-writing-prompts/short-story/start-or-end-your-story-with-a-character-making-fo/,,,6,17.0,12.833333333333334,11.0,21.0,0.8095238095238095,0.8095238095238095
H2,paraphrase-multilingual-MiniLM,309::https://blog.reedsy.com/creative-writing-prompts/short-story/start-or-end-your-story-with-a-character-making-fo/,,,7,17.0,12.571428571428571,11.0,21.0,0.8095238095238095,0.8095238095238095
H2,paraphrase-multilingual-MiniLM,309::https://blog.reedsy.com/creative-writing-prompts/character/center-your-story-around-a-character-who-yearns-fo/,,,1,12.0,12.0,12.0,59.0,0.2033898305084746,0.2033898305084746
H2,paraphrase-multilingual-MiniLM,309::https://blog.reedsy.com/creative-writing-prompts/character/center-your-story-around-a-character-who-yearns-fo/,,,2,15.0,13.5,12.0,59.0,0.2033898305084746,0.2033898305084746
H2,paraphrase-multilingual-MiniLM,309::https://blog.reedsy.com/creative-writing-prompts/character/center-your-story-around-a-character-who-yearns-fo/,,,3,15.0,12.666666666666666,11.0,59.0,0.2033898305084746,0.2033898305084746
H2,paraphrase-multilingual-MiniLM,309::https://blog.reedsy.com/creative-writing-prompts/character/center-your-story-around-a-character-who-yearns-fo/,,,4,15.0,12.75,11.0,59.0,0.2033898305084746,0.2033898305084746
H2,paraphrase-multilingual-MiniLM,309::https://blog.reedsy.com/creative-writing-prompts/character/center-your-story-around-a-character-who-yearns-fo/,,,5,26.0,15.4,11.0,59.0,0.2033898305084746,0.2033898305084746
H2,paraphrase-multilingual-MiniLM,309::https://blog.reedsy.com/creative-writing-prompts/character/center-your-story-around-a-character-who-yearns-fo/,,,6,26.0,16.5,11.0,59.0,0.2033898305084746,0.2033898305084746
H2,paraphrase-multilingual-MiniLM,309::https://blog.reedsy.com/creative-writing-prompts/character/center-your-story-around-a-character-who-yearns-fo/,,,7,26.0,15.714285714285714,11.0,59.0,0.2033898305084746,0.2033898305084746
H2,paraphrase-multilingual-MiniLM,309::https://blog.reedsy.com/creative-writing-prompts/short-story/write-a-story-with-a-person-s-name-in-the-title/,,,1,18.0,18.0,18.0,37.0,0.4864864864864865,0.4864864864864865
H2,paraphrase-multilingual-MiniLM,309::https://blog.reedsy.com/creative-writing-prompts/short-story/write-a-story-with-a-person-s-name-in-the-title/,,,2,18.0,15.5,13.0,37.0,0.4864864864864865,0.4864864864864865
H2,paraphrase-multilingual-MiniLM,309::https://blog.reedsy.com/creative-writing-prompts/short-story/write-a-story-with-a-person-s-name-in-the-title/,,,3,18.0,15.0,13.0,37.0,0.4864864864864865,0.4864864864864865
H2,paraphrase-multilingual-MiniLM,309::https://blog.reedsy.com/creative-writing-prompts/short-story/write-a-story-with-a-person-s-name-in-the-title/,,,4,18.0,14.5,13.0,37.0,0.4864864864864865,0.4864864864864865
H2,paraphrase-multilingual-MiniLM,309::https://blog.reedsy.com/creative-writing-prompts/short-story/write-a-story-with-a-person-s-name-in-the-title/,,,5,18.0,14.2,13.0,37.0,0.4864864864864865,0.4864864864864865
H2,paraphrase-multilingual-MiniLM,309::https://blog.reedsy.com/creative-writing-prompts/short-story/write-a-story-with-a-person-s-name-in-the-title/,,,6,19.0,15.0,13.0,37.0,0.4864864864864865,0.4864864864864865
H2,paraphrase-multilingual-MiniLM,309::https://blog.reedsy.com/creative-writing-prompts/short-story/write-a-story-with-a-person-s-name-in-the-title/,,,7,19.0,14.714285714285714,13.0,37.0,0.4864864864864865,0.4864864864864865
H2,paraphrase-multilingual-MiniLM,309::https://blog.reedsy.com/creative-writing-prompts/drama/center-your-story-around-two-characters-who-like-e/,,,1,16.0,16.0,16.0,28.0,0.5714285714285714,0.5714285714285714
H2,paraphrase-multilingual-MiniLM,309::https://blog.reedsy.com/creative-writing-prompts/drama/center-your-story-around-two-characters-who-like-e/,,,2,16.0,15.5,15.0,28.0,0.5714285714285714,0.5714285714285714
H2,paraphrase-multilingual-MiniLM,309::https://blog.reedsy.com/creative-writing-prompts/drama/center-your-story-around-two-characters-who-like-e/,,,3,20.0,17.0,15.0,28.0,0.5714285714285714,0.5714285714285714
H2,paraphrase-multilingual-MiniLM,309::https://blog.reedsy.com/creative-writing-prompts/drama/center-your-story-around-two-characters-who-like-e/,,,4,20.0,16.0,13.0,28.0,0.5714285714285714,0.5714285714285714
H2,paraphrase-multilingual-MiniLM,309::https://blog.reedsy.com/creative-writing-prompts/drama/center-your-story-around-two-characters-who-like-e/,,,5,20.0,16.0,13.0,28.0,0.5714285714285714,0.5714285714285714
H2,paraphrase-multilingual-MiniLM,309::https://blog.reedsy.com/creative-writing-prompts/drama/center-your-story-around-two-characters-who-like-e/,,,6,28.0,18.0,13.0,28.0,0.5714285714285714,0.5714285714285714
H2,paraphrase-multilingual-MiniLM,309::https://blog.reedsy.com/creative-writing-prompts/drama/center-your-story-around-two-characters-who-like-e/,,,7,28.0,18.0,13.0,28.0,0.5714285714285714,0.5714285714285714
H2,paraphrase-multilingual-MiniLM,316::https://blog.reedsy.com/creative-writing-prompts/drama/write-a-story-where-a-character-s-true-identity-or/,,,1,19.0,19.0,19.0,23.0,0.8260869565217391,0.8260869565217391
H2,paraphrase-multilingual-MiniLM,316::https://blog.reedsy.com/creative-writing-prompts/drama/write-a-story-where-a-character-s-true-identity-or/,,,2,19.0,15.0,11.0,23.0,0.8260869565217391,0.8260869565217391
H2,paraphrase-multilingual-MiniLM,316::https://blog.reedsy.com/creative-writing-prompts/drama/write-a-story-where-a-character-s-true-identity-or/,,,3,19.0,13.666666666666666,11.0,23.0,0.8260869565217391,0.8260869565217391
H2,paraphrase-multilingual-MiniLM,316::https://blog.reedsy.com/creative-writing-prompts/drama/write-a-story-where-a-character-s-true-identity-or/,,,4,23.0,16.0,11.0,23.0,0.8260869565217391,0.8260869565217391
H2,paraphrase-multilingual-MiniLM,316::https://blog.reedsy.com/creative-writing-prompts/drama/write-a-story-where-a-character-s-true-identity-or/,,,5,23.0,15.6,11.0,23.0,0.8260869565217391,0.8260869565217391
H2,paraphrase-multilingual-MiniLM,316::https://blog.reedsy.com/creative-writing-prompts/drama/write-a-story-where-a-character-s-true-identity-or/,,,6,23.0,14.833333333333334,11.0,23.0,0.8260869565217391,0.8260869565217391
H2,paraphrase-multilingual-MiniLM,316::https://blog.reedsy.com/creative-writing-prompts/drama/write-a-story-where-a-character-s-true-identity-or/,,,7,23.0,14.714285714285714,11.0,23.0,0.8260869565217391,0.8260869565217391
H2,paraphrase-multilingual-MiniLM,316::https://blog.reedsy.com/creative-writing-prompts/short-story/include-the-word-hero-mask-or-truth-in-your-story-/,,,1,15.0,15.0,15.0,47.0,0.3191489361702128,0.3191489361702128
H2,paraphrase-multilingual-MiniLM,316::https://blog.reedsy.com/creative-writing-prompts/short-story/include-the-word-hero-mask-or-truth-in-your-story-/,,,2,20.0,17.5,15.0,47.0,0.3191489361702128,0.3191489361702128
H2,paraphrase-multilingual-MiniLM,316::https://blog.reedsy.com/creative-writing-prompts/short-story/include-the-word-hero-mask-or-truth-in-your-story-/,,,3,20.0,16.333333333333332,14.0,47.0,0.3191489361702128,0.3191489361702128
H2,paraphrase-multilingual-MiniLM,316::https://blog.reedsy.com/creative-writing-prompts/short-story/include-the-word-hero-mask-or-truth-in-your-story-/,,,4,20.0,16.75,14.0,47.0,0.3191489361702128,0.3191489361702128
H2,paraphrase-multilingual-MiniLM,316::https://blog.reedsy.com/creative-writing-prompts/short-story/include-the-word-hero-mask-or-truth-in-your-story-/,,,5,20.0,15.8,12.0,47.0,0.3191489361702128,0.3191489361702128
H2,paraphrase-multilingual-MiniLM,316::https://blog.reedsy.com/creative-writing-prompts/short-story/include-the-word-hero-mask-or-truth-in-your-story-/,,,6,20.0,15.0,11.0,47.0,0.3191489361702128,0.3191489361702128
H2,paraphrase-multilingual-MiniLM,316::https://blog.reedsy.com/creative-writing-prompts/short-story/include-the-word-hero-mask-or-truth-in-your-story-/,,,7,20.0,14.857142857142858,11.0,47.0,0.3191489361702128,0.3191489361702128
H2,paraphrase-multilingual-MiniLM,316::https://blog.reedsy.com/creative-writing-prompts/drama/write-a-story-from-the-pov-of-someone-who-s-hiding/,,,1,11.0,11.0,11.0,23.0,0.4782608695652174,0.4782608695652174
H2,paraphrase-multilingual-MiniLM,316::https://blog.reedsy.com/creative-writing-prompts/drama/write-a-story-from-the-pov-of-someone-who-s-hiding/,,,2,12.0,11.5,11.0,23.0,0.4782608695652174,0.4782608695652174
H2,paraphrase-multilingual-MiniLM,316::https://blog.reedsy.com/creative-writing-prompts/drama/write-a-story-from-the-pov-of-someone-who-s-hiding/,,,3,14.0,12.333333333333334,11.0,23.0,0.4782608695652174,0.4782608695652174
H2,paraphrase-multilingual-MiniLM,316::https://blog.reedsy.com/creative-writing-prompts/drama/write-a-story-from-the-pov-of-someone-who-s-hiding/,,,4,14.0,12.0,11.0,23.0,0.4782608695652174,0.4782608695652174
H2,paraphrase-multilingual-MiniLM,316::https://blog.reedsy.com/creative-writing-prompts/drama/write-a-story-from-the-pov-of-someone-who-s-hiding/,,,5,18.0,13.2,11.0,23.0,0.4782608695652174,0.4782608695652174
H2,paraphrase-multilingual-MiniLM,316::https://blog.reedsy.com/creative-writing-prompts/drama/write-a-story-from-the-pov-of-someone-who-s-hiding/,,,6,18.0,12.833333333333334,11.0,23.0,0.4782608695652174,0.4782608695652174
H2,paraphrase-multilingual-MiniLM,316::https://blog.reedsy.com/creative-writing-prompts/drama/write-a-story-from-the-pov-of-someone-who-s-hiding/,,,7,21.0,14.0,11.0,23.0,0.4782608695652174,0.4782608695652174
H2,paraphrase-multilingual-MiniLM,316::https://blog.reedsy.com/creative-writing-prompts/drama/center-your-story-around-someone-s-public-image-an/,,,1,20.0,20.0,20.0,20.0,1.0,1.0
H2,paraphrase-multilingual-MiniLM,316::https://blog.reedsy.com/creative-writing-prompts/drama/center-your-story-around-someone-s-public-image-an/,,,2,20.0,15.5,11.0,20.0,1.0,1.0
H2,paraphrase-multilingual-MiniLM,316::https://blog.reedsy.com/creative-writing-prompts/drama/center-your-story-around-someone-s-public-image-an/,,,3,20.0,16.666666666666668,11.0,20.0,1.0,1.0
H2,paraphrase-multilingual-MiniLM,316::https://blog.reedsy.com/creative-writing-prompts/drama/center-your-story-around-someone-s-public-image-an/,,,4,20.0,17.5,11.0,20.0,1.0,1.0
H2,paraphrase-multilingual-MiniLM,316::https://blog.reedsy.com/creative-writing-prompts/drama/center-your-story-around-someone-s-public-image-an/,,,5,20.0,17.2,11.0,20.0,1.0,1.0
H2,paraphrase-multilingual-MiniLM,316::https://blog.reedsy.com/creative-writing-prompts/drama/center-your-story-around-someone-s-public-image-an/,,,6,20.0,16.166666666666668,11.0,20.0,1.0,1.0
H2,paraphrase-multilingual-MiniLM,316::https://blog.reedsy.com/creative-writing-prompts/drama/center-your-story-around-someone-s-public-image-an/,,,7,20.0,16.142857142857142,11.0,20.0,1.0,1.0
H2,paraphrase-multilingual-MiniLM,316::https://blog.reedsy.com/creative-writing-prompts/short-story/write-a-story-that-includes-the-line-can-you-keep-/,,,1,12.0,12.0,12.0,20.0,0.6,0.6
H2,paraphrase-multilingual-MiniLM,316::https://blog.reedsy.com/creative-writing-prompts/short-story/write-a-story-that-includes-the-line-can-you-keep-/,,,2,20.0,16.0,12.0,20.0,0.6,0.6
H2,paraphrase-multilingual-MiniLM,316::https://blog.reedsy.com/creative-writing-prompts/short-story/write-a-story-that-includes-the-line-can-you-keep-/,,,3,20.0,15.333333333333334,12.0,20.0,0.6,0.6
H2,paraphrase-multilingual-MiniLM,316::https://blog.reedsy.com/creative-writing-prompts/short-story/write-a-story-that-includes-the-line-can-you-keep-/,,,4,20.0,14.25,11.0,20.0,0.6,0.6
H2,paraphrase-multilingual-MiniLM,316::https://blog.reedsy.com/creative-writing-prompts/short-story/write-a-story-that-includes-the-line-can-you-keep-/,,,5,20.0,15.0,11.0,20.0,0.6,0.6
H2,paraphrase-multilingual-MiniLM,316::https://blog.reedsy.com/creative-writing-prompts/short-story/write-a-story-that-includes-the-line-can-you-keep-/,,,6,20.0,15.166666666666666,11.0,20.0,0.6,0.6
H2,paraphrase-multilingual-MiniLM,316::https://blog.reedsy.com/creative-writing-prompts/short-story/write-a-story-that-includes-the-line-can-you-keep-/,,,7,20.0,15.166666666666666,11.0,20.0,0.6,0.6
