hypothesis,model,prompt_id,contest_number,context_prompt_url,N,Votos_TOP1_Best
H2,all-mpnet-base-v2,291::https://blog.reedsy.com/creative-writing-prompts/short-story/write-a-story-inspired-by-the-ultimate-cliched-twi/,,,1,0.6551724137931034
H2,all-mpnet-base-v2,291::https://blog.reedsy.com/creative-writing-prompts/short-story/write-a-story-inspired-by-the-ultimate-cliched-twi/,,,2,0.6551724137931034
H2,all-mpnet-base-v2,291::https://blog.reedsy.com/creative-writing-prompts/short-story/write-a-story-inspired-by-the-ultimate-cliched-twi/,,,3,0.6551724137931034
H2,all-mpnet-base-v2,291::https://blog.reedsy.com/creative-writing-prompts/short-story/write-a-story-inspired-by-the-ultimate-cliched-twi/,,,4,0.6551724137931034
H2,all-mpnet-base-v2,291::https://blog.reedsy.com/creative-writing-prompts/short-story/write-a-story-inspired-by-the-ultimate-cliched-twi/,,,5,0.6551724137931034
H2,all-mpnet-base-v2,291::https://blog.reedsy.com/creative-writing-prompts/short-story/write-a-story-inspired-by-the-ultimate-cliched-twi/,,,6,0.6551724137931034
H2,all-mpnet-base-v2,291::https://blog.reedsy.com/creative-writing-prompts/short-story/write-a-story-inspired-by-the-ultimate-cliched-twi/,,,7,0.6551724137931034
H2,all-mpnet-base-v2,291::https://blog.reedsy.com/creative-writing-prompts/angst/center-your-story-around-a-character-s-addiction-o/,,,1,1.0
H2,all-mpnet-base-v2,291::https://blog.reedsy.com/creative-writing-prompts/angst/center-your-story-around-a-character-s-addiction-o/,,,2,1.0
H2,all-mpnet-base-v2,291::https://blog.reedsy.com/creative-writing-prompts/angst/center-your-story-around-a-character-s-addiction-o/,,,3,1.0
H2,all-mpnet-base-v2,291::https://blog.reedsy.com/creative-writing-prompts/angst/center-your-story-around-a-character-s-addiction-o/,,,4,1.0
H2,all-mpnet-base-v2,291::https://blog.reedsy.com/creative-writing-prompts/angst/center-your-story-around-a-character-s-addiction-o/,,,5,1.0
H2,all-mpnet-base-v2,291::https://blog.reedsy.com/creative-writing-prompts/angst/center-your-story-around-a-character-s-addiction-o/,,,6,1.0
H2,all-mpnet-base-v2,291::https://blog.reedsy.com/creative-writing-prompts/angst/center-your-story-around-a-character-s-addiction-o/,,,7,1.0
H2,all-mpnet-base-v2,291::https://blog.reedsy.com/creative-writing-prompts/drama/write-a-story-that-keeps-a-key-detail-hidden-from-/,,,1,0.35294117647058826
H2,all-mpnet-base-v2,291::https://blog.reedsy.com/creative-writing-prompts/drama/write-a-story-that-keeps-a-key-detail-hidden-from-/,,,2,0.35294117647058826
H2,all-mpnet-base-v2,291::https://blog.reedsy.com/creative-writing-prompts/drama/write-a-story-that-keeps-a-key-detail-hidden-from-/,,,3,0.35294117647058826
H2,all-mpnet-base-v2,291::https://blog.reedsy.com/creative-writing-prompts/drama/write-a-story-that-keeps-a-key-detail-hidden-from-/,,,4,0.35294117647058826
H2,all-mpnet-base-v2,291::https://blog.reedsy.com/creative-writing-prompts/drama/write-a-story-that-keeps-a-key-detail-hidden-from-/,,,5,0.35294117647058826
H2,all-mpnet-base-v2,291::https://blog.reedsy.com/creative-writing-prompts/drama/write-a-story-that-keeps-a-key-detail-hidden-from-/,,,6,0.35294117647058826
H2,all-mpnet-base-v2,291::https://blog.reedsy.com/creative-writing-prompts/drama/write-a-story-that-keeps-a-key-detail-hidden-from-/,,,7,0.35294117647058826
H2,all-mpnet-base-v2,291::https://blog.reedsy.com/creative-writing-prompts/drama/center-your-story-around-a-character-who-successfu/,,,1,0.4827586206896552
H2,all-mpnet-base-v2,291::https://blog.reedsy.com/creative-writing-prompts/drama/center-your-story-around-a-character-who-successfu/,,,2,0.4827586206896552
H2,all-mpnet-base-v2,291::https://blog.reedsy.com/creative-writing-prompts/drama/center-your-story-around-a-character-who-successfu/,,,3,0.4827586206896552
H2,all-mpnet-base-v2,291::https://blog.reedsy.com/creative-writing-prompts/drama/center-your-story-around-a-character-who-successfu/,,,4,0.4827586206896552
H2,all-mpnet-base-v2,291::https://blog.reedsy.com/creative-writing-prompts/drama/center-your-story-around-a-character-who-successfu/,,,5,0.4827586206896552
H2,all-mpnet-base-v2,291::https://blog.reedsy.com/creative-writing-prompts/drama/center-your-story-around-a-character-who-successfu/,,,6,0.4827586206896552
H2,all-mpnet-base-v2,291::https://blog.reedsy.com/creative-writing-prompts/drama/center-your-story-around-a-character-who-successfu/,,,7,0.4827586206896552
H2,all-mpnet-base-v2,291::https://blog.reedsy.com/creative-writing-prompts/short-story/write-a-story-with-a-huge-surprise-either-in-the-m/,,,1,0.2926829268292683
H2,all-mpnet-base-v2,291::https://blog.reedsy.com/creative-writing-prompts/short-story/write-a-story-with-a-huge-surprise-either-in-the-m/,,,2,0.2926829268292683
H2,all-mpnet-base-v2,291::https://blog.reedsy.com/creative-writing-prompts/short-story/write-a-story-with-a-huge-surprise-either-in-the-m/,,,3,0.2926829268292683
H2,all-mpnet-base-v2,291::https://blog.reedsy.com/creative-writing-prompts/short-story/write-a-story-with-a-huge-surprise-either-in-the-m/,,,4,0.2926829268292683
H2,all-mpnet-base-v2,291::https://blog.reedsy.com/creative-writing-prompts/short-story/write-a-story-with-a-huge-surprise-either-in-the-m/,,,5,0.2926829268292683
H2,all-mpnet-base-v2,291::https://blog.reedsy.com/creative-writing-prompts/short-story/write-a-story-with-a-huge-surprise-either-in-the-m/,,,6,0.2926829268292683
H2,all-mpnet-base-v2,291::https://blog.reedsy.com/creative-writing-prompts/short-story/write-a-story-with-a-huge-surprise-either-in-the-m/,,,7,0.2926829268292683
H2,all-mpnet-base-v2,294::https://blog.reedsy.com/creative-writing-prompts/short-story/write-a-story-in-which-the-first-and-last-sentence/,,,1,0.3142857142857143
H2,all-mpnet-base-v2,294::https://blog.reedsy.com/creative-writing-prompts/short-story/write-a-story-in-which-the-first-and-last-sentence/,,,2,0.3142857142857143
H2,all-mpnet-base-v2,294::https://blog.reedsy.com/creative-writing-prompts/short-story/write-a-story-in-which-the-first-and-last-sentence/,,,3,0.3142857142857143
H2,all-mpnet-base-v2,294::https://blog.reedsy.com/creative-writing-prompts/short-story/write-a-story-in-which-the-first-and-last-sentence/,,,4,0.3142857142857143
H2,all-mpnet-base-v2,294::https://blog.reedsy.com/creative-writing-prompts/short-story/write-a-story-in-which-the-first-and-last-sentence/,,,5,0.3142857142857143
H2,all-mpnet-base-v2,294::https://blog.reedsy.com/creative-writing-prompts/short-story/write-a-story-in-which-the-first-and-last-sentence/,,,6,0.3142857142857143
H2,all-mpnet-base-v2,294::https://blog.reedsy.com/creative-writing-prompts/short-story/write-a-story-in-which-the-first-and-last-sentence/,,,7,0.3142857142857143
H2,all-mpnet-base-v2,294::https://blog.reedsy.com/creative-writing-prompts/short-story/create-a-title-with-reedsy-s-title-generator-then-/,,,1,1.0
H2,all-mpnet-base-v2,294::https://blog.reedsy.com/creative-writing-prompts/short-story/create-a-title-with-reedsy-s-title-generator-then-/,,,2,1.0
H2,all-mpnet-base-v2,294::https://blog.reedsy.com/creative-writing-prompts/short-story/create-a-title-with-reedsy-s-title-generator-then-/,,,3,1.0
H2,all-mpnet-base-v2,294::https://blog.reedsy.com/creative-writing-prompts/short-story/create-a-title-with-reedsy-s-title-generator-then-/,,,4,1.0
H2,all-mpnet-base-v2,294::https://blog.reedsy.com/creative-writing-prompts/short-story/create-a-title-with-reedsy-s-title-generator-then-/,,,5,1.0
H2,all-mpnet-base-v2,294::https://blog.reedsy.com/creative-writing-prompts/short-story/create-a-title-with-reedsy-s-title-generator-then-/,,,6,1.0
H2,all-mpnet-base-v2,294::https://blog.reedsy.com/creative-writing-prompts/short-story/create-a-title-with-reedsy-s-title-generator-then-/,,,7,1.0
H2,all-mpnet-base-v2,294::https://blog.reedsy.com/creative-writing-prompts/short-story/write-a-story-in-the-form-of-a-letter-or-several-l/,,,1,0.4230769230769231
H2,all-mpnet-base-v2,294::https://blog.reedsy.com/creative-writing-prompts/short-story/write-a-story-in-the-form-of-a-letter-or-several-l/,,,2,0.4230769230769231
H2,all-mpnet-base-v2,294::https://blog.reedsy.com/creative-writing-prompts/short-story/write-a-story-in-the-form-of-a-letter-or-several-l/,,,3,0.4230769230769231
H2,all-mpnet-base-v2,294::https://blog.reedsy.com/creative-writing-prompts/short-story/write-a-story-in-the-form-of-a-letter-or-several-l/,,,4,0.4230769230769231
H2,all-mpnet-base-v2,294::https://blog.reedsy.com/creative-writing-prompts/short-story/write-a-story-in-the-form-of-a-letter-or-several-l/,,,5,0.4230769230769231
H2,all-mpnet-base-v2,294::https://blog.reedsy.com/creative-writing-prompts/short-story/write-a-story-in-the-form-of-a-letter-or-several-l/,,,6,0.4230769230769231
H2,all-mpnet-base-v2,294::https://blog.reedsy.com/creative-writing-prompts/short-story/write-a-story-in-the-form-of-a-letter-or-several-l/,,,7,0.4230769230769231
H2,all-mpnet-base-v2,294::https://blog.reedsy.com/creative-writing-prompts/drama/center-your-story-around-someone-who-s-at-a-loss-f/,,,1,0.4772727272727273
H2,all-mpnet-base-v2,294::https://blog.reedsy.com/creative-writing-prompts/drama/center-your-story-around-someone-who-s-at-a-loss-f/,,,2,0.4772727272727273
H2,all-mpnet-base-v2,294::https://blog.reedsy.com/creative-writing-prompts/drama/center-your-story-around-someone-who-s-at-a-loss-f/,,,3,0.4772727272727273
H2,all-mpnet-base-v2,294::https://blog.reedsy.com/creative-writing-prompts/drama/center-your-story-around-someone-who-s-at-a-loss-f/,,,4,0.4772727272727273
H2,all-mpnet-base-v2,294::https://blog.reedsy.com/creative-writing-prompts/drama/center-your-story-around-someone-who-s-at-a-loss-f/,,,5,0.4772727272727273
H2,all-mpnet-base-v2,294::https://blog.reedsy.com/creative-writing-prompts/drama/center-your-story-around-someone-who-s-at-a-loss-f/,,,6,0.4772727272727273
H2,all-mpnet-base-v2,294::https://blog.reedsy.com/creative-writing-prompts/drama/center-your-story-around-someone-who-s-at-a-loss-f/,,,7,0.4772727272727273
H2,all-mpnet-base-v2,294::https://blog.reedsy.com/creative-writing-prompts/dialogue/write-a-story-with-the-line-i-didn-t-mean-that-or-/,,,1,0.8484848484848485
H2,all-mpnet-base-v2,294::https://blog.reedsy.com/creative-writing-prompts/dialogue/write-a-story-with-the-line-i-didn-t-mean-that-or-/,,,2,0.8484848484848485
H2,all-mpnet-base-v2,294::https://blog.reedsy.com/creative-writing-prompts/dialogue/write-a-story-with-the-line-i-didn-t-mean-that-or-/,,,3,0.8484848484848485
H2,all-mpnet-base-v2,294::https://blog.reedsy.com/creative-writing-prompts/dialogue/write-a-story-with-the-line-i-didn-t-mean-that-or-/,,,4,0.8484848484848485
H2,all-mpnet-base-v2,294::https://blog.reedsy.com/creative-writing-prompts/dialogue/write-a-story-with-the-line-i-didn-t-mean-that-or-/,,,5,0.8484848484848485
H2,all-mpnet-base-v2,294::https://blog.reedsy.com/creative-writing-prompts/dialogue/write-a-story-with-the-line-i-didn-t-mean-that-or-/,,,6,0.8484848484848485
H2,all-mpnet-base-v2,294::https://blog.reedsy.com/creative-writing-prompts/dialogue/write-a-story-with-the-line-i-didn-t-mean-that-or-/,,,7,0.8484848484848485
H2,all-mpnet-base-v2,309::https://blog.reedsy.com/creative-writing-prompts/drama/write-a-story-that-includes-the-line-do-i-know-you/,,,1,0.4666666666666667
H2,all-mpnet-base-v2,309::https://blog.reedsy.com/creative-writing-prompts/drama/write-a-story-that-includes-the-line-do-i-know-you/,,,2,0.4666666666666667
H2,all-mpnet-base-v2,309::https://blog.reedsy.com/creative-writing-prompts/drama/write-a-story-that-includes-the-line-do-i-know-you/,,,3,0.4666666666666667
H2,all-mpnet-base-v2,309::https://blog.reedsy.com/creative-writing-prompts/drama/write-a-story-that-includes-the-line-do-i-know-you/,,,4,0.4666666666666667
H2,all-mpnet-base-v2,309::https://blog.reedsy.com/creative-writing-prompts/drama/write-a-story-that-includes-the-line-do-i-know-you/,,,5,0.4666666666666667
H2,all-mpnet-base-v2,309::https://blog.reedsy.com/creative-writing-prompts/drama/write-a-story-that-includes-the-line-do-i-know-you/,,,6,0.4666666666666667
H2,all-mpnet-base-v2,309::https://blog.reedsy.com/creative-writing-prompts/drama/write-a-story-that-includes-the-line-do-i-know-you/,,,7,0.4666666666666667
H2,all-mpnet-base-v2,309::https://blog.reedsy.com/creative-writing-prompts/short-story/start-or-end-your-story-with-a-character-making-fo/,,,1,0.6190476190476191
H2,all-mpnet-base-v2,309::https://blog.reedsy.com/creative-writing-prompts/short-story/start-or-end-your-story-with-a-character-making-fo/,,,2,0.6190476190476191
H2,all-mpnet-base-v2,309::https://blog.reedsy.com/creative-writing-prompts/short-story/start-or-end-your-story-with-a-character-making-fo/,,,3,0.6190476190476191
H2,all-mpnet-base-v2,309::https://blog.reedsy.com/creative-writing-prompts/short-story/start-or-end-your-story-with-a-character-making-fo/,,,4,0.6190476190476191
H2,all-mpnet-base-v2,309::https://blog.reedsy.com/creative-writing-prompts/short-story/start-or-end-your-story-with-a-character-making-fo/,,,5,0.6190476190476191
H2,all-mpnet-base-v2,309::https://blog.reedsy.com/creative-writing-prompts/short-story/start-or-end-your-story-with-a-character-making-fo/,,,6,0.6190476190476191
H2,all-mpnet-base-v2,309::https://blog.reedsy.com/creative-writing-prompts/short-story/start-or-end-your-story-with-a-character-making-fo/,,,7,0.6190476190476191
H2,all-mpnet-base-v2,309::https://blog.reedsy.com/creative-writing-prompts/character/center-your-story-around-a-character-who-yearns-fo/,,,1,0.4915254237288136
H2,all-mpnet-base-v2,309::https://blog.reedsy.com/creative-writing-prompts/character/center-your-story-around-a-character-who-yearns-fo/,,,2,0.4915254237288136
H2,all-mpnet-base-v2,309::https://blog.reedsy.com/creative-writing-prompts/character/center-your-story-around-a-character-who-yearns-fo/,,,3,0.4915254237288136
H2,all-mpnet-base-v2,309::https://blog.reedsy.com/creative-writing-prompts/character/center-your-story-around-a-character-who-yearns-fo/,,,4,0.4915254237288136
H2,all-mpnet-base-v2,309::https://blog.reedsy.com/creative-writing-prompts/character/center-your-story-around-a-character-who-yearns-fo/,,,5,0.4915254237288136
H2,all-mpnet-base-v2,309::https://blog.reedsy.com/creative-writing-prompts/character/center-your-story-around-a-character-who-yearns-fo/,,,6,0.4915254237288136
H2,all-mpnet-base-v2,309::https://blog.reedsy.com/creative-writing-prompts/character/center-your-story-around-a-character-who-yearns-fo/,,,7,0.4915254237288136
H2,all-mpnet-base-v2,309::https://blog.reedsy.com/creative-writing-prompts/short-story/write-a-story-with-a-person-s-name-in-the-title/,,,1,0.3783783783783784
H2,all-mpnet-base-v2,309::https://blog.reedsy.com/creative-writing-prompts/short-story/write-a-story-with-a-person-s-name-in-the-title/,,,2,0.3783783783783784
H2,all-mpnet-base-v2,309::https://blog.reedsy.com/creative-writing-prompts/short-story/write-a-story-with-a-person-s-name-in-the-title/,,,3,0.3783783783783784
H2,all-mpnet-base-v2,309::https://blog.reedsy.com/creative-writing-prompts/short-story/write-a-story-with-a-person-s-name-in-the-title/,,,4,0.3783783783783784
H2,all-mpnet-base-v2,309::https://blog.reedsy.com/creative-writing-prompts/short-story/write-a-story-with-a-person-s-name-in-the-title/,,,5,0.3783783783783784
H2,all-mpnet-base-v2,309::https://blog.reedsy.com/creative-writing-prompts/short-story/write-a-story-with-a-person-s-name-in-the-title/,,,6,0.3783783783783784
H2,all-mpnet-base-v2,309::https://blog.reedsy.com/creative-writing-prompts/short-story/write-a-story-with-a-person-s-name-in-the-title/,,,7,0.3783783783783784
H2,all-mpnet-base-v2,309::https://blog.reedsy.com/creative-writing-prompts/drama/center-your-story-around-two-characters-who-like-e/,,,1,0.7142857142857143
H2,all-mpnet-base-v2,309::https://blog.reedsy.com/creative-writing-prompts/drama/center-your-story-around-two-characters-who-like-e/,,,2,0.7142857142857143
H2,all-mpnet-base-v2,309::https://blog.reedsy.com/creative-writing-prompts/drama/center-your-story-around-two-characters-who-like-e/,,,3,0.7142857142857143
H2,all-mpnet-base-v2,309::https://blog.reedsy.com/creative-writing-prompts/drama/center-your-story-around-two-characters-who-like-e/,,,4,0.7142857142857143
H2,all-mpnet-base-v2,309::https://blog.reedsy.com/creative-writing-prompts/drama/center-your-story-around-two-characters-who-like-e/,,,5,0.7142857142857143
H2,all-mpnet-base-v2,309::https://blog.reedsy.com/creative-writing-prompts/drama/center-your-story-around-two-characters-who-like-e/,,,6,0.7142857142857143
H2,all-mpnet-base-v2,309::https://blog.reedsy.com/creative-writing-prompts/drama/center-your-story-around-two-characters-who-like-e/,,,7,0.7142857142857143
H2,all-mpnet-base-v2,316::https://blog.reedsy.com/creative-writing-prompts/drama/write-a-story-where-a-character-s-true-identity-or/,,,1,0.4782608695652174
H2,all-mpnet-base-v2,316::https://blog.reedsy.com/creative-writing-prompts/drama/write-a-story-where-a-character-s-true-identity-or/,,,2,0.4782608695652174
H2,all-mpnet-base-v2,316::https://blog.reedsy.com/creative-writing-prompts/drama/write-a-story-where-a-character-s-true-identity-or/,,,3,0.4782608695652174
H2,all-mpnet-base-v2,316::https://blog.reedsy.com/creative-writing-prompts/drama/write-a-story-where-a-character-s-true-identity-or/,,,4,0.4782608695652174
H2,all-mpnet-base-v2,316::https://blog.reedsy.com/creative-writing-prompts/drama/write-a-story-where-a-character-s-true-identity-or/,,,5,0.4782608695652174
H2,all-mpnet-base-v2,316::https://blog.reedsy.com/creative-writing-prompts/drama/write-a-story-where-a-character-s-true-identity-or/,,,6,0.4782608695652174
H2,all-mpnet-base-v2,316::https://blog.reedsy.com/creative-writing-prompts/drama/write-a-story-where-a-character-s-true-identity-or/,,,7,0.4782608695652174
H2,all-mpnet-base-v2,316::https://blog.reedsy.com/creative-writing-prompts/short-story/include-the-word-hero-mask-or-truth-in-your-story-/,,,1,0.425531914893617
H2,all-mpnet-base-v2,316::https://blog.reedsy.com/creative-writing-prompts/short-story/include-the-word-hero-mask-or-truth-in-your-story-/,,,2,0.425531914893617
H2,all-mpnet-base-v2,316::https://blog.reedsy.com/creative-writing-prompts/short-story/include-the-word-hero-mask-or-truth-in-your-story-/,,,3,0.425531914893617
H2,all-mpnet-base-v2,316::https://blog.reedsy.com/creative-writing-prompts/short-story/include-the-word-hero-mask-or-truth-in-your-story-/,,,4,0.425531914893617
H2,all-mpnet-base-v2,316::https://blog.reedsy.com/creative-writing-prompts/short-story/include-the-word-hero-mask-or-truth-in-your-story-/,,,5,0.425531914893617
H2,all-mpnet-base-v2,316::https://blog.reedsy.com/creative-writing-prompts/short-story/include-the-word-hero-mask-or-truth-in-your-story-/,,,6,0.425531914893617
H2,all-mpnet-base-v2,316::https://blog.reedsy.com/creative-writing-prompts/short-story/include-the-word-hero-mask-or-truth-in-your-story-/,,,7,0.425531914893617
H2,all-mpnet-base-v2,316::https://blog.reedsy.com/creative-writing-prompts/drama/write-a-story-from-the-pov-of-someone-who-s-hiding/,,,1,0.4782608695652174
H2,all-mpnet-base-v2,316::https://blog.reedsy.com/creative-writing-prompts/drama/write-a-story-from-the-pov-of-someone-who-s-hiding/,,,2,0.4782608695652174
H2,all-mpnet-base-v2,316::https://blog.reedsy.com/creative-writing-prompts/drama/write-a-story-from-the-pov-of-someone-who-s-hiding/,,,3,0.4782608695652174
H2,all-mpnet-base-v2,316::https://blog.reedsy.com/creative-writing-prompts/drama/write-a-story-from-the-pov-of-someone-who-s-hiding/,,,4,0.4782608695652174
H2,all-mpnet-base-v2,316::https://blog.reedsy.com/creative-writing-prompts/drama/write-a-story-from-the-pov-of-someone-who-s-hiding/,,,5,0.4782608695652174
H2,all-mpnet-base-v2,316::https://blog.reedsy.com/creative-writing-prompts/drama/write-a-story-from-the-pov-of-someone-who-s-hiding/,,,6,0.4782608695652174
H2,all-mpnet-base-v2,316::https://blog.reedsy.com/creative-writing-prompts/drama/write-a-story-from-the-pov-of-someone-who-s-hiding/,,,7,0.4782608695652174
H2,all-mpnet-base-v2,316::https://blog.reedsy.com/creative-writing-prompts/drama/center-your-story-around-someone-s-public-image-an/,,,1,1.0
H2,all-mpnet-base-v2,316::https://blog.reedsy.com/creative-writing-prompts/drama/center-your-story-around-someone-s-public-image-an/,,,2,1.0
H2,all-mpnet-base-v2,316::https://blog.reedsy.com/creative-writing-prompts/drama/center-your-story-around-someone-s-public-image-an/,,,3,1.0
H2,all-mpnet-base-v2,316::https://blog.reedsy.com/creative-writing-prompts/drama/center-your-story-around-someone-s-public-image-an/,,,4,1.0
H2,all-mpnet-base-v2,316::https://blog.reedsy.com/creative-writing-prompts/drama/center-your-story-around-someone-s-public-image-an/,,,5,1.0
H2,all-mpnet-base-v2,316::https://blog.reedsy.com/creative-writing-prompts/drama/center-your-story-around-someone-s-public-image-an/,,,6,1.0
H2,all-mpnet-base-v2,316::https://blog.reedsy.com/creative-writing-prompts/drama/center-your-story-around-someone-s-public-image-an/,,,7,1.0
H2,all-mpnet-base-v2,316::https://blog.reedsy.com/creative-writing-prompts/short-story/write-a-story-that-includes-the-line-can-you-keep-/,,,1,0.6
H2,all-mpnet-base-v2,316::https://blog.reedsy.com/creative-writing-prompts/short-story/write-a-story-that-includes-the-line-can-you-keep-/,,,2,0.6
H2,all-mpnet-base-v2,316::https://blog.reedsy.com/creative-writing-prompts/short-story/write-a-story-that-includes-the-line-can-you-keep-/,,,3,0.6
H2,all-mpnet-base-v2,316::https://blog.reedsy.com/creative-writing-prompts/short-story/write-a-story-that-includes-the-line-can-you-keep-/,,,4,0.6
H2,all-mpnet-base-v2,316::https://blog.reedsy.com/creative-writing-prompts/short-story/write-a-story-that-includes-the-line-can-you-keep-/,,,5,0.6
H2,all-mpnet-base-v2,316::https://blog.reedsy.com/creative-writing-prompts/short-story/write-a-story-that-includes-the-line-can-you-keep-/,,,6,0.6
H2,all-mpnet-base-v2,316::https://blog.reedsy.com/creative-writing-prompts/short-story/write-a-story-that-includes-the-line-can-you-keep-/,,,7,0.6
H2,text-embedding-3-large,291::https://blog.reedsy.com/creative-writing-prompts/short-story/write-a-story-inspired-by-the-ultimate-cliched-twi/,,,1,0.4482758620689655
H2,text-embedding-3-large,291::https://blog.reedsy.com/creative-writing-prompts/short-story/write-a-story-inspired-by-the-ultimate-cliched-twi/,,,2,0.4482758620689655
H2,text-embedding-3-large,291::https://blog.reedsy.com/creative-writing-prompts/short-story/write-a-story-inspired-by-the-ultimate-cliched-twi/,,,3,0.4482758620689655
H2,text-embedding-3-large,291::https://blog.reedsy.com/creative-writing-prompts/short-story/write-a-story-inspired-by-the-ultimate-cliched-twi/,,,4,0.4482758620689655
H2,text-embedding-3-large,291::https://blog.reedsy.com/creative-writing-prompts/short-story/write-a-story-inspired-by-the-ultimate-cliched-twi/,,,5,0.4482758620689655
H2,text-embedding-3-large,291::https://blog.reedsy.com/creative-writing-prompts/short-story/write-a-story-inspired-by-the-ultimate-cliched-twi/,,,6,0.4482758620689655
H2,text-embedding-3-large,291::https://blog.reedsy.com/creative-writing-prompts/short-story/write-a-story-inspired-by-the-ultimate-cliched-twi/,,,7,0.4482758620689655
H2,text-embedding-3-large,291::https://blog.reedsy.com/creative-writing-prompts/angst/center-your-story-around-a-character-s-addiction-o/,,,1,0.7
H2,text-embedding-3-large,291::https://blog.reedsy.com/creative-writing-prompts/angst/center-your-story-around-a-character-s-addiction-o/,,,2,0.7
H2,text-embedding-3-large,291::https://blog.reedsy.com/creative-writing-prompts/angst/center-your-story-around-a-character-s-addiction-o/,,,3,0.7
H2,text-embedding-3-large,291::https://blog.reedsy.com/creative-writing-prompts/angst/center-your-story-around-a-character-s-addiction-o/,,,4,0.7
H2,text-embedding-3-large,291::https://blog.reedsy.com/creative-writing-prompts/angst/center-your-story-around-a-character-s-addiction-o/,,,5,0.7
H2,text-embedding-3-large,291::https://blog.reedsy.com/creative-writing-prompts/angst/center-your-story-around-a-character-s-addiction-o/,,,6,0.7
H2,text-embedding-3-large,291::https://blog.reedsy.com/creative-writing-prompts/angst/center-your-story-around-a-character-s-addiction-o/,,,7,0.7
H2,text-embedding-3-large,291::https://blog.reedsy.com/creative-writing-prompts/drama/write-a-story-that-keeps-a-key-detail-hidden-from-/,,,1,0.35294117647058826
H2,text-embedding-3-large,291::https://blog.reedsy.com/creative-writing-prompts/drama/write-a-story-that-keeps-a-key-detail-hidden-from-/,,,2,0.35294117647058826
H2,text-embedding-3-large,291::https://blog.reedsy.com/creative-writing-prompts/drama/write-a-story-that-keeps-a-key-detail-hidden-from-/,,,3,0.35294117647058826
H2,text-embedding-3-large,291::https://blog.reedsy.com/creative-writing-prompts/drama/write-a-story-that-keeps-a-key-detail-hidden-from-/,,,4,0.35294117647058826
H2,text-embedding-3-large,291::https://blog.reedsy.com/creative-writing-prompts/drama/write-a-story-that-keeps-a-key-detail-hidden-from-/,,,5,0.35294117647058826
H2,text-embedding-3-large,291::https://blog.reedsy.com/creative-writing-prompts/drama/write-a-story-that-keeps-a-key-detail-hidden-from-/,,,6,0.35294117647058826
H2,text-embedding-3-large,291::https://blog.reedsy.com/creative-writing-prompts/drama/write-a-story-that-keeps-a-key-detail-hidden-from-/,,,7,0.35294117647058826
H2,text-embedding-3-large,291::https://blog.reedsy.com/creative-writing-prompts/drama/center-your-story-around-a-character-who-successfu/,,,1,0.3793103448275862
H2,text-embedding-3-large,291::https://blog.reedsy.com/creative-writing-prompts/drama/center-your-story-around-a-character-who-successfu/,,,2,0.3793103448275862
H2,text-embedding-3-large,291::https://blog.reedsy.com/creative-writing-prompts/drama/center-your-story-around-a-character-who-successfu/,,,3,0.3793103448275862
H2,text-embedding-3-large,291::https://blog.reedsy.com/creative-writing-prompts/drama/center-your-story-around-a-character-who-successfu/,,,4,0.3793103448275862
H2,text-embedding-3-large,291::https://blog.reedsy.com/creative-writing-prompts/drama/center-your-story-around-a-character-who-successfu/,,,5,0.3793103448275862
H2,text-embedding-3-large,291::https://blog.reedsy.com/creative-writing-prompts/drama/center-your-story-around-a-character-who-successfu/,,,6,0.3793103448275862
H2,text-embedding-3-large,291::https://blog.reedsy.com/creative-writing-prompts/drama/center-your-story-around-a-character-who-successfu/,,,7,0.3793103448275862
H2,text-embedding-3-large,291::https://blog.reedsy.com/creative-writing-prompts/short-story/write-a-story-with-a-huge-surprise-either-in-the-m/,,,1,0.2926829268292683
H2,text-embedding-3-large,291::https://blog.reedsy.com/creative-writing-prompts/short-story/write-a-story-with-a-huge-surprise-either-in-the-m/,,,2,0.2926829268292683
H2,text-embedding-3-large,291::https://blog.reedsy.com/creative-writing-prompts/short-story/write-a-story-with-a-huge-surprise-either-in-the-m/,,,3,0.2926829268292683
H2,text-embedding-3-large,291::https://blog.reedsy.com/creative-writing-prompts/short-story/write-a-story-with-a-huge-surprise-either-in-the-m/,,,4,0.2926829268292683
H2,text-embedding-3-large,291::https://blog.reedsy.com/creative-writing-prompts/short-story/write-a-story-with-a-huge-surprise-either-in-the-m/,,,5,0.2926829268292683
H2,text-embedding-3-large,291::https://blog.reedsy.com/creative-writing-prompts/short-story/write-a-story-with-a-huge-surprise-either-in-the-m/,,,6,0.2926829268292683
H2,text-embedding-3-large,291::https://blog.reedsy.com/creative-writing-prompts/short-story/write-a-story-with-a-huge-surprise-either-in-the-m/,,,7,0.2926829268292683
H2,text-embedding-3-large,294::https://blog.reedsy.com/creative-writing-prompts/short-story/write-a-story-in-which-the-first-and-last-sentence/,,,1,0.5142857142857142
H2,text-embedding-3-large,294::https://blog.reedsy.com/creative-writing-prompts/short-story/write-a-story-in-which-the-first-and-last-sentence/,,,2,0.5142857142857142
H2,text-embedding-3-large,294::https://blog.reedsy.com/creative-writing-prompts/short-story/write-a-story-in-which-the-first-and-last-sentence/,,,3,0.5142857142857142
H2,text-embedding-3-large,294::https://blog.reedsy.com/creative-writing-prompts/short-story/write-a-story-in-which-the-first-and-last-sentence/,,,4,0.5142857142857142
H2,text-embedding-3-large,294::https://blog.reedsy.com/creative-writing-prompts/short-story/write-a-story-in-which-the-first-and-last-sentence/,,,5,0.5142857142857142
H2,text-embedding-3-large,294::https://blog.reedsy.com/creative-writing-prompts/short-story/write-a-story-in-which-the-first-and-last-sentence/,,,6,0.5142857142857142
H2,text-embedding-3-large,294::https://blog.reedsy.com/creative-writing-prompts/short-story/write-a-story-in-which-the-first-and-last-sentence/,,,7,0.5142857142857142
H2,text-embedding-3-large,294::https://blog.reedsy.com/creative-writing-prompts/short-story/create-a-title-with-reedsy-s-title-generator-then-/,,,1,1.0
H2,text-embedding-3-large,294::https://blog.reedsy.com/creative-writing-prompts/short-story/create-a-title-with-reedsy-s-title-generator-then-/,,,2,1.0
H2,text-embedding-3-large,294::https://blog.reedsy.com/creative-writing-prompts/short-story/create-a-title-with-reedsy-s-title-generator-then-/,,,3,1.0
H2,text-embedding-3-large,294::https://blog.reedsy.com/creative-writing-prompts/short-story/create-a-title-with-reedsy-s-title-generator-then-/,,,4,1.0
H2,text-embedding-3-large,294::https://blog.reedsy.com/creative-writing-prompts/short-story/create-a-title-with-reedsy-s-title-generator-then-/,,,5,1.0
H2,text-embedding-3-large,294::https://blog.reedsy.com/creative-writing-prompts/short-story/create-a-title-with-reedsy-s-title-generator-then-/,,,6,1.0
H2,text-embedding-3-large,294::https://blog.reedsy.com/creative-writing-prompts/short-story/create-a-title-with-reedsy-s-title-generator-then-/,,,7,1.0
H2,text-embedding-3-large,294::https://blog.reedsy.com/creative-writing-prompts/short-story/write-a-story-in-the-form-of-a-letter-or-several-l/,,,1,0.6153846153846154
H2,text-embedding-3-large,294::https://blog.reedsy.com/creative-writing-prompts/short-story/write-a-story-in-the-form-of-a-letter-or-several-l/,,,2,0.6153846153846154
H2,text-embedding-3-large,294::https://blog.reedsy.com/creative-writing-prompts/short-story/write-a-story-in-the-form-of-a-letter-or-several-l/,,,3,0.6153846153846154
H2,text-embedding-3-large,294::https://blog.reedsy.com/creative-writing-prompts/short-story/write-a-story-in-the-form-of-a-letter-or-several-l/,,,4,0.6153846153846154
H2,text-embedding-3-large,294::https://blog.reedsy.com/creative-writing-prompts/short-story/write-a-story-in-the-form-of-a-letter-or-several-l/,,,5,0.6153846153846154
H2,text-embedding-3-large,294::https://blog.reedsy.com/creative-writing-prompts/short-story/write-a-story-in-the-form-of-a-letter-or-several-l/,,,6,0.6153846153846154
H2,text-embedding-3-large,294::https://blog.reedsy.com/creative-writing-prompts/short-story/write-a-story-in-the-form-of-a-letter-or-several-l/,,,7,0.6153846153846154
H2,text-embedding-3-large,294::https://blog.reedsy.com/creative-writing-prompts/drama/center-your-story-around-someone-who-s-at-a-loss-f/,,,1,0.29545454545454547
H2,text-embedding-3-large,294::https://blog.reedsy.com/creative-writing-prompts/drama/center-your-story-around-someone-who-s-at-a-loss-f/,,,2,0.29545454545454547
H2,text-embedding-3-large,294::https://blog.reedsy.com/creative-writing-prompts/drama/center-your-story-around-someone-who-s-at-a-loss-f/,,,3,0.29545454545454547
H2,text-embedding-3-large,294::https://blog.reedsy.com/creative-writing-prompts/drama/center-your-story-around-someone-who-s-at-a-loss-f/,,,4,0.29545454545454547
H2,text-embedding-3-large,294::https://blog.reedsy.com/creative-writing-prompts/drama/center-your-story-around-someone-who-s-at-a-loss-f/,,,5,0.29545454545454547
H2,text-embedding-3-large,294::https://blog.reedsy.com/creative-writing-prompts/drama/center-your-story-around-someone-who-s-at-a-loss-f/,,,6,0.29545454545454547
H2,text-embedding-3-large,294::https://blog.reedsy.com/creative-writing-prompts/drama/center-your-story-around-someone-who-s-at-a-loss-f/,,,7,0.29545454545454547
H2,text-embedding-3-large,294::https://blog.reedsy.com/creative-writing-prompts/dialogue/write-a-story-with-the-line-i-didn-t-mean-that-or-/,,,1,0.8484848484848485
H2,text-embedding-3-large,294::https://blog.reedsy.com/creative-writing-prompts/dialogue/write-a-story-with-the-line-i-didn-t-mean-that-or-/,,,2,0.8484848484848485
H2,text-embedding-3-large,294::https://blog.reedsy.com/creative-writing-prompts/dialogue/write-a-story-with-the-line-i-didn-t-mean-that-or-/,,,3,0.8484848484848485
H2,text-embedding-3-large,294::https://blog.reedsy.com/creative-writing-prompts/dialogue/write-a-story-with-the-line-i-didn-t-mean-that-or-/,,,4,0.8484848484848485
H2,text-embedding-3-large,294::https://blog.reedsy.com/creative-writing-prompts/dialogue/write-a-story-with-the-line-i-didn-t-mean-that-or-/,,,5,0.8484848484848485
H2,text-embedding-3-large,294::https://blog.reedsy.com/creative-writing-prompts/dialogue/write-a-story-with-the-line-i-didn-t-mean-that-or-/,,,6,0.8484848484848485
H2,text-embedding-3-large,294::https://blog.reedsy.com/creative-writing-prompts/dialogue/write-a-story-with-the-line-i-didn-t-mean-that-or-/,,,7,0.8484848484848485
H2,text-embedding-3-large,309::https://blog.reedsy.com/creative-writing-prompts/drama/write-a-story-that-includes-the-line-do-i-know-you/,,,1,0.43333333333333335
H2,text-embedding-3-large,309::https://blog.reedsy.com/creative-writing-prompts/drama/write-a-story-that-includes-the-line-do-i-know-you/,,,2,0.43333333333333335
H2,text-embedding-3-large,309::https://blog.reedsy.com/creative-writing-prompts/drama/write-a-story-that-includes-the-line-do-i-know-you/,,,3,0.43333333333333335
H2,text-embedding-3-large,309::https://blog.reedsy.com/creative-writing-prompts/drama/write-a-story-that-includes-the-line-do-i-know-you/,,,4,0.43333333333333335
H2,text-embedding-3-large,309::https://blog.reedsy.com/creative-writing-prompts/drama/write-a-story-that-includes-the-line-do-i-know-you/,,,5,0.43333333333333335
H2,text-embedding-3-large,309::https://blog.reedsy.com/creative-writing-prompts/drama/write-a-story-that-includes-the-line-do-i-know-you/,,,6,0.43333333333333335
H2,text-embedding-3-large,309::https://blog.reedsy.com/creative-writing-prompts/drama/write-a-story-that-includes-the-line-do-i-know-you/,,,7,0.43333333333333335
H2,text-embedding-3-large,309::https://blog.reedsy.com/creative-writing-prompts/short-story/start-or-end-your-story-with-a-character-making-fo/,,,1,0.6190476190476191
H2,text-embedding-3-large,309::https://blog.reedsy.com/creative-writing-prompts/short-story/start-or-end-your-story-with-a-character-making-fo/,,,2,0.6190476190476191
H2,text-embedding-3-large,309::https://blog.reedsy.com/creative-writing-prompts/short-story/start-or-end-your-story-with-a-character-making-fo/,,,3,0.6190476190476191
H2,text-embedding-3-large,309::https://blog.reedsy.com/creative-writing-prompts/short-story/start-or-end-your-story-with-a-character-making-fo/,,,4,0.6190476190476191
H2,text-embedding-3-large,309::https://blog.reedsy.com/creative-writing-prompts/short-story/start-or-end-your-story-with-a-character-making-fo/,,,5,0.6190476190476191
H2,text-embedding-3-large,309::https://blog.reedsy.com/creative-writing-prompts/short-story/start-or-end-your-story-with-a-character-making-fo/,,,6,0.6190476190476191
H2,text-embedding-3-large,309::https://blog.reedsy.com/creative-writing-prompts/short-story/start-or-end-your-story-with-a-character-making-fo/,,,7,0.6190476190476191
H2,text-embedding-3-large,309::https://blog.reedsy.com/creative-writing-prompts/character/center-your-story-around-a-character-who-yearns-fo/,,,1,0.4745762711864407
H2,text-embedding-3-large,309::https://blog.reedsy.com/creative-writing-prompts/character/center-your-story-around-a-character-who-yearns-fo/,,,2,0.4745762711864407
H2,text-embedding-3-large,309::https://blog.reedsy.com/creative-writing-prompts/character/center-your-story-around-a-character-who-yearns-fo/,,,3,0.4745762711864407
H2,text-embedding-3-large,309::https://blog.reedsy.com/creative-writing-prompts/character/center-your-story-around-a-character-who-yearns-fo/,,,4,0.4745762711864407
H2,text-embedding-3-large,309::https://blog.reedsy.com/creative-writing-prompts/character/center-your-story-around-a-character-who-yearns-fo/,,,5,0.4745762711864407
H2,text-embedding-3-large,309::https://blog.reedsy.com/creative-writing-prompts/character/center-your-story-around-a-character-who-yearns-fo/,,,6,0.4745762711864407
H2,text-embedding-3-large,309::https://blog.reedsy.com/creative-writing-prompts/character/center-your-story-around-a-character-who-yearns-fo/,,,7,0.4745762711864407
H2,text-embedding-3-large,309::https://blog.reedsy.com/creative-writing-prompts/short-story/write-a-story-with-a-person-s-name-in-the-title/,,,1,0.32432432432432434
H2,text-embedding-3-large,309::https://blog.reedsy.com/creative-writing-prompts/short-story/write-a-story-with-a-person-s-name-in-the-title/,,,2,0.32432432432432434
H2,text-embedding-3-large,309::https://blog.reedsy.com/creative-writing-prompts/short-story/write-a-story-with-a-person-s-name-in-the-title/,,,3,0.32432432432432434
H2,text-embedding-3-large,309::https://blog.reedsy.com/creative-writing-prompts/short-story/write-a-story-with-a-person-s-name-in-the-title/,,,4,0.32432432432432434
H2,text-embedding-3-large,309::https://blog.reedsy.com/creative-writing-prompts/short-story/write-a-story-with-a-person-s-name-in-the-title/,,,5,0.32432432432432434
H2,text-embedding-3-large,309::https://blog.reedsy.com/creative-writing-prompts/short-story/write-a-story-with-a-person-s-name-in-the-title/,,,6,0.32432432432432434
H2,text-embedding-3-large,309::https://blog.reedsy.com/creative-writing-prompts/short-story/write-a-story-with-a-person-s-name-in-the-title/,,,7,0.32432432432432434
H2,text-embedding-3-large,309::https://blog.reedsy.com/creative-writing-prompts/drama/center-your-story-around-two-characters-who-like-e/,,,1,0.39285714285714285
H2,text-embedding-3-large,309::https://blog.reedsy.com/creative-writing-prompts/drama/center-your-story-around-two-characters-who-like-e/,,,2,0.39285714285714285
H2,text-embedding-3-large,309::https://blog.reedsy.com/creative-writing-prompts/drama/center-your-story-around-two-characters-who-like-e/,,,3,0.39285714285714285
H2,text-embedding-3-large,309::https://blog.reedsy.com/creative-writing-prompts/drama/center-your-story-around-two-characters-who-like-e/,,,4,0.39285714285714285
H2,text-embedding-3-large,309::https://blog.reedsy.com/creative-writing-prompts/drama/center-your-story-around-two-characters-who-like-e/,,,5,0.39285714285714285
H2,text-embedding-3-large,309::https://blog.reedsy.com/creative-writing-prompts/drama/center-your-story-around-two-characters-who-like-e/,,,6,0.39285714285714285
H2,text-embedding-3-large,309::https://blog.reedsy.com/creative-writing-prompts/drama/center-your-story-around-two-characters-who-like-e/,,,7,0.39285714285714285
H2,text-embedding-3-large,316::https://blog.reedsy.com/creative-writing-prompts/drama/write-a-story-where-a-character-s-true-identity-or/,,,1,0.4782608695652174
H2,text-embedding-3-large,316::https://blog.reedsy.com/creative-writing-prompts/drama/write-a-story-where-a-character-s-true-identity-or/,,,2,0.4782608695652174
H2,text-embedding-3-large,316::https://blog.reedsy.com/creative-writing-prompts/drama/write-a-story-where-a-character-s-true-identity-or/,,,3,0.4782608695652174
H2,text-embedding-3-large,316::https://blog.reedsy.com/creative-writing-prompts/drama/write-a-story-where-a-character-s-true-identity-or/,,,4,0.4782608695652174
H2,text-embedding-3-large,316::https://blog.reedsy.com/creative-writing-prompts/drama/write-a-story-where-a-character-s-true-identity-or/,,,5,0.4782608695652174
H2,text-embedding-3-large,316::https://blog.reedsy.com/creative-writing-prompts/drama/write-a-story-where-a-character-s-true-identity-or/,,,6,0.4782608695652174
H2,text-embedding-3-large,316::https://blog.reedsy.com/creative-writing-prompts/drama/write-a-story-where-a-character-s-true-identity-or/,,,7,0.4782608695652174
H2,text-embedding-3-large,316::https://blog.reedsy.com/creative-writing-prompts/short-story/include-the-word-hero-mask-or-truth-in-your-story-/,,,1,0.3191489361702128
H2,text-embedding-3-large,316::https://blog.reedsy.com/creative-writing-prompts/short-story/include-the-word-hero-mask-or-truth-in-your-story-/,,,2,0.3191489361702128
H2,text-embedding-3-large,316::https://blog.reedsy.com/creative-writing-prompts/short-story/include-the-word-hero-mask-or-truth-in-your-story-/,,,3,0.3191489361702128
H2,text-embedding-3-large,316::https://blog.reedsy.com/creative-writing-prompts/short-story/include-the-word-hero-mask-or-truth-in-your-story-/,,,4,0.3191489361702128
H2,text-embedding-3-large,316::https://blog.reedsy.com/creative-writing-prompts/short-story/include-the-word-hero-mask-or-truth-in-your-story-/,,,5,0.3191489361702128
H2,text-embedding-3-large,316::https://blog.reedsy.com/creative-writing-prompts/short-story/include-the-word-hero-mask-or-truth-in-your-story-/,,,6,0.3191489361702128
H2,text-embedding-3-large,316::https://blog.reedsy.com/creative-writing-prompts/short-story/include-the-word-hero-mask-or-truth-in-your-story-/,,,7,0.3191489361702128
H2,text-embedding-3-large,316::https://blog.reedsy.com/creative-writing-prompts/drama/write-a-story-from-the-pov-of-someone-who-s-hiding/,,,1,0.5217391304347826
H2,text-embedding-3-large,316::https://blog.reedsy.com/creative-writing-prompts/drama/write-a-story-from-the-pov-of-someone-who-s-hiding/,,,2,0.5217391304347826
H2,text-embedding-3-large,316::https://blog.reedsy.com/creative-writing-prompts/drama/write-a-story-from-the-pov-of-someone-who-s-hiding/,,,3,0.5217391304347826
H2,text-embedding-3-large,316::https://blog.reedsy.com/creative-writing-prompts/drama/write-a-story-from-the-pov-of-someone-who-s-hiding/,,,4,0.5217391304347826
H2,text-embedding-3-large,316::https://blog.reedsy.com/creative-writing-prompts/drama/write-a-story-from-the-pov-of-someone-who-s-hiding/,,,5,0.5217391304347826
H2,text-embedding-3-large,316::https://blog.reedsy.com/creative-writing-prompts/drama/write-a-story-from-the-pov-of-someone-who-s-hiding/,,,6,0.5217391304347826
H2,text-embedding-3-large,316::https://blog.reedsy.com/creative-writing-prompts/drama/write-a-story-from-the-pov-of-someone-who-s-hiding/,,,7,0.5217391304347826
H2,text-embedding-3-large,316::https://blog.reedsy.com/creative-writing-prompts/drama/center-your-story-around-someone-s-public-image-an/,,,1,0.8
H2,text-embedding-3-large,316::https://blog.reedsy.com/creative-writing-prompts/drama/center-your-story-around-someone-s-public-image-an/,,,2,0.8
H2,text-embedding-3-large,316::https://blog.reedsy.com/creative-writing-prompts/drama/center-your-story-around-someone-s-public-image-an/,,,3,0.8
H2,text-embedding-3-large,316::https://blog.reedsy.com/creative-writing-prompts/drama/center-your-story-around-someone-s-public-image-an/,,,4,0.8
H2,text-embedding-3-large,316::https://blog.reedsy.com/creative-writing-prompts/drama/center-your-story-around-someone-s-public-image-an/,,,5,0.8
H2,text-embedding-3-large,316::https://blog.reedsy.com/creative-writing-prompts/drama/center-your-story-around-someone-s-public-image-an/,,,6,0.8
H2,text-embedding-3-large,316::https://blog.reedsy.com/creative-writing-prompts/drama/center-your-story-around-someone-s-public-image-an/,,,7,0.8
H2,text-embedding-3-large,316::https://blog.reedsy.com/creative-writing-prompts/short-story/write-a-story-that-includes-the-line-can-you-keep-/,,,1,1.0
H2,text-embedding-3-large,316::https://blog.reedsy.com/creative-writing-prompts/short-story/write-a-story-that-includes-the-line-can-you-keep-/,,,2,1.0
H2,text-embedding-3-large,316::https://blog.reedsy.com/creative-writing-prompts/short-story/write-a-story-that-includes-the-line-can-you-keep-/,,,3,1.0
H2,text-embedding-3-large,316::https://blog.reedsy.com/creative-writing-prompts/short-story/write-a-story-that-includes-the-line-can-you-keep-/,,,4,1.0
H2,text-embedding-3-large,316::https://blog.reedsy.com/creative-writing-prompts/short-story/write-a-story-that-includes-the-line-can-you-keep-/,,,5,1.0
H2,text-embedding-3-large,316::https://blog.reedsy.com/creative-writing-prompts/short-story/write-a-story-that-includes-the-line-can-you-keep-/,,,6,1.0
H2,text-embedding-3-large,316::https://blog.reedsy.com/creative-writing-prompts/short-story/write-a-story-that-includes-the-line-can-you-keep-/,,,7,1.0
H2,all-MiniLM-L12-v2,291::https://blog.reedsy.com/creative-writing-prompts/short-story/write-a-story-inspired-by-the-ultimate-cliched-twi/,,,1,0.4827586206896552
H2,all-MiniLM-L12-v2,291::https://blog.reedsy.com/creative-writing-prompts/short-story/write-a-story-inspired-by-the-ultimate-cliched-twi/,,,2,0.4827586206896552
H2,all-MiniLM-L12-v2,291::https://blog.reedsy.com/creative-writing-prompts/short-story/write-a-story-inspired-by-the-ultimate-cliched-twi/,,,3,0.4827586206896552
H2,all-MiniLM-L12-v2,291::https://blog.reedsy.com/creative-writing-prompts/short-story/write-a-story-inspired-by-the-ultimate-cliched-twi/,,,4,0.4827586206896552
H2,all-MiniLM-L12-v2,291::https://blog.reedsy.com/creative-writing-prompts/short-story/write-a-story-inspired-by-the-ultimate-cliched-twi/,,,5,0.4827586206896552
H2,all-MiniLM-L12-v2,291::https://blog.reedsy.com/creative-writing-prompts/short-story/write-a-story-inspired-by-the-ultimate-cliched-twi/,,,6,0.4827586206896552
H2,all-MiniLM-L12-v2,291::https://blog.reedsy.com/creative-writing-prompts/short-story/write-a-story-inspired-by-the-ultimate-cliched-twi/,,,7,0.4827586206896552
H2,all-MiniLM-L12-v2,291::https://blog.reedsy.com/creative-writing-prompts/angst/center-your-story-around-a-character-s-addiction-o/,,,1,0.7
H2,all-MiniLM-L12-v2,291::https://blog.reedsy.com/creative-writing-prompts/angst/center-your-story-around-a-character-s-addiction-o/,,,2,0.7
H2,all-MiniLM-L12-v2,291::https://blog.reedsy.com/creative-writing-prompts/angst/center-your-story-around-a-character-s-addiction-o/,,,3,0.7
H2,all-MiniLM-L12-v2,291::https://blog.reedsy.com/creative-writing-prompts/angst/center-your-story-around-a-character-s-addiction-o/,,,4,0.7
H2,all-MiniLM-L12-v2,291::https://blog.reedsy.com/creative-writing-prompts/angst/center-your-story-around-a-character-s-addiction-o/,,,5,0.7
H2,all-MiniLM-L12-v2,291::https://blog.reedsy.com/creative-writing-prompts/angst/center-your-story-around-a-character-s-addiction-o/,,,6,0.7
H2,all-MiniLM-L12-v2,291::https://blog.reedsy.com/creative-writing-prompts/angst/center-your-story-around-a-character-s-addiction-o/,,,7,0.7
H2,all-MiniLM-L12-v2,291::https://blog.reedsy.com/creative-writing-prompts/drama/write-a-story-that-keeps-a-key-detail-hidden-from-/,,,1,1.0
H2,all-MiniLM-L12-v2,291::https://blog.reedsy.com/creative-writing-prompts/drama/write-a-story-that-keeps-a-key-detail-hidden-from-/,,,2,1.0
H2,all-MiniLM-L12-v2,291::https://blog.reedsy.com/creative-writing-prompts/drama/write-a-story-that-keeps-a-key-detail-hidden-from-/,,,3,1.0
H2,all-MiniLM-L12-v2,291::https://blog.reedsy.com/creative-writing-prompts/drama/write-a-story-that-keeps-a-key-detail-hidden-from-/,,,4,1.0
H2,all-MiniLM-L12-v2,291::https://blog.reedsy.com/creative-writing-prompts/drama/write-a-story-that-keeps-a-key-detail-hidden-from-/,,,5,1.0
H2,all-MiniLM-L12-v2,291::https://blog.reedsy.com/creative-writing-prompts/drama/write-a-story-that-keeps-a-key-detail-hidden-from-/,,,6,1.0
H2,all-MiniLM-L12-v2,291::https://blog.reedsy.com/creative-writing-prompts/drama/write-a-story-that-keeps-a-key-detail-hidden-from-/,,,7,1.0
H2,all-MiniLM-L12-v2,291::https://blog.reedsy.com/creative-writing-prompts/drama/center-your-story-around-a-character-who-successfu/,,,1,0.3793103448275862
H2,all-MiniLM-L12-v2,291::https://blog.reedsy.com/creative-writing-prompts/drama/center-your-story-around-a-character-who-successfu/,,,2,0.3793103448275862
H2,all-MiniLM-L12-v2,291::https://blog.reedsy.com/creative-writing-prompts/drama/center-your-story-around-a-character-who-successfu/,,,3,0.3793103448275862
H2,all-MiniLM-L12-v2,291::https://blog.reedsy.com/creative-writing-prompts/drama/center-your-story-around-a-character-who-successfu/,,,4,0.3793103448275862
H2,all-MiniLM-L12-v2,291::https://blog.reedsy.com/creative-writing-prompts/drama/center-your-story-around-a-character-who-successfu/,,,5,0.3793103448275862
H2,all-MiniLM-L12-v2,291::https://blog.reedsy.com/creative-writing-prompts/drama/center-your-story-around-a-character-who-successfu/,,,6,0.3793103448275862
H2,all-MiniLM-L12-v2,291::https://blog.reedsy.com/creative-writing-prompts/drama/center-your-story-around-a-character-who-successfu/,,,7,0.3793103448275862
H2,all-MiniLM-L12-v2,291::https://blog.reedsy.com/creative-writing-prompts/short-story/write-a-story-with-a-huge-surprise-either-in-the-m/,,,1,0.2926829268292683
H2,all-MiniLM-L12-v2,291::https://blog.reedsy.com/creative-writing-prompts/short-story/write-a-story-with-a-huge-surprise-either-in-the-m/,,,2,0.2926829268292683
H2,all-MiniLM-L12-v2,291::https://blog.reedsy.com/creative-writing-prompts/short-story/write-a-story-with-a-huge-surprise-either-in-the-m/,,,3,0.2926829268292683
H2,all-MiniLM-L12-v2,291::https://blog.reedsy.com/creative-writing-prompts/short-story/write-a-story-with-a-huge-surprise-either-in-the-m/,,,4,0.2926829268292683
H2,all-MiniLM-L12-v2,291::https://blog.reedsy.com/creative-writing-prompts/short-story/write-a-story-with-a-huge-surprise-either-in-the-m/,,,5,0.2926829268292683
H2,all-MiniLM-L12-v2,291::https://blog.reedsy.com/creative-writing-prompts/short-story/write-a-story-with-a-huge-surprise-either-in-the-m/,,,6,0.2926829268292683
H2,all-MiniLM-L12-v2,291::https://blog.reedsy.com/creative-writing-prompts/short-story/write-a-story-with-a-huge-surprise-either-in-the-m/,,,7,0.2926829268292683
H2,all-MiniLM-L12-v2,294::https://blog.reedsy.com/creative-writing-prompts/short-story/write-a-story-in-which-the-first-and-last-sentence/,,,1,0.34285714285714286
H2,all-MiniLM-L12-v2,294::https://blog.reedsy.com/creative-writing-prompts/short-story/write-a-story-in-which-the-first-and-last-sentence/,,,2,0.34285714285714286
H2,all-MiniLM-L12-v2,294::https://blog.reedsy.com/creative-writing-prompts/short-story/write-a-story-in-which-the-first-and-last-sentence/,,,3,0.34285714285714286
H2,all-MiniLM-L12-v2,294::https://blog.reedsy.com/creative-writing-prompts/short-story/write-a-story-in-which-the-first-and-last-sentence/,,,4,0.34285714285714286
H2,all-MiniLM-L12-v2,294::https://blog.reedsy.com/creative-writing-prompts/short-story/write-a-story-in-which-the-first-and-last-sentence/,,,5,0.34285714285714286
H2,all-MiniLM-L12-v2,294::https://blog.reedsy.com/creative-writing-prompts/short-story/write-a-story-in-which-the-first-and-last-sentence/,,,6,0.34285714285714286
H2,all-MiniLM-L12-v2,294::https://blog.reedsy.com/creative-writing-prompts/short-story/write-a-story-in-which-the-first-and-last-sentence/,,,7,0.34285714285714286
H2,all-MiniLM-L12-v2,294::https://blog.reedsy.com/creative-writing-prompts/short-story/create-a-title-with-reedsy-s-title-generator-then-/,,,1,0.3548387096774194
H2,all-MiniLM-L12-v2,294::https://blog.reedsy.com/creative-writing-prompts/short-story/create-a-title-with-reedsy-s-title-generator-then-/,,,2,0.3548387096774194
H2,all-MiniLM-L12-v2,294::https://blog.reedsy.com/creative-writing-prompts/short-story/create-a-title-with-reedsy-s-title-generator-then-/,,,3,0.3548387096774194
H2,all-MiniLM-L12-v2,294::https://blog.reedsy.com/creative-writing-prompts/short-story/create-a-title-with-reedsy-s-title-generator-then-/,,,4,0.3548387096774194
H2,all-MiniLM-L12-v2,294::https://blog.reedsy.com/creative-writing-prompts/short-story/create-a-title-with-reedsy-s-title-generator-then-/,,,5,0.3548387096774194
H2,all-MiniLM-L12-v2,294::https://blog.reedsy.com/creative-writing-prompts/short-story/create-a-title-with-reedsy-s-title-generator-then-/,,,6,0.3548387096774194
H2,all-MiniLM-L12-v2,294::https://blog.reedsy.com/creative-writing-prompts/short-story/create-a-title-with-reedsy-s-title-generator-then-/,,,7,0.3548387096774194
H2,all-MiniLM-L12-v2,294::https://blog.reedsy.com/creative-writing-prompts/short-story/write-a-story-in-the-form-of-a-letter-or-several-l/,,,1,0.6153846153846154
H2,all-MiniLM-L12-v2,294::https://blog.reedsy.com/creative-writing-prompts/short-story/write-a-story-in-the-form-of-a-letter-or-several-l/,,,2,0.6153846153846154
H2,all-MiniLM-L12-v2,294::https://blog.reedsy.com/creative-writing-prompts/short-story/write-a-story-in-the-form-of-a-letter-or-several-l/,,,3,0.6153846153846154
H2,all-MiniLM-L12-v2,294::https://blog.reedsy.com/creative-writing-prompts/short-story/write-a-story-in-the-form-of-a-letter-or-several-l/,,,4,0.6153846153846154
H2,all-MiniLM-L12-v2,294::https://blog.reedsy.com/creative-writing-prompts/short-story/write-a-story-in-the-form-of-a-letter-or-several-l/,,,5,0.6153846153846154
H2,all-MiniLM-L12-v2,294::https://blog.reedsy.com/creative-writing-prompts/short-story/write-a-story-in-the-form-of-a-letter-or-several-l/,,,6,0.6153846153846154
H2,all-MiniLM-L12-v2,294::https://blog.reedsy.com/creative-writing-prompts/short-story/write-a-story-in-the-form-of-a-letter-or-several-l/,,,7,0.6153846153846154
H2,all-MiniLM-L12-v2,294::https://blog.reedsy.com/creative-writing-prompts/drama/center-your-story-around-someone-who-s-at-a-loss-f/,,,1,0.4772727272727273
H2,all-MiniLM-L12-v2,294::https://blog.reedsy.com/creative-writing-prompts/drama/center-your-story-around-someone-who-s-at-a-loss-f/,,,2,0.4772727272727273
H2,all-MiniLM-L12-v2,294::https://blog.reedsy.com/creative-writing-prompts/drama/center-your-story-around-someone-who-s-at-a-loss-f/,,,3,0.4772727272727273
H2,all-MiniLM-L12-v2,294::https://blog.reedsy.com/creative-writing-prompts/drama/center-your-story-around-someone-who-s-at-a-loss-f/,,,4,0.4772727272727273
H2,all-MiniLM-L12-v2,294::https://blog.reedsy.com/creative-writing-prompts/drama/center-your-story-around-someone-who-s-at-a-loss-f/,,,5,0.4772727272727273
H2,all-MiniLM-L12-v2,294::https://blog.reedsy.com/creative-writing-prompts/drama/center-your-story-around-someone-who-s-at-a-loss-f/,,,6,0.4772727272727273
H2,all-MiniLM-L12-v2,294::https://blog.reedsy.com/creative-writing-prompts/drama/center-your-story-around-someone-who-s-at-a-loss-f/,,,7,0.4772727272727273
H2,all-MiniLM-L12-v2,294::https://blog.reedsy.com/creative-writing-prompts/dialogue/write-a-story-with-the-line-i-didn-t-mean-that-or-/,,,1,0.6666666666666666
H2,all-MiniLM-L12-v2,294::https://blog.reedsy.com/creative-writing-prompts/dialogue/write-a-story-with-the-line-i-didn-t-mean-that-or-/,,,2,0.6666666666666666
H2,all-MiniLM-L12-v2,294::https://blog.reedsy.com/creative-writing-prompts/dialogue/write-a-story-with-the-line-i-didn-t-mean-that-or-/,,,3,0.6666666666666666
H2,all-MiniLM-L12-v2,294::https://blog.reedsy.com/creative-writing-prompts/dialogue/write-a-story-with-the-line-i-didn-t-mean-that-or-/,,,4,0.6666666666666666
H2,all-MiniLM-L12-v2,294::https://blog.reedsy.com/creative-writing-prompts/dialogue/write-a-story-with-the-line-i-didn-t-mean-that-or-/,,,5,0.6666666666666666
H2,all-MiniLM-L12-v2,294::https://blog.reedsy.com/creative-writing-prompts/dialogue/write-a-story-with-the-line-i-didn-t-mean-that-or-/,,,6,0.6666666666666666
H2,all-MiniLM-L12-v2,294::https://blog.reedsy.com/creative-writing-prompts/dialogue/write-a-story-with-the-line-i-didn-t-mean-that-or-/,,,7,0.6666666666666666
H2,all-MiniLM-L12-v2,309::https://blog.reedsy.com/creative-writing-prompts/drama/write-a-story-that-includes-the-line-do-i-know-you/,,,1,0.4666666666666667
H2,all-MiniLM-L12-v2,309::https://blog.reedsy.com/creative-writing-prompts/drama/write-a-story-that-includes-the-line-do-i-know-you/,,,2,0.4666666666666667
H2,all-MiniLM-L12-v2,309::https://blog.reedsy.com/creative-writing-prompts/drama/write-a-story-that-includes-the-line-do-i-know-you/,,,3,0.4666666666666667
H2,all-MiniLM-L12-v2,309::https://blog.reedsy.com/creative-writing-prompts/drama/write-a-story-that-includes-the-line-do-i-know-you/,,,4,0.4666666666666667
H2,all-MiniLM-L12-v2,309::https://blog.reedsy.com/creative-writing-prompts/drama/write-a-story-that-includes-the-line-do-i-know-you/,,,5,0.4666666666666667
H2,all-MiniLM-L12-v2,309::https://blog.reedsy.com/creative-writing-prompts/drama/write-a-story-that-includes-the-line-do-i-know-you/,,,6,0.4666666666666667
H2,all-MiniLM-L12-v2,309::https://blog.reedsy.com/creative-writing-prompts/drama/write-a-story-that-includes-the-line-do-i-know-you/,,,7,0.4666666666666667
H2,all-MiniLM-L12-v2,309::https://blog.reedsy.com/creative-writing-prompts/short-story/start-or-end-your-story-with-a-character-making-fo/,,,1,0.8095238095238095
H2,all-MiniLM-L12-v2,309::https://blog.reedsy.com/creative-writing-prompts/short-story/start-or-end-your-story-with-a-character-making-fo/,,,2,0.8095238095238095
H2,all-MiniLM-L12-v2,309::https://blog.reedsy.com/creative-writing-prompts/short-story/start-or-end-your-story-with-a-character-making-fo/,,,3,0.8095238095238095
H2,all-MiniLM-L12-v2,309::https://blog.reedsy.com/creative-writing-prompts/short-story/start-or-end-your-story-with-a-character-making-fo/,,,4,0.8095238095238095
H2,all-MiniLM-L12-v2,309::https://blog.reedsy.com/creative-writing-prompts/short-story/start-or-end-your-story-with-a-character-making-fo/,,,5,0.8095238095238095
H2,all-MiniLM-L12-v2,309::https://blog.reedsy.com/creative-writing-prompts/short-story/start-or-end-your-story-with-a-character-making-fo/,,,6,0.8095238095238095
H2,all-MiniLM-L12-v2,309::https://blog.reedsy.com/creative-writing-prompts/short-story/start-or-end-your-story-with-a-character-making-fo/,,,7,0.8095238095238095
H2,all-MiniLM-L12-v2,309::https://blog.reedsy.com/creative-writing-prompts/character/center-your-story-around-a-character-who-yearns-fo/,,,1,0.4745762711864407
H2,all-MiniLM-L12-v2,309::https://blog.reedsy.com/creative-writing-prompts/character/center-your-story-around-a-character-who-yearns-fo/,,,2,0.4745762711864407
H2,all-MiniLM-L12-v2,309::https://blog.reedsy.com/creative-writing-prompts/character/center-your-story-around-a-character-who-yearns-fo/,,,3,0.4745762711864407
H2,all-MiniLM-L12-v2,309::https://blog.reedsy.com/creative-writing-prompts/character/center-your-story-around-a-character-who-yearns-fo/,,,4,0.4745762711864407
H2,all-MiniLM-L12-v2,309::https://blog.reedsy.com/creative-writing-prompts/character/center-your-story-around-a-character-who-yearns-fo/,,,5,0.4745762711864407
H2,all-MiniLM-L12-v2,309::https://blog.reedsy.com/creative-writing-prompts/character/center-your-story-around-a-character-who-yearns-fo/,,,6,0.4745762711864407
H2,all-MiniLM-L12-v2,309::https://blog.reedsy.com/creative-writing-prompts/character/center-your-story-around-a-character-who-yearns-fo/,,,7,0.4745762711864407
H2,all-MiniLM-L12-v2,309::https://blog.reedsy.com/creative-writing-prompts/short-story/write-a-story-with-a-person-s-name-in-the-title/,,,1,0.35135135135135137
H2,all-MiniLM-L12-v2,309::https://blog.reedsy.com/creative-writing-prompts/short-story/write-a-story-with-a-person-s-name-in-the-title/,,,2,0.35135135135135137
H2,all-MiniLM-L12-v2,309::https://blog.reedsy.com/creative-writing-prompts/short-story/write-a-story-with-a-person-s-name-in-the-title/,,,3,0.35135135135135137
H2,all-MiniLM-L12-v2,309::https://blog.reedsy.com/creative-writing-prompts/short-story/write-a-story-with-a-person-s-name-in-the-title/,,,4,0.35135135135135137
H2,all-MiniLM-L12-v2,309::https://blog.reedsy.com/creative-writing-prompts/short-story/write-a-story-with-a-person-s-name-in-the-title/,,,5,0.35135135135135137
H2,all-MiniLM-L12-v2,309::https://blog.reedsy.com/creative-writing-prompts/short-story/write-a-story-with-a-person-s-name-in-the-title/,,,6,0.35135135135135137
H2,all-MiniLM-L12-v2,309::https://blog.reedsy.com/creative-writing-prompts/short-story/write-a-story-with-a-person-s-name-in-the-title/,,,7,0.35135135135135137
H2,all-MiniLM-L12-v2,309::https://blog.reedsy.com/creative-writing-prompts/drama/center-your-story-around-two-characters-who-like-e/,,,1,1.0
H2,all-MiniLM-L12-v2,309::https://blog.reedsy.com/creative-writing-prompts/drama/center-your-story-around-two-characters-who-like-e/,,,2,1.0
H2,all-MiniLM-L12-v2,309::https://blog.reedsy.com/creative-writing-prompts/drama/center-your-story-around-two-characters-who-like-e/,,,3,1.0
H2,all-MiniLM-L12-v2,309::https://blog.reedsy.com/creative-writing-prompts/drama/center-your-story-around-two-characters-who-like-e/,,,4,1.0
H2,all-MiniLM-L12-v2,309::https://blog.reedsy.com/creative-writing-prompts/drama/center-your-story-around-two-characters-who-like-e/,,,5,1.0
H2,all-MiniLM-L12-v2,309::https://blog.reedsy.com/creative-writing-prompts/drama/center-your-story-around-two-characters-who-like-e/,,,6,1.0
H2,all-MiniLM-L12-v2,309::https://blog.reedsy.com/creative-writing-prompts/drama/center-your-story-around-two-characters-who-like-e/,,,7,1.0
H2,all-MiniLM-L12-v2,316::https://blog.reedsy.com/creative-writing-prompts/drama/write-a-story-where-a-character-s-true-identity-or/,,,1,0.4782608695652174
H2,all-MiniLM-L12-v2,316::https://blog.reedsy.com/creative-writing-prompts/drama/write-a-story-where-a-character-s-true-identity-or/,,,2,0.4782608695652174
H2,all-MiniLM-L12-v2,316::https://blog.reedsy.com/creative-writing-prompts/drama/write-a-story-where-a-character-s-true-identity-or/,,,3,0.4782608695652174
H2,all-MiniLM-L12-v2,316::https://blog.reedsy.com/creative-writing-prompts/drama/write-a-story-where-a-character-s-true-identity-or/,,,4,0.4782608695652174
H2,all-MiniLM-L12-v2,316::https://blog.reedsy.com/creative-writing-prompts/drama/write-a-story-where-a-character-s-true-identity-or/,,,5,0.4782608695652174
H2,all-MiniLM-L12-v2,316::https://blog.reedsy.com/creative-writing-prompts/drama/write-a-story-where-a-character-s-true-identity-or/,,,6,0.4782608695652174
H2,all-MiniLM-L12-v2,316::https://blog.reedsy.com/creative-writing-prompts/drama/write-a-story-where-a-character-s-true-identity-or/,,,7,0.4782608695652174
H2,all-MiniLM-L12-v2,316::https://blog.reedsy.com/creative-writing-prompts/short-story/include-the-word-hero-mask-or-truth-in-your-story-/,,,1,0.3191489361702128
H2,all-MiniLM-L12-v2,316::https://blog.reedsy.com/creative-writing-prompts/short-story/include-the-word-hero-mask-or-truth-in-your-story-/,,,2,0.3191489361702128
H2,all-MiniLM-L12-v2,316::https://blog.reedsy.com/creative-writing-prompts/short-story/include-the-word-hero-mask-or-truth-in-your-story-/,,,3,0.3191489361702128
H2,all-MiniLM-L12-v2,316::https://blog.reedsy.com/creative-writing-prompts/short-story/include-the-word-hero-mask-or-truth-in-your-story-/,,,4,0.3191489361702128
H2,all-MiniLM-L12-v2,316::https://blog.reedsy.com/creative-writing-prompts/short-story/include-the-word-hero-mask-or-truth-in-your-story-/,,,5,0.3191489361702128
H2,all-MiniLM-L12-v2,316::https://blog.reedsy.com/creative-writing-prompts/short-story/include-the-word-hero-mask-or-truth-in-your-story-/,,,6,0.3191489361702128
H2,all-MiniLM-L12-v2,316::https://blog.reedsy.com/creative-writing-prompts/short-story/include-the-word-hero-mask-or-truth-in-your-story-/,,,7,0.3191489361702128
H2,all-MiniLM-L12-v2,316::https://blog.reedsy.com/creative-writing-prompts/drama/write-a-story-from-the-pov-of-someone-who-s-hiding/,,,1,0.4782608695652174
H2,all-MiniLM-L12-v2,316::https://blog.reedsy.com/creative-writing-prompts/drama/write-a-story-from-the-pov-of-someone-who-s-hiding/,,,2,0.4782608695652174
H2,all-MiniLM-L12-v2,316::https://blog.reedsy.com/creative-writing-prompts/drama/write-a-story-from-the-pov-of-someone-who-s-hiding/,,,3,0.4782608695652174
H2,all-MiniLM-L12-v2,316::https://blog.reedsy.com/creative-writing-prompts/drama/write-a-story-from-the-pov-of-someone-who-s-hiding/,,,4,0.4782608695652174
H2,all-MiniLM-L12-v2,316::https://blog.reedsy.com/creative-writing-prompts/drama/write-a-story-from-the-pov-of-someone-who-s-hiding/,,,5,0.4782608695652174
H2,all-MiniLM-L12-v2,316::https://blog.reedsy.com/creative-writing-prompts/drama/write-a-story-from-the-pov-of-someone-who-s-hiding/,,,6,0.4782608695652174
H2,all-MiniLM-L12-v2,316::https://blog.reedsy.com/creative-writing-prompts/drama/write-a-story-from-the-pov-of-someone-who-s-hiding/,,,7,0.4782608695652174
H2,all-MiniLM-L12-v2,316::https://blog.reedsy.com/creative-writing-prompts/drama/center-your-story-around-someone-s-public-image-an/,,,1,1.0
H2,all-MiniLM-L12-v2,316::https://blog.reedsy.com/creative-writing-prompts/drama/center-your-story-around-someone-s-public-image-an/,,,2,1.0
H2,all-MiniLM-L12-v2,316::https://blog.reedsy.com/creative-writing-prompts/drama/center-your-story-around-someone-s-public-image-an/,,,3,1.0
H2,all-MiniLM-L12-v2,316::https://blog.reedsy.com/creative-writing-prompts/drama/center-your-story-around-someone-s-public-image-an/,,,4,1.0
H2,all-MiniLM-L12-v2,316::https://blog.reedsy.com/creative-writing-prompts/drama/center-your-story-around-someone-s-public-image-an/,,,5,1.0
H2,all-MiniLM-L12-v2,316::https://blog.reedsy.com/creative-writing-prompts/drama/center-your-story-around-someone-s-public-image-an/,,,6,1.0
H2,all-MiniLM-L12-v2,316::https://blog.reedsy.com/creative-writing-prompts/drama/center-your-story-around-someone-s-public-image-an/,,,7,1.0
H2,all-MiniLM-L12-v2,316::https://blog.reedsy.com/creative-writing-prompts/short-story/write-a-story-that-includes-the-line-can-you-keep-/,,,1,1.0
H2,all-MiniLM-L12-v2,316::https://blog.reedsy.com/creative-writing-prompts/short-story/write-a-story-that-includes-the-line-can-you-keep-/,,,2,1.0
H2,all-MiniLM-L12-v2,316::https://blog.reedsy.com/creative-writing-prompts/short-story/write-a-story-that-includes-the-line-can-you-keep-/,,,3,1.0
H2,all-MiniLM-L12-v2,316::https://blog.reedsy.com/creative-writing-prompts/short-story/write-a-story-that-includes-the-line-can-you-keep-/,,,4,1.0
H2,all-MiniLM-L12-v2,316::https://blog.reedsy.com/creative-writing-prompts/short-story/write-a-story-that-includes-the-line-can-you-keep-/,,,5,1.0
H2,all-MiniLM-L12-v2,316::https://blog.reedsy.com/creative-writing-prompts/short-story/write-a-story-that-includes-the-line-can-you-keep-/,,,6,1.0
H2,all-MiniLM-L12-v2,316::https://blog.reedsy.com/creative-writing-prompts/short-story/write-a-story-that-includes-the-line-can-you-keep-/,,,7,1.0
H2,all-MiniLM-L6-v2,291::https://blog.reedsy.com/creative-writing-prompts/short-story/write-a-story-inspired-by-the-ultimate-cliched-twi/,,,1,0.4827586206896552
H2,all-MiniLM-L6-v2,291::https://blog.reedsy.com/creative-writing-prompts/short-story/write-a-story-inspired-by-the-ultimate-cliched-twi/,,,2,0.4827586206896552
H2,all-MiniLM-L6-v2,291::https://blog.reedsy.com/creative-writing-prompts/short-story/write-a-story-inspired-by-the-ultimate-cliched-twi/,,,3,0.4827586206896552
H2,all-MiniLM-L6-v2,291::https://blog.reedsy.com/creative-writing-prompts/short-story/write-a-story-inspired-by-the-ultimate-cliched-twi/,,,4,0.4827586206896552
H2,all-MiniLM-L6-v2,291::https://blog.reedsy.com/creative-writing-prompts/short-story/write-a-story-inspired-by-the-ultimate-cliched-twi/,,,5,0.4827586206896552
H2,all-MiniLM-L6-v2,291::https://blog.reedsy.com/creative-writing-prompts/short-story/write-a-story-inspired-by-the-ultimate-cliched-twi/,,,6,0.4827586206896552
H2,all-MiniLM-L6-v2,291::https://blog.reedsy.com/creative-writing-prompts/short-story/write-a-story-inspired-by-the-ultimate-cliched-twi/,,,7,0.4827586206896552
H2,all-MiniLM-L6-v2,291::https://blog.reedsy.com/creative-writing-prompts/angst/center-your-story-around-a-character-s-addiction-o/,,,1,0.7
H2,all-MiniLM-L6-v2,291::https://blog.reedsy.com/creative-writing-prompts/angst/center-your-story-around-a-character-s-addiction-o/,,,2,0.7
H2,all-MiniLM-L6-v2,291::https://blog.reedsy.com/creative-writing-prompts/angst/center-your-story-around-a-character-s-addiction-o/,,,3,0.7
H2,all-MiniLM-L6-v2,291::https://blog.reedsy.com/creative-writing-prompts/angst/center-your-story-around-a-character-s-addiction-o/,,,4,0.7
H2,all-MiniLM-L6-v2,291::https://blog.reedsy.com/creative-writing-prompts/angst/center-your-story-around-a-character-s-addiction-o/,,,5,0.7
H2,all-MiniLM-L6-v2,291::https://blog.reedsy.com/creative-writing-prompts/angst/center-your-story-around-a-character-s-addiction-o/,,,6,0.7
H2,all-MiniLM-L6-v2,291::https://blog.reedsy.com/creative-writing-prompts/angst/center-your-story-around-a-character-s-addiction-o/,,,7,0.7
H2,all-MiniLM-L6-v2,291::https://blog.reedsy.com/creative-writing-prompts/drama/write-a-story-that-keeps-a-key-detail-hidden-from-/,,,1,0.3235294117647059
H2,all-MiniLM-L6-v2,291::https://blog.reedsy.com/creative-writing-prompts/drama/write-a-story-that-keeps-a-key-detail-hidden-from-/,,,2,0.3235294117647059
H2,all-MiniLM-L6-v2,291::https://blog.reedsy.com/creative-writing-prompts/drama/write-a-story-that-keeps-a-key-detail-hidden-from-/,,,3,0.3235294117647059
H2,all-MiniLM-L6-v2,291::https://blog.reedsy.com/creative-writing-prompts/drama/write-a-story-that-keeps-a-key-detail-hidden-from-/,,,4,0.3235294117647059
H2,all-MiniLM-L6-v2,291::https://blog.reedsy.com/creative-writing-prompts/drama/write-a-story-that-keeps-a-key-detail-hidden-from-/,,,5,0.3235294117647059
H2,all-MiniLM-L6-v2,291::https://blog.reedsy.com/creative-writing-prompts/drama/write-a-story-that-keeps-a-key-detail-hidden-from-/,,,6,0.3235294117647059
H2,all-MiniLM-L6-v2,291::https://blog.reedsy.com/creative-writing-prompts/drama/write-a-story-that-keeps-a-key-detail-hidden-from-/,,,7,0.3235294117647059
H2,all-MiniLM-L6-v2,291::https://blog.reedsy.com/creative-writing-prompts/drama/center-your-story-around-a-character-who-successfu/,,,1,1.0
H2,all-MiniLM-L6-v2,291::https://blog.reedsy.com/creative-writing-prompts/drama/center-your-story-around-a-character-who-successfu/,,,2,1.0
H2,all-MiniLM-L6-v2,291::https://blog.reedsy.com/creative-writing-prompts/drama/center-your-story-around-a-character-who-successfu/,,,3,1.0
H2,all-MiniLM-L6-v2,291::https://blog.reedsy.com/creative-writing-prompts/drama/center-your-story-around-a-character-who-successfu/,,,4,1.0
H2,all-MiniLM-L6-v2,291::https://blog.reedsy.com/creative-writing-prompts/drama/center-your-story-around-a-character-who-successfu/,,,5,1.0
H2,all-MiniLM-L6-v2,291::https://blog.reedsy.com/creative-writing-prompts/drama/center-your-story-around-a-character-who-successfu/,,,6,1.0
H2,all-MiniLM-L6-v2,291::https://blog.reedsy.com/creative-writing-prompts/drama/center-your-story-around-a-character-who-successfu/,,,7,1.0
H2,all-MiniLM-L6-v2,291::https://blog.reedsy.com/creative-writing-prompts/short-story/write-a-story-with-a-huge-surprise-either-in-the-m/,,,1,0.2926829268292683
H2,all-MiniLM-L6-v2,291::https://blog.reedsy.com/creative-writing-prompts/short-story/write-a-story-with-a-huge-surprise-either-in-the-m/,,,2,0.2926829268292683
H2,all-MiniLM-L6-v2,291::https://blog.reedsy.com/creative-writing-prompts/short-story/write-a-story-with-a-huge-surprise-either-in-the-m/,,,3,0.2926829268292683
H2,all-MiniLM-L6-v2,291::https://blog.reedsy.com/creative-writing-prompts/short-story/write-a-story-with-a-huge-surprise-either-in-the-m/,,,4,0.2926829268292683
H2,all-MiniLM-L6-v2,291::https://blog.reedsy.com/creative-writing-prompts/short-story/write-a-story-with-a-huge-surprise-either-in-the-m/,,,5,0.2926829268292683
H2,all-MiniLM-L6-v2,291::https://blog.reedsy.com/creative-writing-prompts/short-story/write-a-story-with-a-huge-surprise-either-in-the-m/,,,6,0.2926829268292683
H2,all-MiniLM-L6-v2,291::https://blog.reedsy.com/creative-writing-prompts/short-story/write-a-story-with-a-huge-surprise-either-in-the-m/,,,7,0.2926829268292683
H2,all-MiniLM-L6-v2,294::https://blog.reedsy.com/creative-writing-prompts/short-story/write-a-story-in-which-the-first-and-last-sentence/,,,1,0.8
H2,all-MiniLM-L6-v2,294::https://blog.reedsy.com/creative-writing-prompts/short-story/write-a-story-in-which-the-first-and-last-sentence/,,,2,0.8
H2,all-MiniLM-L6-v2,294::https://blog.reedsy.com/creative-writing-prompts/short-story/write-a-story-in-which-the-first-and-last-sentence/,,,3,0.8
H2,all-MiniLM-L6-v2,294::https://blog.reedsy.com/creative-writing-prompts/short-story/write-a-story-in-which-the-first-and-last-sentence/,,,4,0.8
H2,all-MiniLM-L6-v2,294::https://blog.reedsy.com/creative-writing-prompts/short-story/write-a-story-in-which-the-first-and-last-sentence/,,,5,0.8
H2,all-MiniLM-L6-v2,294::https://blog.reedsy.com/creative-writing-prompts/short-story/write-a-story-in-which-the-first-and-last-sentence/,,,6,0.8
H2,all-MiniLM-L6-v2,294::https://blog.reedsy.com/creative-writing-prompts/short-story/write-a-story-in-which-the-first-and-last-sentence/,,,7,0.8
H2,all-MiniLM-L6-v2,294::https://blog.reedsy.com/creative-writing-prompts/short-story/create-a-title-with-reedsy-s-title-generator-then-/,,,1,0.3548387096774194
H2,all-MiniLM-L6-v2,294::https://blog.reedsy.com/creative-writing-prompts/short-story/create-a-title-with-reedsy-s-title-generator-then-/,,,2,0.3548387096774194
H2,all-MiniLM-L6-v2,294::https://blog.reedsy.com/creative-writing-prompts/short-story/create-a-title-with-reedsy-s-title-generator-then-/,,,3,0.3548387096774194
H2,all-MiniLM-L6-v2,294::https://blog.reedsy.com/creative-writing-prompts/short-story/create-a-title-with-reedsy-s-title-generator-then-/,,,4,0.3548387096774194
H2,all-MiniLM-L6-v2,294::https://blog.reedsy.com/creative-writing-prompts/short-story/create-a-title-with-reedsy-s-title-generator-then-/,,,5,0.3548387096774194
H2,all-MiniLM-L6-v2,294::https://blog.reedsy.com/creative-writing-prompts/short-story/create-a-title-with-reedsy-s-title-generator-then-/,,,6,0.3548387096774194
H2,all-MiniLM-L6-v2,294::https://blog.reedsy.com/creative-writing-prompts/short-story/create-a-title-with-reedsy-s-title-generator-then-/,,,7,0.3548387096774194
H2,all-MiniLM-L6-v2,294::https://blog.reedsy.com/creative-writing-prompts/short-story/write-a-story-in-the-form-of-a-letter-or-several-l/,,,1,0.46153846153846156
H2,all-MiniLM-L6-v2,294::https://blog.reedsy.com/creative-writing-prompts/short-story/write-a-story-in-the-form-of-a-letter-or-several-l/,,,2,0.46153846153846156
H2,all-MiniLM-L6-v2,294::https://blog.reedsy.com/creative-writing-prompts/short-story/write-a-story-in-the-form-of-a-letter-or-several-l/,,,3,0.46153846153846156
H2,all-MiniLM-L6-v2,294::https://blog.reedsy.com/creative-writing-prompts/short-story/write-a-story-in-the-form-of-a-letter-or-several-l/,,,4,0.46153846153846156
H2,all-MiniLM-L6-v2,294::https://blog.reedsy.com/creative-writing-prompts/short-story/write-a-story-in-the-form-of-a-letter-or-several-l/,,,5,0.46153846153846156
H2,all-MiniLM-L6-v2,294::https://blog.reedsy.com/creative-writing-prompts/short-story/write-a-story-in-the-form-of-a-letter-or-several-l/,,,6,0.46153846153846156
H2,all-MiniLM-L6-v2,294::https://blog.reedsy.com/creative-writing-prompts/short-story/write-a-story-in-the-form-of-a-letter-or-several-l/,,,7,0.46153846153846156
H2,all-MiniLM-L6-v2,294::https://blog.reedsy.com/creative-writing-prompts/drama/center-your-story-around-someone-who-s-at-a-loss-f/,,,1,0.7272727272727273
H2,all-MiniLM-L6-v2,294::https://blog.reedsy.com/creative-writing-prompts/drama/center-your-story-around-someone-who-s-at-a-loss-f/,,,2,0.7272727272727273
H2,all-MiniLM-L6-v2,294::https://blog.reedsy.com/creative-writing-prompts/drama/center-your-story-around-someone-who-s-at-a-loss-f/,,,3,0.7272727272727273
H2,all-MiniLM-L6-v2,294::https://blog.reedsy.com/creative-writing-prompts/drama/center-your-story-around-someone-who-s-at-a-loss-f/,,,4,0.7272727272727273
H2,all-MiniLM-L6-v2,294::https://blog.reedsy.com/creative-writing-prompts/drama/center-your-story-around-someone-who-s-at-a-loss-f/,,,5,0.7272727272727273
H2,all-MiniLM-L6-v2,294::https://blog.reedsy.com/creative-writing-prompts/drama/center-your-story-around-someone-who-s-at-a-loss-f/,,,6,0.7272727272727273
H2,all-MiniLM-L6-v2,294::https://blog.reedsy.com/creative-writing-prompts/drama/center-your-story-around-someone-who-s-at-a-loss-f/,,,7,0.7272727272727273
H2,all-MiniLM-L6-v2,294::https://blog.reedsy.com/creative-writing-prompts/dialogue/write-a-story-with-the-line-i-didn-t-mean-that-or-/,,,1,0.6363636363636364
H2,all-MiniLM-L6-v2,294::https://blog.reedsy.com/creative-writing-prompts/dialogue/write-a-story-with-the-line-i-didn-t-mean-that-or-/,,,2,0.6363636363636364
H2,all-MiniLM-L6-v2,294::https://blog.reedsy.com/creative-writing-prompts/dialogue/write-a-story-with-the-line-i-didn-t-mean-that-or-/,,,3,0.6363636363636364
H2,all-MiniLM-L6-v2,294::https://blog.reedsy.com/creative-writing-prompts/dialogue/write-a-story-with-the-line-i-didn-t-mean-that-or-/,,,4,0.6363636363636364
H2,all-MiniLM-L6-v2,294::https://blog.reedsy.com/creative-writing-prompts/dialogue/write-a-story-with-the-line-i-didn-t-mean-that-or-/,,,5,0.6363636363636364
H2,all-MiniLM-L6-v2,294::https://blog.reedsy.com/creative-writing-prompts/dialogue/write-a-story-with-the-line-i-didn-t-mean-that-or-/,,,6,0.6363636363636364
H2,all-MiniLM-L6-v2,294::https://blog.reedsy.com/creative-writing-prompts/dialogue/write-a-story-with-the-line-i-didn-t-mean-that-or-/,,,7,0.6363636363636364
H2,all-MiniLM-L6-v2,309::https://blog.reedsy.com/creative-writing-prompts/drama/write-a-story-that-includes-the-line-do-i-know-you/,,,1,0.4666666666666667
H2,all-MiniLM-L6-v2,309::https://blog.reedsy.com/creative-writing-prompts/drama/write-a-story-that-includes-the-line-do-i-know-you/,,,2,0.4666666666666667
H2,all-MiniLM-L6-v2,309::https://blog.reedsy.com/creative-writing-prompts/drama/write-a-story-that-includes-the-line-do-i-know-you/,,,3,0.4666666666666667
H2,all-MiniLM-L6-v2,309::https://blog.reedsy.com/creative-writing-prompts/drama/write-a-story-that-includes-the-line-do-i-know-you/,,,4,0.4666666666666667
H2,all-MiniLM-L6-v2,309::https://blog.reedsy.com/creative-writing-prompts/drama/write-a-story-that-includes-the-line-do-i-know-you/,,,5,0.4666666666666667
H2,all-MiniLM-L6-v2,309::https://blog.reedsy.com/creative-writing-prompts/drama/write-a-story-that-includes-the-line-do-i-know-you/,,,6,0.4666666666666667
H2,all-MiniLM-L6-v2,309::https://blog.reedsy.com/creative-writing-prompts/drama/write-a-story-that-includes-the-line-do-i-know-you/,,,7,0.4666666666666667
H2,all-MiniLM-L6-v2,309::https://blog.reedsy.com/creative-writing-prompts/short-story/start-or-end-your-story-with-a-character-making-fo/,,,1,0.5714285714285714
H2,all-MiniLM-L6-v2,309::https://blog.reedsy.com/creative-writing-prompts/short-story/start-or-end-your-story-with-a-character-making-fo/,,,2,0.5714285714285714
H2,all-MiniLM-L6-v2,309::https://blog.reedsy.com/creative-writing-prompts/short-story/start-or-end-your-story-with-a-character-making-fo/,,,3,0.5714285714285714
H2,all-MiniLM-L6-v2,309::https://blog.reedsy.com/creative-writing-prompts/short-story/start-or-end-your-story-with-a-character-making-fo/,,,4,0.5714285714285714
H2,all-MiniLM-L6-v2,309::https://blog.reedsy.com/creative-writing-prompts/short-story/start-or-end-your-story-with-a-character-making-fo/,,,5,0.5714285714285714
H2,all-MiniLM-L6-v2,309::https://blog.reedsy.com/creative-writing-prompts/short-story/start-or-end-your-story-with-a-character-making-fo/,,,6,0.5714285714285714
H2,all-MiniLM-L6-v2,309::https://blog.reedsy.com/creative-writing-prompts/short-story/start-or-end-your-story-with-a-character-making-fo/,,,7,0.5714285714285714
H2,all-MiniLM-L6-v2,309::https://blog.reedsy.com/creative-writing-prompts/character/center-your-story-around-a-character-who-yearns-fo/,,,1,0.1864406779661017
H2,all-MiniLM-L6-v2,309::https://blog.reedsy.com/creative-writing-prompts/character/center-your-story-around-a-character-who-yearns-fo/,,,2,0.1864406779661017
H2,all-MiniLM-L6-v2,309::https://blog.reedsy.com/creative-writing-prompts/character/center-your-story-around-a-character-who-yearns-fo/,,,3,0.1864406779661017
H2,all-MiniLM-L6-v2,309::https://blog.reedsy.com/creative-writing-prompts/character/center-your-story-around-a-character-who-yearns-fo/,,,4,0.1864406779661017
H2,all-MiniLM-L6-v2,309::https://blog.reedsy.com/creative-writing-prompts/character/center-your-story-around-a-character-who-yearns-fo/,,,5,0.1864406779661017
H2,all-MiniLM-L6-v2,309::https://blog.reedsy.com/creative-writing-prompts/character/center-your-story-around-a-character-who-yearns-fo/,,,6,0.1864406779661017
H2,all-MiniLM-L6-v2,309::https://blog.reedsy.com/creative-writing-prompts/character/center-your-story-around-a-character-who-yearns-fo/,,,7,0.1864406779661017
H2,all-MiniLM-L6-v2,309::https://blog.reedsy.com/creative-writing-prompts/short-story/write-a-story-with-a-person-s-name-in-the-title/,,,1,0.3783783783783784
H2,all-MiniLM-L6-v2,309::https://blog.reedsy.com/creative-writing-prompts/short-story/write-a-story-with-a-person-s-name-in-the-title/,,,2,0.3783783783783784
H2,all-MiniLM-L6-v2,309::https://blog.reedsy.com/creative-writing-prompts/short-story/write-a-story-with-a-person-s-name-in-the-title/,,,3,0.3783783783783784
H2,all-MiniLM-L6-v2,309::https://blog.reedsy.com/creative-writing-prompts/short-story/write-a-story-with-a-person-s-name-in-the-title/,,,4,0.3783783783783784
H2,all-MiniLM-L6-v2,309::https://blog.reedsy.com/creative-writing-prompts/short-story/write-a-story-with-a-person-s-name-in-the-title/,,,5,0.3783783783783784
H2,all-MiniLM-L6-v2,309::https://blog.reedsy.com/creative-writing-prompts/short-story/write-a-story-with-a-person-s-name-in-the-title/,,,6,0.3783783783783784
H2,all-MiniLM-L6-v2,309::https://blog.reedsy.com/creative-writing-prompts/short-story/write-a-story-with-a-person-s-name-in-the-title/,,,7,0.3783783783783784
H2,all-MiniLM-L6-v2,309::https://blog.reedsy.com/creative-writing-prompts/drama/center-your-story-around-two-characters-who-like-e/,,,1,1.0
H2,all-MiniLM-L6-v2,309::https://blog.reedsy.com/creative-writing-prompts/drama/center-your-story-around-two-characters-who-like-e/,,,2,1.0
H2,all-MiniLM-L6-v2,309::https://blog.reedsy.com/creative-writing-prompts/drama/center-your-story-around-two-characters-who-like-e/,,,3,1.0
H2,all-MiniLM-L6-v2,309::https://blog.reedsy.com/creative-writing-prompts/drama/center-your-story-around-two-characters-who-like-e/,,,4,1.0
H2,all-MiniLM-L6-v2,309::https://blog.reedsy.com/creative-writing-prompts/drama/center-your-story-around-two-characters-who-like-e/,,,5,1.0
H2,all-MiniLM-L6-v2,309::https://blog.reedsy.com/creative-writing-prompts/drama/center-your-story-around-two-characters-who-like-e/,,,6,1.0
H2,all-MiniLM-L6-v2,309::https://blog.reedsy.com/creative-writing-prompts/drama/center-your-story-around-two-characters-who-like-e/,,,7,1.0
H2,all-MiniLM-L6-v2,316::https://blog.reedsy.com/creative-writing-prompts/drama/write-a-story-where-a-character-s-true-identity-or/,,,1,0.8260869565217391
H2,all-MiniLM-L6-v2,316::https://blog.reedsy.com/creative-writing-prompts/drama/write-a-story-where-a-character-s-true-identity-or/,,,2,0.8260869565217391
H2,all-MiniLM-L6-v2,316::https://blog.reedsy.com/creative-writing-prompts/drama/write-a-story-where-a-character-s-true-identity-or/,,,3,0.8260869565217391
H2,all-MiniLM-L6-v2,316::https://blog.reedsy.com/creative-writing-prompts/drama/write-a-story-where-a-character-s-true-identity-or/,,,4,0.8260869565217391
H2,all-MiniLM-L6-v2,316::https://blog.reedsy.com/creative-writing-prompts/drama/write-a-story-where-a-character-s-true-identity-or/,,,5,0.8260869565217391
H2,all-MiniLM-L6-v2,316::https://blog.reedsy.com/creative-writing-prompts/drama/write-a-story-where-a-character-s-true-identity-or/,,,6,0.8260869565217391
H2,all-MiniLM-L6-v2,316::https://blog.reedsy.com/creative-writing-prompts/drama/write-a-story-where-a-character-s-true-identity-or/,,,7,0.8260869565217391
H2,all-MiniLM-L6-v2,316::https://blog.reedsy.com/creative-writing-prompts/short-story/include-the-word-hero-mask-or-truth-in-your-story-/,,,1,0.3191489361702128
H2,all-MiniLM-L6-v2,316::https://blog.reedsy.com/creative-writing-prompts/short-story/include-the-word-hero-mask-or-truth-in-your-story-/,,,2,0.3191489361702128
H2,all-MiniLM-L6-v2,316::https://blog.reedsy.com/creative-writing-prompts/short-story/include-the-word-hero-mask-or-truth-in-your-story-/,,,3,0.3191489361702128
H2,all-MiniLM-L6-v2,316::https://blog.reedsy.com/creative-writing-prompts/short-story/include-the-word-hero-mask-or-truth-in-your-story-/,,,4,0.3191489361702128
H2,all-MiniLM-L6-v2,316::https://blog.reedsy.com/creative-writing-prompts/short-story/include-the-word-hero-mask-or-truth-in-your-story-/,,,5,0.3191489361702128
H2,all-MiniLM-L6-v2,316::https://blog.reedsy.com/creative-writing-prompts/short-story/include-the-word-hero-mask-or-truth-in-your-story-/,,,6,0.3191489361702128
H2,all-MiniLM-L6-v2,316::https://blog.reedsy.com/creative-writing-prompts/short-story/include-the-word-hero-mask-or-truth-in-your-story-/,,,7,0.3191489361702128
H2,all-MiniLM-L6-v2,316::https://blog.reedsy.com/creative-writing-prompts/drama/write-a-story-from-the-pov-of-someone-who-s-hiding/,,,1,0.5217391304347826
H2,all-MiniLM-L6-v2,316::https://blog.reedsy.com/creative-writing-prompts/drama/write-a-story-from-the-pov-of-someone-who-s-hiding/,,,2,0.5217391304347826
H2,all-MiniLM-L6-v2,316::https://blog.reedsy.com/creative-writing-prompts/drama/write-a-story-from-the-pov-of-someone-who-s-hiding/,,,3,0.5217391304347826
H2,all-MiniLM-L6-v2,316::https://blog.reedsy.com/creative-writing-prompts/drama/write-a-story-from-the-pov-of-someone-who-s-hiding/,,,4,0.5217391304347826
H2,all-MiniLM-L6-v2,316::https://blog.reedsy.com/creative-writing-prompts/drama/write-a-story-from-the-pov-of-someone-who-s-hiding/,,,5,0.5217391304347826
H2,all-MiniLM-L6-v2,316::https://blog.reedsy.com/creative-writing-prompts/drama/write-a-story-from-the-pov-of-someone-who-s-hiding/,,,6,0.5217391304347826
H2,all-MiniLM-L6-v2,316::https://blog.reedsy.com/creative-writing-prompts/drama/write-a-story-from-the-pov-of-someone-who-s-hiding/,,,7,0.5217391304347826
H2,all-MiniLM-L6-v2,316::https://blog.reedsy.com/creative-writing-prompts/drama/center-your-story-around-someone-s-public-image-an/,,,1,1.0
H2,all-MiniLM-L6-v2,316::https://blog.reedsy.com/creative-writing-prompts/drama/center-your-story-around-someone-s-public-image-an/,,,2,1.0
H2,all-MiniLM-L6-v2,316::https://blog.reedsy.com/creative-writing-prompts/drama/center-your-story-around-someone-s-public-image-an/,,,3,1.0
H2,all-MiniLM-L6-v2,316::https://blog.reedsy.com/creative-writing-prompts/drama/center-your-story-around-someone-s-public-image-an/,,,4,1.0
H2,all-MiniLM-L6-v2,316::https://blog.reedsy.com/creative-writing-prompts/drama/center-your-story-around-someone-s-public-image-an/,,,5,1.0
H2,all-MiniLM-L6-v2,316::https://blog.reedsy.com/creative-writing-prompts/drama/center-your-story-around-someone-s-public-image-an/,,,6,1.0
H2,all-MiniLM-L6-v2,316::https://blog.reedsy.com/creative-writing-prompts/drama/center-your-story-around-someone-s-public-image-an/,,,7,1.0
H2,all-MiniLM-L6-v2,316::https://blog.reedsy.com/creative-writing-prompts/short-story/write-a-story-that-includes-the-line-can-you-keep-/,,,1,1.0
H2,all-MiniLM-L6-v2,316::https://blog.reedsy.com/creative-writing-prompts/short-story/write-a-story-that-includes-the-line-can-you-keep-/,,,2,1.0
H2,all-MiniLM-L6-v2,316::https://blog.reedsy.com/creative-writing-prompts/short-story/write-a-story-that-includes-the-line-can-you-keep-/,,,3,1.0
H2,all-MiniLM-L6-v2,316::https://blog.reedsy.com/creative-writing-prompts/short-story/write-a-story-that-includes-the-line-can-you-keep-/,,,4,1.0
H2,all-MiniLM-L6-v2,316::https://blog.reedsy.com/creative-writing-prompts/short-story/write-a-story-that-includes-the-line-can-you-keep-/,,,5,1.0
H2,all-MiniLM-L6-v2,316::https://blog.reedsy.com/creative-writing-prompts/short-story/write-a-story-that-includes-the-line-can-you-keep-/,,,6,1.0
H2,all-MiniLM-L6-v2,316::https://blog.reedsy.com/creative-writing-prompts/short-story/write-a-story-that-includes-the-line-can-you-keep-/,,,7,1.0
H2,text-embedding-3-small,291::https://blog.reedsy.com/creative-writing-prompts/short-story/write-a-story-inspired-by-the-ultimate-cliched-twi/,,,1,0.4482758620689655
H2,text-embedding-3-small,291::https://blog.reedsy.com/creative-writing-prompts/short-story/write-a-story-inspired-by-the-ultimate-cliched-twi/,,,2,0.4482758620689655
H2,text-embedding-3-small,291::https://blog.reedsy.com/creative-writing-prompts/short-story/write-a-story-inspired-by-the-ultimate-cliched-twi/,,,3,0.4482758620689655
H2,text-embedding-3-small,291::https://blog.reedsy.com/creative-writing-prompts/short-story/write-a-story-inspired-by-the-ultimate-cliched-twi/,,,4,0.4482758620689655
H2,text-embedding-3-small,291::https://blog.reedsy.com/creative-writing-prompts/short-story/write-a-story-inspired-by-the-ultimate-cliched-twi/,,,5,0.4482758620689655
H2,text-embedding-3-small,291::https://blog.reedsy.com/creative-writing-prompts/short-story/write-a-story-inspired-by-the-ultimate-cliched-twi/,,,6,0.4482758620689655
H2,text-embedding-3-small,291::https://blog.reedsy.com/creative-writing-prompts/short-story/write-a-story-inspired-by-the-ultimate-cliched-twi/,,,7,0.4482758620689655
H2,text-embedding-3-small,291::https://blog.reedsy.com/creative-writing-prompts/angst/center-your-story-around-a-character-s-addiction-o/,,,1,0.7
H2,text-embedding-3-small,291::https://blog.reedsy.com/creative-writing-prompts/angst/center-your-story-around-a-character-s-addiction-o/,,,2,0.7
H2,text-embedding-3-small,291::https://blog.reedsy.com/creative-writing-prompts/angst/center-your-story-around-a-character-s-addiction-o/,,,3,0.7
H2,text-embedding-3-small,291::https://blog.reedsy.com/creative-writing-prompts/angst/center-your-story-around-a-character-s-addiction-o/,,,4,0.7
H2,text-embedding-3-small,291::https://blog.reedsy.com/creative-writing-prompts/angst/center-your-story-around-a-character-s-addiction-o/,,,5,0.7
H2,text-embedding-3-small,291::https://blog.reedsy.com/creative-writing-prompts/angst/center-your-story-around-a-character-s-addiction-o/,,,6,0.7
H2,text-embedding-3-small,291::https://blog.reedsy.com/creative-writing-prompts/angst/center-your-story-around-a-character-s-addiction-o/,,,7,0.7
H2,text-embedding-3-small,291::https://blog.reedsy.com/creative-writing-prompts/drama/write-a-story-that-keeps-a-key-detail-hidden-from-/,,,1,1.0
H2,text-embedding-3-small,291::https://blog.reedsy.com/creative-writing-prompts/drama/write-a-story-that-keeps-a-key-detail-hidden-from-/,,,2,1.0
H2,text-embedding-3-small,291::https://blog.reedsy.com/creative-writing-prompts/drama/write-a-story-that-keeps-a-key-detail-hidden-from-/,,,3,1.0
H2,text-embedding-3-small,291::https://blog.reedsy.com/creative-writing-prompts/drama/write-a-story-that-keeps-a-key-detail-hidden-from-/,,,4,1.0
H2,text-embedding-3-small,291::https://blog.reedsy.com/creative-writing-prompts/drama/write-a-story-that-keeps-a-key-detail-hidden-from-/,,,5,1.0
H2,text-embedding-3-small,291::https://blog.reedsy.com/creative-writing-prompts/drama/write-a-story-that-keeps-a-key-detail-hidden-from-/,,,6,1.0
H2,text-embedding-3-small,291::https://blog.reedsy.com/creative-writing-prompts/drama/write-a-story-that-keeps-a-key-detail-hidden-from-/,,,7,1.0
H2,text-embedding-3-small,291::https://blog.reedsy.com/creative-writing-prompts/drama/center-your-story-around-a-character-who-successfu/,,,1,0.3793103448275862
H2,text-embedding-3-small,291::https://blog.reedsy.com/creative-writing-prompts/drama/center-your-story-around-a-character-who-successfu/,,,2,0.3793103448275862
H2,text-embedding-3-small,291::https://blog.reedsy.com/creative-writing-prompts/drama/center-your-story-around-a-character-who-successfu/,,,3,0.3793103448275862
H2,text-embedding-3-small,291::https://blog.reedsy.com/creative-writing-prompts/drama/center-your-story-around-a-character-who-successfu/,,,4,0.3793103448275862
H2,text-embedding-3-small,291::https://blog.reedsy.com/creative-writing-prompts/drama/center-your-story-around-a-character-who-successfu/,,,5,0.3793103448275862
H2,text-embedding-3-small,291::https://blog.reedsy.com/creative-writing-prompts/drama/center-your-story-around-a-character-who-successfu/,,,6,0.3793103448275862
H2,text-embedding-3-small,291::https://blog.reedsy.com/creative-writing-prompts/drama/center-your-story-around-a-character-who-successfu/,,,7,0.3793103448275862
H2,text-embedding-3-small,291::https://blog.reedsy.com/creative-writing-prompts/short-story/write-a-story-with-a-huge-surprise-either-in-the-m/,,,1,0.2926829268292683
H2,text-embedding-3-small,291::https://blog.reedsy.com/creative-writing-prompts/short-story/write-a-story-with-a-huge-surprise-either-in-the-m/,,,2,0.2926829268292683
H2,text-embedding-3-small,291::https://blog.reedsy.com/creative-writing-prompts/short-story/write-a-story-with-a-huge-surprise-either-in-the-m/,,,3,0.2926829268292683
H2,text-embedding-3-small,291::https://blog.reedsy.com/creative-writing-prompts/short-story/write-a-story-with-a-huge-surprise-either-in-the-m/,,,4,0.2926829268292683
H2,text-embedding-3-small,291::https://blog.reedsy.com/creative-writing-prompts/short-story/write-a-story-with-a-huge-surprise-either-in-the-m/,,,5,0.2926829268292683
H2,text-embedding-3-small,291::https://blog.reedsy.com/creative-writing-prompts/short-story/write-a-story-with-a-huge-surprise-either-in-the-m/,,,6,0.2926829268292683
H2,text-embedding-3-small,291::https://blog.reedsy.com/creative-writing-prompts/short-story/write-a-story-with-a-huge-surprise-either-in-the-m/,,,7,0.2926829268292683
H2,text-embedding-3-small,294::https://blog.reedsy.com/creative-writing-prompts/short-story/write-a-story-in-which-the-first-and-last-sentence/,,,1,0.5142857142857142
H2,text-embedding-3-small,294::https://blog.reedsy.com/creative-writing-prompts/short-story/write-a-story-in-which-the-first-and-last-sentence/,,,2,0.5142857142857142
H2,text-embedding-3-small,294::https://blog.reedsy.com/creative-writing-prompts/short-story/write-a-story-in-which-the-first-and-last-sentence/,,,3,0.5142857142857142
H2,text-embedding-3-small,294::https://blog.reedsy.com/creative-writing-prompts/short-story/write-a-story-in-which-the-first-and-last-sentence/,,,4,0.5142857142857142
H2,text-embedding-3-small,294::https://blog.reedsy.com/creative-writing-prompts/short-story/write-a-story-in-which-the-first-and-last-sentence/,,,5,0.5142857142857142
H2,text-embedding-3-small,294::https://blog.reedsy.com/creative-writing-prompts/short-story/write-a-story-in-which-the-first-and-last-sentence/,,,6,0.5142857142857142
H2,text-embedding-3-small,294::https://blog.reedsy.com/creative-writing-prompts/short-story/write-a-story-in-which-the-first-and-last-sentence/,,,7,0.5142857142857142
H2,text-embedding-3-small,294::https://blog.reedsy.com/creative-writing-prompts/short-story/create-a-title-with-reedsy-s-title-generator-then-/,,,1,0.3548387096774194
H2,text-embedding-3-small,294::https://blog.reedsy.com/creative-writing-prompts/short-story/create-a-title-with-reedsy-s-title-generator-then-/,,,2,0.3548387096774194
H2,text-embedding-3-small,294::https://blog.reedsy.com/creative-writing-prompts/short-story/create-a-title-with-reedsy-s-title-generator-then-/,,,3,0.3548387096774194
H2,text-embedding-3-small,294::https://blog.reedsy.com/creative-writing-prompts/short-story/create-a-title-with-reedsy-s-title-generator-then-/,,,4,0.3548387096774194
H2,text-embedding-3-small,294::https://blog.reedsy.com/creative-writing-prompts/short-story/create-a-title-with-reedsy-s-title-generator-then-/,,,5,0.3548387096774194
H2,text-embedding-3-small,294::https://blog.reedsy.com/creative-writing-prompts/short-story/create-a-title-with-reedsy-s-title-generator-then-/,,,6,0.3548387096774194
H2,text-embedding-3-small,294::https://blog.reedsy.com/creative-writing-prompts/short-story/create-a-title-with-reedsy-s-title-generator-then-/,,,7,0.3548387096774194
H2,text-embedding-3-small,294::https://blog.reedsy.com/creative-writing-prompts/short-story/write-a-story-in-the-form-of-a-letter-or-several-l/,,,1,0.4230769230769231
H2,text-embedding-3-small,294::https://blog.reedsy.com/creative-writing-prompts/short-story/write-a-story-in-the-form-of-a-letter-or-several-l/,,,2,0.4230769230769231
H2,text-embedding-3-small,294::https://blog.reedsy.com/creative-writing-prompts/short-story/write-a-story-in-the-form-of-a-letter-or-several-l/,,,3,0.4230769230769231
H2,text-embedding-3-small,294::https://blog.reedsy.com/creative-writing-prompts/short-story/write-a-story-in-the-form-of-a-letter-or-several-l/,,,4,0.4230769230769231
H2,text-embedding-3-small,294::https://blog.reedsy.com/creative-writing-prompts/short-story/write-a-story-in-the-form-of-a-letter-or-several-l/,,,5,0.4230769230769231
H2,text-embedding-3-small,294::https://blog.reedsy.com/creative-writing-prompts/short-story/write-a-story-in-the-form-of-a-letter-or-several-l/,,,6,0.4230769230769231
H2,text-embedding-3-small,294::https://blog.reedsy.com/creative-writing-prompts/short-story/write-a-story-in-the-form-of-a-letter-or-several-l/,,,7,0.4230769230769231
H2,text-embedding-3-small,294::https://blog.reedsy.com/creative-writing-prompts/drama/center-your-story-around-someone-who-s-at-a-loss-f/,,,1,0.4772727272727273
H2,text-embedding-3-small,294::https://blog.reedsy.com/creative-writing-prompts/drama/center-your-story-around-someone-who-s-at-a-loss-f/,,,2,0.4772727272727273
H2,text-embedding-3-small,294::https://blog.reedsy.com/creative-writing-prompts/drama/center-your-story-around-someone-who-s-at-a-loss-f/,,,3,0.4772727272727273
H2,text-embedding-3-small,294::https://blog.reedsy.com/creative-writing-prompts/drama/center-your-story-around-someone-who-s-at-a-loss-f/,,,4,0.4772727272727273
H2,text-embedding-3-small,294::https://blog.reedsy.com/creative-writing-prompts/drama/center-your-story-around-someone-who-s-at-a-loss-f/,,,5,0.4772727272727273
H2,text-embedding-3-small,294::https://blog.reedsy.com/creative-writing-prompts/drama/center-your-story-around-someone-who-s-at-a-loss-f/,,,6,0.4772727272727273
H2,text-embedding-3-small,294::https://blog.reedsy.com/creative-writing-prompts/drama/center-your-story-around-someone-who-s-at-a-loss-f/,,,7,0.4772727272727273
H2,text-embedding-3-small,294::https://blog.reedsy.com/creative-writing-prompts/dialogue/write-a-story-with-the-line-i-didn-t-mean-that-or-/,,,1,0.8484848484848485
H2,text-embedding-3-small,294::https://blog.reedsy.com/creative-writing-prompts/dialogue/write-a-story-with-the-line-i-didn-t-mean-that-or-/,,,2,0.8484848484848485
H2,text-embedding-3-small,294::https://blog.reedsy.com/creative-writing-prompts/dialogue/write-a-story-with-the-line-i-didn-t-mean-that-or-/,,,3,0.8484848484848485
H2,text-embedding-3-small,294::https://blog.reedsy.com/creative-writing-prompts/dialogue/write-a-story-with-the-line-i-didn-t-mean-that-or-/,,,4,0.8484848484848485
H2,text-embedding-3-small,294::https://blog.reedsy.com/creative-writing-prompts/dialogue/write-a-story-with-the-line-i-didn-t-mean-that-or-/,,,5,0.8484848484848485
H2,text-embedding-3-small,294::https://blog.reedsy.com/creative-writing-prompts/dialogue/write-a-story-with-the-line-i-didn-t-mean-that-or-/,,,6,0.8484848484848485
H2,text-embedding-3-small,294::https://blog.reedsy.com/creative-writing-prompts/dialogue/write-a-story-with-the-line-i-didn-t-mean-that-or-/,,,7,0.8484848484848485
H2,text-embedding-3-small,309::https://blog.reedsy.com/creative-writing-prompts/drama/write-a-story-that-includes-the-line-do-i-know-you/,,,1,0.43333333333333335
H2,text-embedding-3-small,309::https://blog.reedsy.com/creative-writing-prompts/drama/write-a-story-that-includes-the-line-do-i-know-you/,,,2,0.43333333333333335
H2,text-embedding-3-small,309::https://blog.reedsy.com/creative-writing-prompts/drama/write-a-story-that-includes-the-line-do-i-know-you/,,,3,0.43333333333333335
H2,text-embedding-3-small,309::https://blog.reedsy.com/creative-writing-prompts/drama/write-a-story-that-includes-the-line-do-i-know-you/,,,4,0.43333333333333335
H2,text-embedding-3-small,309::https://blog.reedsy.com/creative-writing-prompts/drama/write-a-story-that-includes-the-line-do-i-know-you/,,,5,0.43333333333333335
H2,text-embedding-3-small,309::https://blog.reedsy.com/creative-writing-prompts/drama/write-a-story-that-includes-the-line-do-i-know-you/,,,6,0.43333333333333335
H2,text-embedding-3-small,309::https://blog.reedsy.com/creative-writing-prompts/drama/write-a-story-that-includes-the-line-do-i-know-you/,,,7,0.43333333333333335
H2,text-embedding-3-small,309::https://blog.reedsy.com/creative-writing-prompts/short-story/start-or-end-your-story-with-a-character-making-fo/,,,1,0.6190476190476191
H2,text-embedding-3-small,309::https://blog.reedsy.com/creative-writing-prompts/short-story/start-or-end-your-story-with-a-character-making-fo/,,,2,0.6190476190476191
H2,text-embedding-3-small,309::https://blog.reedsy.com/creative-writing-prompts/short-story/start-or-end-your-story-with-a-character-making-fo/,,,3,0.6190476190476191
H2,text-embedding-3-small,309::https://blog.reedsy.com/creative-writing-prompts/short-story/start-or-end-your-story-with-a-character-making-fo/,,,4,0.6190476190476191
H2,text-embedding-3-small,309::https://blog.reedsy.com/creative-writing-prompts/short-story/start-or-end-your-story-with-a-character-making-fo/,,,5,0.6190476190476191
H2,text-embedding-3-small,309::https://blog.reedsy.com/creative-writing-prompts/short-story/start-or-end-your-story-with-a-character-making-fo/,,,6,0.6190476190476191
H2,text-embedding-3-small,309::https://blog.reedsy.com/creative-writing-prompts/short-story/start-or-end-your-story-with-a-character-making-fo/,,,7,0.6190476190476191
H2,text-embedding-3-small,309::https://blog.reedsy.com/creative-writing-prompts/character/center-your-story-around-a-character-who-yearns-fo/,,,1,0.4745762711864407
H2,text-embedding-3-small,309::https://blog.reedsy.com/creative-writing-prompts/character/center-your-story-around-a-character-who-yearns-fo/,,,2,0.4745762711864407
H2,text-embedding-3-small,309::https://blog.reedsy.com/creative-writing-prompts/character/center-your-story-around-a-character-who-yearns-fo/,,,3,0.4745762711864407
H2,text-embedding-3-small,309::https://blog.reedsy.com/creative-writing-prompts/character/center-your-story-around-a-character-who-yearns-fo/,,,4,0.4745762711864407
H2,text-embedding-3-small,309::https://blog.reedsy.com/creative-writing-prompts/character/center-your-story-around-a-character-who-yearns-fo/,,,5,0.4745762711864407
H2,text-embedding-3-small,309::https://blog.reedsy.com/creative-writing-prompts/character/center-your-story-around-a-character-who-yearns-fo/,,,6,0.4745762711864407
H2,text-embedding-3-small,309::https://blog.reedsy.com/creative-writing-prompts/character/center-your-story-around-a-character-who-yearns-fo/,,,7,0.4745762711864407
H2,text-embedding-3-small,309::https://blog.reedsy.com/creative-writing-prompts/short-story/write-a-story-with-a-person-s-name-in-the-title/,,,1,0.32432432432432434
H2,text-embedding-3-small,309::https://blog.reedsy.com/creative-writing-prompts/short-story/write-a-story-with-a-person-s-name-in-the-title/,,,2,0.32432432432432434
H2,text-embedding-3-small,309::https://blog.reedsy.com/creative-writing-prompts/short-story/write-a-story-with-a-person-s-name-in-the-title/,,,3,0.32432432432432434
H2,text-embedding-3-small,309::https://blog.reedsy.com/creative-writing-prompts/short-story/write-a-story-with-a-person-s-name-in-the-title/,,,4,0.32432432432432434
H2,text-embedding-3-small,309::https://blog.reedsy.com/creative-writing-prompts/short-story/write-a-story-with-a-person-s-name-in-the-title/,,,5,0.32432432432432434
H2,text-embedding-3-small,309::https://blog.reedsy.com/creative-writing-prompts/short-story/write-a-story-with-a-person-s-name-in-the-title/,,,6,0.32432432432432434
H2,text-embedding-3-small,309::https://blog.reedsy.com/creative-writing-prompts/short-story/write-a-story-with-a-person-s-name-in-the-title/,,,7,0.32432432432432434
H2,text-embedding-3-small,309::https://blog.reedsy.com/creative-writing-prompts/drama/center-your-story-around-two-characters-who-like-e/,,,1,0.7142857142857143
H2,text-embedding-3-small,309::https://blog.reedsy.com/creative-writing-prompts/drama/center-your-story-around-two-characters-who-like-e/,,,2,0.7142857142857143
H2,text-embedding-3-small,309::https://blog.reedsy.com/creative-writing-prompts/drama/center-your-story-around-two-characters-who-like-e/,,,3,0.7142857142857143
H2,text-embedding-3-small,309::https://blog.reedsy.com/creative-writing-prompts/drama/center-your-story-around-two-characters-who-like-e/,,,4,0.7142857142857143
H2,text-embedding-3-small,309::https://blog.reedsy.com/creative-writing-prompts/drama/center-your-story-around-two-characters-who-like-e/,,,5,0.7142857142857143
H2,text-embedding-3-small,309::https://blog.reedsy.com/creative-writing-prompts/drama/center-your-story-around-two-characters-who-like-e/,,,6,0.7142857142857143
H2,text-embedding-3-small,309::https://blog.reedsy.com/creative-writing-prompts/drama/center-your-story-around-two-characters-who-like-e/,,,7,0.7142857142857143
H2,text-embedding-3-small,316::https://blog.reedsy.com/creative-writing-prompts/drama/write-a-story-where-a-character-s-true-identity-or/,,,1,0.4782608695652174
H2,text-embedding-3-small,316::https://blog.reedsy.com/creative-writing-prompts/drama/write-a-story-where-a-character-s-true-identity-or/,,,2,0.4782608695652174
H2,text-embedding-3-small,316::https://blog.reedsy.com/creative-writing-prompts/drama/write-a-story-where-a-character-s-true-identity-or/,,,3,0.4782608695652174
H2,text-embedding-3-small,316::https://blog.reedsy.com/creative-writing-prompts/drama/write-a-story-where-a-character-s-true-identity-or/,,,4,0.4782608695652174
H2,text-embedding-3-small,316::https://blog.reedsy.com/creative-writing-prompts/drama/write-a-story-where-a-character-s-true-identity-or/,,,5,0.4782608695652174
H2,text-embedding-3-small,316::https://blog.reedsy.com/creative-writing-prompts/drama/write-a-story-where-a-character-s-true-identity-or/,,,6,0.4782608695652174
H2,text-embedding-3-small,316::https://blog.reedsy.com/creative-writing-prompts/drama/write-a-story-where-a-character-s-true-identity-or/,,,7,0.4782608695652174
H2,text-embedding-3-small,316::https://blog.reedsy.com/creative-writing-prompts/short-story/include-the-word-hero-mask-or-truth-in-your-story-/,,,1,0.3191489361702128
H2,text-embedding-3-small,316::https://blog.reedsy.com/creative-writing-prompts/short-story/include-the-word-hero-mask-or-truth-in-your-story-/,,,2,0.3191489361702128
H2,text-embedding-3-small,316::https://blog.reedsy.com/creative-writing-prompts/short-story/include-the-word-hero-mask-or-truth-in-your-story-/,,,3,0.3191489361702128
H2,text-embedding-3-small,316::https://blog.reedsy.com/creative-writing-prompts/short-story/include-the-word-hero-mask-or-truth-in-your-story-/,,,4,0.3191489361702128
H2,text-embedding-3-small,316::https://blog.reedsy.com/creative-writing-prompts/short-story/include-the-word-hero-mask-or-truth-in-your-story-/,,,5,0.3191489361702128
H2,text-embedding-3-small,316::https://blog.reedsy.com/creative-writing-prompts/short-story/include-the-word-hero-mask-or-truth-in-your-story-/,,,6,0.3191489361702128
H2,text-embedding-3-small,316::https://blog.reedsy.com/creative-writing-prompts/short-story/include-the-word-hero-mask-or-truth-in-your-story-/,,,7,0.3191489361702128
H2,text-embedding-3-small,316::https://blog.reedsy.com/creative-writing-prompts/drama/write-a-story-from-the-pov-of-someone-who-s-hiding/,,,1,0.6086956521739131
H2,text-embedding-3-small,316::https://blog.reedsy.com/creative-writing-prompts/drama/write-a-story-from-the-pov-of-someone-who-s-hiding/,,,2,0.6086956521739131
H2,text-embedding-3-small,316::https://blog.reedsy.com/creative-writing-prompts/drama/write-a-story-from-the-pov-of-someone-who-s-hiding/,,,3,0.6086956521739131
H2,text-embedding-3-small,316::https://blog.reedsy.com/creative-writing-prompts/drama/write-a-story-from-the-pov-of-someone-who-s-hiding/,,,4,0.6086956521739131
H2,text-embedding-3-small,316::https://blog.reedsy.com/creative-writing-prompts/drama/write-a-story-from-the-pov-of-someone-who-s-hiding/,,,5,0.6086956521739131
H2,text-embedding-3-small,316::https://blog.reedsy.com/creative-writing-prompts/drama/write-a-story-from-the-pov-of-someone-who-s-hiding/,,,6,0.6086956521739131
H2,text-embedding-3-small,316::https://blog.reedsy.com/creative-writing-prompts/drama/write-a-story-from-the-pov-of-someone-who-s-hiding/,,,7,0.6086956521739131
H2,text-embedding-3-small,316::https://blog.reedsy.com/creative-writing-prompts/drama/center-your-story-around-someone-s-public-image-an/,,,1,0.8
H2,text-embedding-3-small,316::https://blog.reedsy.com/creative-writing-prompts/drama/center-your-story-around-someone-s-public-image-an/,,,2,0.8
H2,text-embedding-3-small,316::https://blog.reedsy.com/creative-writing-prompts/drama/center-your-story-around-someone-s-public-image-an/,,,3,0.8
H2,text-embedding-3-small,316::https://blog.reedsy.com/creative-writing-prompts/drama/center-your-story-around-someone-s-public-image-an/,,,4,0.8
H2,text-embedding-3-small,316::https://blog.reedsy.com/creative-writing-prompts/drama/center-your-story-around-someone-s-public-image-an/,,,5,0.8
H2,text-embedding-3-small,316::https://blog.reedsy.com/creative-writing-prompts/drama/center-your-story-around-someone-s-public-image-an/,,,6,0.8
H2,text-embedding-3-small,316::https://blog.reedsy.com/creative-writing-prompts/drama/center-your-story-around-someone-s-public-image-an/,,,7,0.8
H2,text-embedding-3-small,316::https://blog.reedsy.com/creative-writing-prompts/short-story/write-a-story-that-includes-the-line-can-you-keep-/,,,1,1.0
H2,text-embedding-3-small,316::https://blog.reedsy.com/creative-writing-prompts/short-story/write-a-story-that-includes-the-line-can-you-keep-/,,,2,1.0
H2,text-embedding-3-small,316::https://blog.reedsy.com/creative-writing-prompts/short-story/write-a-story-that-includes-the-line-can-you-keep-/,,,3,1.0
H2,text-embedding-3-small,316::https://blog.reedsy.com/creative-writing-prompts/short-story/write-a-story-that-includes-the-line-can-you-keep-/,,,4,1.0
H2,text-embedding-3-small,316::https://blog.reedsy.com/creative-writing-prompts/short-story/write-a-story-that-includes-the-line-can-you-keep-/,,,5,1.0
H2,text-embedding-3-small,316::https://blog.reedsy.com/creative-writing-prompts/short-story/write-a-story-that-includes-the-line-can-you-keep-/,,,6,1.0
H2,text-embedding-3-small,316::https://blog.reedsy.com/creative-writing-prompts/short-story/write-a-story-that-includes-the-line-can-you-keep-/,,,7,1.0
H2,multi-qa-MiniLM-L6-cos-v1,291::https://blog.reedsy.com/creative-writing-prompts/short-story/write-a-story-inspired-by-the-ultimate-cliched-twi/,,,1,0.4482758620689655
H2,multi-qa-MiniLM-L6-cos-v1,291::https://blog.reedsy.com/creative-writing-prompts/short-story/write-a-story-inspired-by-the-ultimate-cliched-twi/,,,2,0.4482758620689655
H2,multi-qa-MiniLM-L6-cos-v1,291::https://blog.reedsy.com/creative-writing-prompts/short-story/write-a-story-inspired-by-the-ultimate-cliched-twi/,,,3,0.4482758620689655
H2,multi-qa-MiniLM-L6-cos-v1,291::https://blog.reedsy.com/creative-writing-prompts/short-story/write-a-story-inspired-by-the-ultimate-cliched-twi/,,,4,0.4482758620689655
H2,multi-qa-MiniLM-L6-cos-v1,291::https://blog.reedsy.com/creative-writing-prompts/short-story/write-a-story-inspired-by-the-ultimate-cliched-twi/,,,5,0.4482758620689655
H2,multi-qa-MiniLM-L6-cos-v1,291::https://blog.reedsy.com/creative-writing-prompts/short-story/write-a-story-inspired-by-the-ultimate-cliched-twi/,,,6,0.4482758620689655
H2,multi-qa-MiniLM-L6-cos-v1,291::https://blog.reedsy.com/creative-writing-prompts/short-story/write-a-story-inspired-by-the-ultimate-cliched-twi/,,,7,0.4482758620689655
H2,multi-qa-MiniLM-L6-cos-v1,291::https://blog.reedsy.com/creative-writing-prompts/angst/center-your-story-around-a-character-s-addiction-o/,,,1,0.7
H2,multi-qa-MiniLM-L6-cos-v1,291::https://blog.reedsy.com/creative-writing-prompts/angst/center-your-story-around-a-character-s-addiction-o/,,,2,0.7
H2,multi-qa-MiniLM-L6-cos-v1,291::https://blog.reedsy.com/creative-writing-prompts/angst/center-your-story-around-a-character-s-addiction-o/,,,3,0.7
H2,multi-qa-MiniLM-L6-cos-v1,291::https://blog.reedsy.com/creative-writing-prompts/angst/center-your-story-around-a-character-s-addiction-o/,,,4,0.7
H2,multi-qa-MiniLM-L6-cos-v1,291::https://blog.reedsy.com/creative-writing-prompts/angst/center-your-story-around-a-character-s-addiction-o/,,,5,0.7
H2,multi-qa-MiniLM-L6-cos-v1,291::https://blog.reedsy.com/creative-writing-prompts/angst/center-your-story-around-a-character-s-addiction-o/,,,6,0.7
H2,multi-qa-MiniLM-L6-cos-v1,291::https://blog.reedsy.com/creative-writing-prompts/angst/center-your-story-around-a-character-s-addiction-o/,,,7,0.7
H2,multi-qa-MiniLM-L6-cos-v1,291::https://blog.reedsy.com/creative-writing-prompts/drama/write-a-story-that-keeps-a-key-detail-hidden-from-/,,,1,0.3235294117647059
H2,multi-qa-MiniLM-L6-cos-v1,291::https://blog.reedsy.com/creative-writing-prompts/drama/write-a-story-that-keeps-a-key-detail-hidden-from-/,,,2,0.3235294117647059
H2,multi-qa-MiniLM-L6-cos-v1,291::https://blog.reedsy.com/creative-writing-prompts/drama/write-a-story-that-keeps-a-key-detail-hidden-from-/,,,3,0.3235294117647059
H2,multi-qa-MiniLM-L6-cos-v1,291::https://blog.reedsy.com/creative-writing-prompts/drama/write-a-story-that-keeps-a-key-detail-hidden-from-/,,,4,0.3235294117647059
H2,multi-qa-MiniLM-L6-cos-v1,291::https://blog.reedsy.com/creative-writing-prompts/drama/write-a-story-that-keeps-a-key-detail-hidden-from-/,,,5,0.3235294117647059
H2,multi-qa-MiniLM-L6-cos-v1,291::https://blog.reedsy.com/creative-writing-prompts/drama/write-a-story-that-keeps-a-key-detail-hidden-from-/,,,6,0.3235294117647059
H2,multi-qa-MiniLM-L6-cos-v1,291::https://blog.reedsy.com/creative-writing-prompts/drama/write-a-story-that-keeps-a-key-detail-hidden-from-/,,,7,0.3235294117647059
H2,multi-qa-MiniLM-L6-cos-v1,291::https://blog.reedsy.com/creative-writing-prompts/drama/center-your-story-around-a-character-who-successfu/,,,1,0.4827586206896552
H2,multi-qa-MiniLM-L6-cos-v1,291::https://blog.reedsy.com/creative-writing-prompts/drama/center-your-story-around-a-character-who-successfu/,,,2,0.4827586206896552
H2,multi-qa-MiniLM-L6-cos-v1,291::https://blog.reedsy.com/creative-writing-prompts/drama/center-your-story-around-a-character-who-successfu/,,,3,0.4827586206896552
H2,multi-qa-MiniLM-L6-cos-v1,291::https://blog.reedsy.com/creative-writing-prompts/drama/center-your-story-around-a-character-who-successfu/,,,4,0.4827586206896552
H2,multi-qa-MiniLM-L6-cos-v1,291::https://blog.reedsy.com/creative-writing-prompts/drama/center-your-story-around-a-character-who-successfu/,,,5,0.4827586206896552
H2,multi-qa-MiniLM-L6-cos-v1,291::https://blog.reedsy.com/creative-writing-prompts/drama/center-your-story-around-a-character-who-successfu/,,,6,0.4827586206896552
H2,multi-qa-MiniLM-L6-cos-v1,291::https://blog.reedsy.com/creative-writing-prompts/drama/center-your-story-around-a-character-who-successfu/,,,7,0.4827586206896552
H2,multi-qa-MiniLM-L6-cos-v1,291::https://blog.reedsy.com/creative-writing-prompts/short-story/write-a-story-with-a-huge-surprise-either-in-the-m/,,,1,0.2926829268292683
H2,multi-qa-MiniLM-L6-cos-v1,291::https://blog.reedsy.com/creative-writing-prompts/short-story/write-a-story-with-a-huge-surprise-either-in-the-m/,,,2,0.2926829268292683
H2,multi-qa-MiniLM-L6-cos-v1,291::https://blog.reedsy.com/creative-writing-prompts/short-story/write-a-story-with-a-huge-surprise-either-in-the-m/,,,3,0.2926829268292683
H2,multi-qa-MiniLM-L6-cos-v1,291::https://blog.reedsy.com/creative-writing-prompts/short-story/write-a-story-with-a-huge-surprise-either-in-the-m/,,,4,0.2926829268292683
H2,multi-qa-MiniLM-L6-cos-v1,291::https://blog.reedsy.com/creative-writing-prompts/short-story/write-a-story-with-a-huge-surprise-either-in-the-m/,,,5,0.2926829268292683
H2,multi-qa-MiniLM-L6-cos-v1,291::https://blog.reedsy.com/creative-writing-prompts/short-story/write-a-story-with-a-huge-surprise-either-in-the-m/,,,6,0.2926829268292683
H2,multi-qa-MiniLM-L6-cos-v1,291::https://blog.reedsy.com/creative-writing-prompts/short-story/write-a-story-with-a-huge-surprise-either-in-the-m/,,,7,0.2926829268292683
H2,multi-qa-MiniLM-L6-cos-v1,294::https://blog.reedsy.com/creative-writing-prompts/short-story/write-a-story-in-which-the-first-and-last-sentence/,,,1,0.42857142857142855
H2,multi-qa-MiniLM-L6-cos-v1,294::https://blog.reedsy.com/creative-writing-prompts/short-story/write-a-story-in-which-the-first-and-last-sentence/,,,2,0.42857142857142855
H2,multi-qa-MiniLM-L6-cos-v1,294::https://blog.reedsy.com/creative-writing-prompts/short-story/write-a-story-in-which-the-first-and-last-sentence/,,,3,0.42857142857142855
H2,multi-qa-MiniLM-L6-cos-v1,294::https://blog.reedsy.com/creative-writing-prompts/short-story/write-a-story-in-which-the-first-and-last-sentence/,,,4,0.42857142857142855
H2,multi-qa-MiniLM-L6-cos-v1,294::https://blog.reedsy.com/creative-writing-prompts/short-story/write-a-story-in-which-the-first-and-last-sentence/,,,5,0.42857142857142855
H2,multi-qa-MiniLM-L6-cos-v1,294::https://blog.reedsy.com/creative-writing-prompts/short-story/write-a-story-in-which-the-first-and-last-sentence/,,,6,0.42857142857142855
H2,multi-qa-MiniLM-L6-cos-v1,294::https://blog.reedsy.com/creative-writing-prompts/short-story/write-a-story-in-which-the-first-and-last-sentence/,,,7,0.42857142857142855
H2,multi-qa-MiniLM-L6-cos-v1,294::https://blog.reedsy.com/creative-writing-prompts/short-story/create-a-title-with-reedsy-s-title-generator-then-/,,,1,0.5161290322580645
H2,multi-qa-MiniLM-L6-cos-v1,294::https://blog.reedsy.com/creative-writing-prompts/short-story/create-a-title-with-reedsy-s-title-generator-then-/,,,2,0.5161290322580645
H2,multi-qa-MiniLM-L6-cos-v1,294::https://blog.reedsy.com/creative-writing-prompts/short-story/create-a-title-with-reedsy-s-title-generator-then-/,,,3,0.5161290322580645
H2,multi-qa-MiniLM-L6-cos-v1,294::https://blog.reedsy.com/creative-writing-prompts/short-story/create-a-title-with-reedsy-s-title-generator-then-/,,,4,0.5161290322580645
H2,multi-qa-MiniLM-L6-cos-v1,294::https://blog.reedsy.com/creative-writing-prompts/short-story/create-a-title-with-reedsy-s-title-generator-then-/,,,5,0.5161290322580645
H2,multi-qa-MiniLM-L6-cos-v1,294::https://blog.reedsy.com/creative-writing-prompts/short-story/create-a-title-with-reedsy-s-title-generator-then-/,,,6,0.5161290322580645
H2,multi-qa-MiniLM-L6-cos-v1,294::https://blog.reedsy.com/creative-writing-prompts/short-story/create-a-title-with-reedsy-s-title-generator-then-/,,,7,0.5161290322580645
H2,multi-qa-MiniLM-L6-cos-v1,294::https://blog.reedsy.com/creative-writing-prompts/short-story/write-a-story-in-the-form-of-a-letter-or-several-l/,,,1,1.0
H2,multi-qa-MiniLM-L6-cos-v1,294::https://blog.reedsy.com/creative-writing-prompts/short-story/write-a-story-in-the-form-of-a-letter-or-several-l/,,,2,1.0
H2,multi-qa-MiniLM-L6-cos-v1,294::https://blog.reedsy.com/creative-writing-prompts/short-story/write-a-story-in-the-form-of-a-letter-or-several-l/,,,3,1.0
H2,multi-qa-MiniLM-L6-cos-v1,294::https://blog.reedsy.com/creative-writing-prompts/short-story/write-a-story-in-the-form-of-a-letter-or-several-l/,,,4,1.0
H2,multi-qa-MiniLM-L6-cos-v1,294::https://blog.reedsy.com/creative-writing-prompts/short-story/write-a-story-in-the-form-of-a-letter-or-several-l/,,,5,1.0
H2,multi-qa-MiniLM-L6-cos-v1,294::https://blog.reedsy.com/creative-writing-prompts/short-story/write-a-story-in-the-form-of-a-letter-or-several-l/,,,6,1.0
H2,multi-qa-MiniLM-L6-cos-v1,294::https://blog.reedsy.com/creative-writing-prompts/short-story/write-a-story-in-the-form-of-a-letter-or-several-l/,,,7,1.0
H2,multi-qa-MiniLM-L6-cos-v1,294::https://blog.reedsy.com/creative-writing-prompts/drama/center-your-story-around-someone-who-s-at-a-loss-f/,,,1,0.4772727272727273
H2,multi-qa-MiniLM-L6-cos-v1,294::https://blog.reedsy.com/creative-writing-prompts/drama/center-your-story-around-someone-who-s-at-a-loss-f/,,,2,0.4772727272727273
H2,multi-qa-MiniLM-L6-cos-v1,294::https://blog.reedsy.com/creative-writing-prompts/drama/center-your-story-around-someone-who-s-at-a-loss-f/,,,3,0.4772727272727273
H2,multi-qa-MiniLM-L6-cos-v1,294::https://blog.reedsy.com/creative-writing-prompts/drama/center-your-story-around-someone-who-s-at-a-loss-f/,,,4,0.4772727272727273
H2,multi-qa-MiniLM-L6-cos-v1,294::https://blog.reedsy.com/creative-writing-prompts/drama/center-your-story-around-someone-who-s-at-a-loss-f/,,,5,0.4772727272727273
H2,multi-qa-MiniLM-L6-cos-v1,294::https://blog.reedsy.com/creative-writing-prompts/drama/center-your-story-around-someone-who-s-at-a-loss-f/,,,6,0.4772727272727273
H2,multi-qa-MiniLM-L6-cos-v1,294::https://blog.reedsy.com/creative-writing-prompts/drama/center-your-story-around-someone-who-s-at-a-loss-f/,,,7,0.4772727272727273
H2,multi-qa-MiniLM-L6-cos-v1,294::https://blog.reedsy.com/creative-writing-prompts/dialogue/write-a-story-with-the-line-i-didn-t-mean-that-or-/,,,1,0.45454545454545453
H2,multi-qa-MiniLM-L6-cos-v1,294::https://blog.reedsy.com/creative-writing-prompts/dialogue/write-a-story-with-the-line-i-didn-t-mean-that-or-/,,,2,0.45454545454545453
H2,multi-qa-MiniLM-L6-cos-v1,294::https://blog.reedsy.com/creative-writing-prompts/dialogue/write-a-story-with-the-line-i-didn-t-mean-that-or-/,,,3,0.45454545454545453
H2,multi-qa-MiniLM-L6-cos-v1,294::https://blog.reedsy.com/creative-writing-prompts/dialogue/write-a-story-with-the-line-i-didn-t-mean-that-or-/,,,4,0.45454545454545453
H2,multi-qa-MiniLM-L6-cos-v1,294::https://blog.reedsy.com/creative-writing-prompts/dialogue/write-a-story-with-the-line-i-didn-t-mean-that-or-/,,,5,0.45454545454545453
H2,multi-qa-MiniLM-L6-cos-v1,294::https://blog.reedsy.com/creative-writing-prompts/dialogue/write-a-story-with-the-line-i-didn-t-mean-that-or-/,,,6,0.45454545454545453
H2,multi-qa-MiniLM-L6-cos-v1,294::https://blog.reedsy.com/creative-writing-prompts/dialogue/write-a-story-with-the-line-i-didn-t-mean-that-or-/,,,7,0.45454545454545453
H2,multi-qa-MiniLM-L6-cos-v1,309::https://blog.reedsy.com/creative-writing-prompts/drama/write-a-story-that-includes-the-line-do-i-know-you/,,,1,0.4
H2,multi-qa-MiniLM-L6-cos-v1,309::https://blog.reedsy.com/creative-writing-prompts/drama/write-a-story-that-includes-the-line-do-i-know-you/,,,2,0.4
H2,multi-qa-MiniLM-L6-cos-v1,309::https://blog.reedsy.com/creative-writing-prompts/drama/write-a-story-that-includes-the-line-do-i-know-you/,,,3,0.4
H2,multi-qa-MiniLM-L6-cos-v1,309::https://blog.reedsy.com/creative-writing-prompts/drama/write-a-story-that-includes-the-line-do-i-know-you/,,,4,0.4
H2,multi-qa-MiniLM-L6-cos-v1,309::https://blog.reedsy.com/creative-writing-prompts/drama/write-a-story-that-includes-the-line-do-i-know-you/,,,5,0.4
H2,multi-qa-MiniLM-L6-cos-v1,309::https://blog.reedsy.com/creative-writing-prompts/drama/write-a-story-that-includes-the-line-do-i-know-you/,,,6,0.4
H2,multi-qa-MiniLM-L6-cos-v1,309::https://blog.reedsy.com/creative-writing-prompts/drama/write-a-story-that-includes-the-line-do-i-know-you/,,,7,0.4
H2,multi-qa-MiniLM-L6-cos-v1,309::https://blog.reedsy.com/creative-writing-prompts/short-story/start-or-end-your-story-with-a-character-making-fo/,,,1,0.5238095238095238
H2,multi-qa-MiniLM-L6-cos-v1,309::https://blog.reedsy.com/creative-writing-prompts/short-story/start-or-end-your-story-with-a-character-making-fo/,,,2,0.5238095238095238
H2,multi-qa-MiniLM-L6-cos-v1,309::https://blog.reedsy.com/creative-writing-prompts/short-story/start-or-end-your-story-with-a-character-making-fo/,,,3,0.5238095238095238
H2,multi-qa-MiniLM-L6-cos-v1,309::https://blog.reedsy.com/creative-writing-prompts/short-story/start-or-end-your-story-with-a-character-making-fo/,,,4,0.5238095238095238
H2,multi-qa-MiniLM-L6-cos-v1,309::https://blog.reedsy.com/creative-writing-prompts/short-story/start-or-end-your-story-with-a-character-making-fo/,,,5,0.5238095238095238
H2,multi-qa-MiniLM-L6-cos-v1,309::https://blog.reedsy.com/creative-writing-prompts/short-story/start-or-end-your-story-with-a-character-making-fo/,,,6,0.5238095238095238
H2,multi-qa-MiniLM-L6-cos-v1,309::https://blog.reedsy.com/creative-writing-prompts/short-story/start-or-end-your-story-with-a-character-making-fo/,,,7,0.5238095238095238
H2,multi-qa-MiniLM-L6-cos-v1,309::https://blog.reedsy.com/creative-writing-prompts/character/center-your-story-around-a-character-who-yearns-fo/,,,1,0.1864406779661017
H2,multi-qa-MiniLM-L6-cos-v1,309::https://blog.reedsy.com/creative-writing-prompts/character/center-your-story-around-a-character-who-yearns-fo/,,,2,0.1864406779661017
H2,multi-qa-MiniLM-L6-cos-v1,309::https://blog.reedsy.com/creative-writing-prompts/character/center-your-story-around-a-character-who-yearns-fo/,,,3,0.1864406779661017
H2,multi-qa-MiniLM-L6-cos-v1,309::https://blog.reedsy.com/creative-writing-prompts/character/center-your-story-around-a-character-who-yearns-fo/,,,4,0.1864406779661017
H2,multi-qa-MiniLM-L6-cos-v1,309::https://blog.reedsy.com/creative-writing-prompts/character/center-your-story-around-a-character-who-yearns-fo/,,,5,0.1864406779661017
H2,multi-qa-MiniLM-L6-cos-v1,309::https://blog.reedsy.com/creative-writing-prompts/character/center-your-story-around-a-character-who-yearns-fo/,,,6,0.1864406779661017
H2,multi-qa-MiniLM-L6-cos-v1,309::https://blog.reedsy.com/creative-writing-prompts/character/center-your-story-around-a-character-who-yearns-fo/,,,7,0.1864406779661017
H2,multi-qa-MiniLM-L6-cos-v1,309::https://blog.reedsy.com/creative-writing-prompts/short-story/write-a-story-with-a-person-s-name-in-the-title/,,,1,0.3783783783783784
H2,multi-qa-MiniLM-L6-cos-v1,309::https://blog.reedsy.com/creative-writing-prompts/short-story/write-a-story-with-a-person-s-name-in-the-title/,,,2,0.3783783783783784
H2,multi-qa-MiniLM-L6-cos-v1,309::https://blog.reedsy.com/creative-writing-prompts/short-story/write-a-story-with-a-person-s-name-in-the-title/,,,3,0.3783783783783784
H2,multi-qa-MiniLM-L6-cos-v1,309::https://blog.reedsy.com/creative-writing-prompts/short-story/write-a-story-with-a-person-s-name-in-the-title/,,,4,0.3783783783783784
H2,multi-qa-MiniLM-L6-cos-v1,309::https://blog.reedsy.com/creative-writing-prompts/short-story/write-a-story-with-a-person-s-name-in-the-title/,,,5,0.3783783783783784
H2,multi-qa-MiniLM-L6-cos-v1,309::https://blog.reedsy.com/creative-writing-prompts/short-story/write-a-story-with-a-person-s-name-in-the-title/,,,6,0.3783783783783784
H2,multi-qa-MiniLM-L6-cos-v1,309::https://blog.reedsy.com/creative-writing-prompts/short-story/write-a-story-with-a-person-s-name-in-the-title/,,,7,0.3783783783783784
H2,multi-qa-MiniLM-L6-cos-v1,309::https://blog.reedsy.com/creative-writing-prompts/drama/center-your-story-around-two-characters-who-like-e/,,,1,0.42857142857142855
H2,multi-qa-MiniLM-L6-cos-v1,309::https://blog.reedsy.com/creative-writing-prompts/drama/center-your-story-around-two-characters-who-like-e/,,,2,0.42857142857142855
H2,multi-qa-MiniLM-L6-cos-v1,309::https://blog.reedsy.com/creative-writing-prompts/drama/center-your-story-around-two-characters-who-like-e/,,,3,0.42857142857142855
H2,multi-qa-MiniLM-L6-cos-v1,309::https://blog.reedsy.com/creative-writing-prompts/drama/center-your-story-around-two-characters-who-like-e/,,,4,0.42857142857142855
H2,multi-qa-MiniLM-L6-cos-v1,309::https://blog.reedsy.com/creative-writing-prompts/drama/center-your-story-around-two-characters-who-like-e/,,,5,0.42857142857142855
H2,multi-qa-MiniLM-L6-cos-v1,309::https://blog.reedsy.com/creative-writing-prompts/drama/center-your-story-around-two-characters-who-like-e/,,,6,0.42857142857142855
H2,multi-qa-MiniLM-L6-cos-v1,309::https://blog.reedsy.com/creative-writing-prompts/drama/center-your-story-around-two-characters-who-like-e/,,,7,0.42857142857142855
H2,multi-qa-MiniLM-L6-cos-v1,316::https://blog.reedsy.com/creative-writing-prompts/drama/write-a-story-where-a-character-s-true-identity-or/,,,1,0.8260869565217391
H2,multi-qa-MiniLM-L6-cos-v1,316::https://blog.reedsy.com/creative-writing-prompts/drama/write-a-story-where-a-character-s-true-identity-or/,,,2,0.8260869565217391
H2,multi-qa-MiniLM-L6-cos-v1,316::https://blog.reedsy.com/creative-writing-prompts/drama/write-a-story-where-a-character-s-true-identity-or/,,,3,0.8260869565217391
H2,multi-qa-MiniLM-L6-cos-v1,316::https://blog.reedsy.com/creative-writing-prompts/drama/write-a-story-where-a-character-s-true-identity-or/,,,4,0.8260869565217391
H2,multi-qa-MiniLM-L6-cos-v1,316::https://blog.reedsy.com/creative-writing-prompts/drama/write-a-story-where-a-character-s-true-identity-or/,,,5,0.8260869565217391
H2,multi-qa-MiniLM-L6-cos-v1,316::https://blog.reedsy.com/creative-writing-prompts/drama/write-a-story-where-a-character-s-true-identity-or/,,,6,0.8260869565217391
H2,multi-qa-MiniLM-L6-cos-v1,316::https://blog.reedsy.com/creative-writing-prompts/drama/write-a-story-where-a-character-s-true-identity-or/,,,7,0.8260869565217391
H2,multi-qa-MiniLM-L6-cos-v1,316::https://blog.reedsy.com/creative-writing-prompts/short-story/include-the-word-hero-mask-or-truth-in-your-story-/,,,1,0.2553191489361702
H2,multi-qa-MiniLM-L6-cos-v1,316::https://blog.reedsy.com/creative-writing-prompts/short-story/include-the-word-hero-mask-or-truth-in-your-story-/,,,2,0.2553191489361702
H2,multi-qa-MiniLM-L6-cos-v1,316::https://blog.reedsy.com/creative-writing-prompts/short-story/include-the-word-hero-mask-or-truth-in-your-story-/,,,3,0.2553191489361702
H2,multi-qa-MiniLM-L6-cos-v1,316::https://blog.reedsy.com/creative-writing-prompts/short-story/include-the-word-hero-mask-or-truth-in-your-story-/,,,4,0.2553191489361702
H2,multi-qa-MiniLM-L6-cos-v1,316::https://blog.reedsy.com/creative-writing-prompts/short-story/include-the-word-hero-mask-or-truth-in-your-story-/,,,5,0.2553191489361702
H2,multi-qa-MiniLM-L6-cos-v1,316::https://blog.reedsy.com/creative-writing-prompts/short-story/include-the-word-hero-mask-or-truth-in-your-story-/,,,6,0.2553191489361702
H2,multi-qa-MiniLM-L6-cos-v1,316::https://blog.reedsy.com/creative-writing-prompts/short-story/include-the-word-hero-mask-or-truth-in-your-story-/,,,7,0.2553191489361702
H2,multi-qa-MiniLM-L6-cos-v1,316::https://blog.reedsy.com/creative-writing-prompts/drama/write-a-story-from-the-pov-of-someone-who-s-hiding/,,,1,0.6086956521739131
H2,multi-qa-MiniLM-L6-cos-v1,316::https://blog.reedsy.com/creative-writing-prompts/drama/write-a-story-from-the-pov-of-someone-who-s-hiding/,,,2,0.6086956521739131
H2,multi-qa-MiniLM-L6-cos-v1,316::https://blog.reedsy.com/creative-writing-prompts/drama/write-a-story-from-the-pov-of-someone-who-s-hiding/,,,3,0.6086956521739131
H2,multi-qa-MiniLM-L6-cos-v1,316::https://blog.reedsy.com/creative-writing-prompts/drama/write-a-story-from-the-pov-of-someone-who-s-hiding/,,,4,0.6086956521739131
H2,multi-qa-MiniLM-L6-cos-v1,316::https://blog.reedsy.com/creative-writing-prompts/drama/write-a-story-from-the-pov-of-someone-who-s-hiding/,,,5,0.6086956521739131
H2,multi-qa-MiniLM-L6-cos-v1,316::https://blog.reedsy.com/creative-writing-prompts/drama/write-a-story-from-the-pov-of-someone-who-s-hiding/,,,6,0.6086956521739131
H2,multi-qa-MiniLM-L6-cos-v1,316::https://blog.reedsy.com/creative-writing-prompts/drama/write-a-story-from-the-pov-of-someone-who-s-hiding/,,,7,0.6086956521739131
H2,multi-qa-MiniLM-L6-cos-v1,316::https://blog.reedsy.com/creative-writing-prompts/drama/center-your-story-around-someone-s-public-image-an/,,,1,1.0
H2,multi-qa-MiniLM-L6-cos-v1,316::https://blog.reedsy.com/creative-writing-prompts/drama/center-your-story-around-someone-s-public-image-an/,,,2,1.0
H2,multi-qa-MiniLM-L6-cos-v1,316::https://blog.reedsy.com/creative-writing-prompts/drama/center-your-story-around-someone-s-public-image-an/,,,3,1.0
H2,multi-qa-MiniLM-L6-cos-v1,316::https://blog.reedsy.com/creative-writing-prompts/drama/center-your-story-around-someone-s-public-image-an/,,,4,1.0
H2,multi-qa-MiniLM-L6-cos-v1,316::https://blog.reedsy.com/creative-writing-prompts/drama/center-your-story-around-someone-s-public-image-an/,,,5,1.0
H2,multi-qa-MiniLM-L6-cos-v1,316::https://blog.reedsy.com/creative-writing-prompts/drama/center-your-story-around-someone-s-public-image-an/,,,6,1.0
H2,multi-qa-MiniLM-L6-cos-v1,316::https://blog.reedsy.com/creative-writing-prompts/drama/center-your-story-around-someone-s-public-image-an/,,,7,1.0
H2,multi-qa-MiniLM-L6-cos-v1,316::https://blog.reedsy.com/creative-writing-prompts/short-story/write-a-story-that-includes-the-line-can-you-keep-/,,,1,1.0
H2,multi-qa-MiniLM-L6-cos-v1,316::https://blog.reedsy.com/creative-writing-prompts/short-story/write-a-story-that-includes-the-line-can-you-keep-/,,,2,1.0
H2,multi-qa-MiniLM-L6-cos-v1,316::https://blog.reedsy.com/creative-writing-prompts/short-story/write-a-story-that-includes-the-line-can-you-keep-/,,,3,1.0
H2,multi-qa-MiniLM-L6-cos-v1,316::https://blog.reedsy.com/creative-writing-prompts/short-story/write-a-story-that-includes-the-line-can-you-keep-/,,,4,1.0
H2,multi-qa-MiniLM-L6-cos-v1,316::https://blog.reedsy.com/creative-writing-prompts/short-story/write-a-story-that-includes-the-line-can-you-keep-/,,,5,1.0
H2,multi-qa-MiniLM-L6-cos-v1,316::https://blog.reedsy.com/creative-writing-prompts/short-story/write-a-story-that-includes-the-line-can-you-keep-/,,,6,1.0
H2,multi-qa-MiniLM-L6-cos-v1,316::https://blog.reedsy.com/creative-writing-prompts/short-story/write-a-story-that-includes-the-line-can-you-keep-/,,,7,1.0
H2,paraphrase-MiniLM-L12-v2,291::https://blog.reedsy.com/creative-writing-prompts/short-story/write-a-story-inspired-by-the-ultimate-cliched-twi/,,,1,0.4827586206896552
H2,paraphrase-MiniLM-L12-v2,291::https://blog.reedsy.com/creative-writing-prompts/short-story/write-a-story-inspired-by-the-ultimate-cliched-twi/,,,2,0.4827586206896552
H2,paraphrase-MiniLM-L12-v2,291::https://blog.reedsy.com/creative-writing-prompts/short-story/write-a-story-inspired-by-the-ultimate-cliched-twi/,,,3,0.4827586206896552
H2,paraphrase-MiniLM-L12-v2,291::https://blog.reedsy.com/creative-writing-prompts/short-story/write-a-story-inspired-by-the-ultimate-cliched-twi/,,,4,0.4827586206896552
H2,paraphrase-MiniLM-L12-v2,291::https://blog.reedsy.com/creative-writing-prompts/short-story/write-a-story-inspired-by-the-ultimate-cliched-twi/,,,5,0.4827586206896552
H2,paraphrase-MiniLM-L12-v2,291::https://blog.reedsy.com/creative-writing-prompts/short-story/write-a-story-inspired-by-the-ultimate-cliched-twi/,,,6,0.4827586206896552
H2,paraphrase-MiniLM-L12-v2,291::https://blog.reedsy.com/creative-writing-prompts/short-story/write-a-story-inspired-by-the-ultimate-cliched-twi/,,,7,0.4827586206896552
H2,paraphrase-MiniLM-L12-v2,291::https://blog.reedsy.com/creative-writing-prompts/angst/center-your-story-around-a-character-s-addiction-o/,,,1,0.375
H2,paraphrase-MiniLM-L12-v2,291::https://blog.reedsy.com/creative-writing-prompts/angst/center-your-story-around-a-character-s-addiction-o/,,,2,0.375
H2,paraphrase-MiniLM-L12-v2,291::https://blog.reedsy.com/creative-writing-prompts/angst/center-your-story-around-a-character-s-addiction-o/,,,3,0.375
H2,paraphrase-MiniLM-L12-v2,291::https://blog.reedsy.com/creative-writing-prompts/angst/center-your-story-around-a-character-s-addiction-o/,,,4,0.375
H2,paraphrase-MiniLM-L12-v2,291::https://blog.reedsy.com/creative-writing-prompts/angst/center-your-story-around-a-character-s-addiction-o/,,,5,0.375
H2,paraphrase-MiniLM-L12-v2,291::https://blog.reedsy.com/creative-writing-prompts/angst/center-your-story-around-a-character-s-addiction-o/,,,6,0.375
H2,paraphrase-MiniLM-L12-v2,291::https://blog.reedsy.com/creative-writing-prompts/angst/center-your-story-around-a-character-s-addiction-o/,,,7,0.375
H2,paraphrase-MiniLM-L12-v2,291::https://blog.reedsy.com/creative-writing-prompts/drama/write-a-story-that-keeps-a-key-detail-hidden-from-/,,,1,1.0
H2,paraphrase-MiniLM-L12-v2,291::https://blog.reedsy.com/creative-writing-prompts/drama/write-a-story-that-keeps-a-key-detail-hidden-from-/,,,2,1.0
H2,paraphrase-MiniLM-L12-v2,291::https://blog.reedsy.com/creative-writing-prompts/drama/write-a-story-that-keeps-a-key-detail-hidden-from-/,,,3,1.0
H2,paraphrase-MiniLM-L12-v2,291::https://blog.reedsy.com/creative-writing-prompts/drama/write-a-story-that-keeps-a-key-detail-hidden-from-/,,,4,1.0
H2,paraphrase-MiniLM-L12-v2,291::https://blog.reedsy.com/creative-writing-prompts/drama/write-a-story-that-keeps-a-key-detail-hidden-from-/,,,5,1.0
H2,paraphrase-MiniLM-L12-v2,291::https://blog.reedsy.com/creative-writing-prompts/drama/write-a-story-that-keeps-a-key-detail-hidden-from-/,,,6,1.0
H2,paraphrase-MiniLM-L12-v2,291::https://blog.reedsy.com/creative-writing-prompts/drama/write-a-story-that-keeps-a-key-detail-hidden-from-/,,,7,1.0
H2,paraphrase-MiniLM-L12-v2,291::https://blog.reedsy.com/creative-writing-prompts/drama/center-your-story-around-a-character-who-successfu/,,,1,0.4482758620689655
H2,paraphrase-MiniLM-L12-v2,291::https://blog.reedsy.com/creative-writing-prompts/drama/center-your-story-around-a-character-who-successfu/,,,2,0.4482758620689655
H2,paraphrase-MiniLM-L12-v2,291::https://blog.reedsy.com/creative-writing-prompts/drama/center-your-story-around-a-character-who-successfu/,,,3,0.4482758620689655
H2,paraphrase-MiniLM-L12-v2,291::https://blog.reedsy.com/creative-writing-prompts/drama/center-your-story-around-a-character-who-successfu/,,,4,0.4482758620689655
H2,paraphrase-MiniLM-L12-v2,291::https://blog.reedsy.com/creative-writing-prompts/drama/center-your-story-around-a-character-who-successfu/,,,5,0.4482758620689655
H2,paraphrase-MiniLM-L12-v2,291::https://blog.reedsy.com/creative-writing-prompts/drama/center-your-story-around-a-character-who-successfu/,,,6,0.4482758620689655
H2,paraphrase-MiniLM-L12-v2,291::https://blog.reedsy.com/creative-writing-prompts/drama/center-your-story-around-a-character-who-successfu/,,,7,0.4482758620689655
H2,paraphrase-MiniLM-L12-v2,291::https://blog.reedsy.com/creative-writing-prompts/short-story/write-a-story-with-a-huge-surprise-either-in-the-m/,,,1,0.2682926829268293
H2,paraphrase-MiniLM-L12-v2,291::https://blog.reedsy.com/creative-writing-prompts/short-story/write-a-story-with-a-huge-surprise-either-in-the-m/,,,2,0.2682926829268293
H2,paraphrase-MiniLM-L12-v2,291::https://blog.reedsy.com/creative-writing-prompts/short-story/write-a-story-with-a-huge-surprise-either-in-the-m/,,,3,0.2682926829268293
H2,paraphrase-MiniLM-L12-v2,291::https://blog.reedsy.com/creative-writing-prompts/short-story/write-a-story-with-a-huge-surprise-either-in-the-m/,,,4,0.2682926829268293
H2,paraphrase-MiniLM-L12-v2,291::https://blog.reedsy.com/creative-writing-prompts/short-story/write-a-story-with-a-huge-surprise-either-in-the-m/,,,5,0.2682926829268293
H2,paraphrase-MiniLM-L12-v2,291::https://blog.reedsy.com/creative-writing-prompts/short-story/write-a-story-with-a-huge-surprise-either-in-the-m/,,,6,0.2682926829268293
H2,paraphrase-MiniLM-L12-v2,291::https://blog.reedsy.com/creative-writing-prompts/short-story/write-a-story-with-a-huge-surprise-either-in-the-m/,,,7,0.2682926829268293
H2,paraphrase-MiniLM-L12-v2,294::https://blog.reedsy.com/creative-writing-prompts/short-story/write-a-story-in-which-the-first-and-last-sentence/,,,1,0.8
H2,paraphrase-MiniLM-L12-v2,294::https://blog.reedsy.com/creative-writing-prompts/short-story/write-a-story-in-which-the-first-and-last-sentence/,,,2,0.8
H2,paraphrase-MiniLM-L12-v2,294::https://blog.reedsy.com/creative-writing-prompts/short-story/write-a-story-in-which-the-first-and-last-sentence/,,,3,0.8
H2,paraphrase-MiniLM-L12-v2,294::https://blog.reedsy.com/creative-writing-prompts/short-story/write-a-story-in-which-the-first-and-last-sentence/,,,4,0.8
H2,paraphrase-MiniLM-L12-v2,294::https://blog.reedsy.com/creative-writing-prompts/short-story/write-a-story-in-which-the-first-and-last-sentence/,,,5,0.8
H2,paraphrase-MiniLM-L12-v2,294::https://blog.reedsy.com/creative-writing-prompts/short-story/write-a-story-in-which-the-first-and-last-sentence/,,,6,0.8
H2,paraphrase-MiniLM-L12-v2,294::https://blog.reedsy.com/creative-writing-prompts/short-story/write-a-story-in-which-the-first-and-last-sentence/,,,7,0.8
H2,paraphrase-MiniLM-L12-v2,294::https://blog.reedsy.com/creative-writing-prompts/short-story/create-a-title-with-reedsy-s-title-generator-then-/,,,1,0.5161290322580645
H2,paraphrase-MiniLM-L12-v2,294::https://blog.reedsy.com/creative-writing-prompts/short-story/create-a-title-with-reedsy-s-title-generator-then-/,,,2,0.5161290322580645
H2,paraphrase-MiniLM-L12-v2,294::https://blog.reedsy.com/creative-writing-prompts/short-story/create-a-title-with-reedsy-s-title-generator-then-/,,,3,0.5161290322580645
H2,paraphrase-MiniLM-L12-v2,294::https://blog.reedsy.com/creative-writing-prompts/short-story/create-a-title-with-reedsy-s-title-generator-then-/,,,4,0.5161290322580645
H2,paraphrase-MiniLM-L12-v2,294::https://blog.reedsy.com/creative-writing-prompts/short-story/create-a-title-with-reedsy-s-title-generator-then-/,,,5,0.5161290322580645
H2,paraphrase-MiniLM-L12-v2,294::https://blog.reedsy.com/creative-writing-prompts/short-story/create-a-title-with-reedsy-s-title-generator-then-/,,,6,0.5161290322580645
H2,paraphrase-MiniLM-L12-v2,294::https://blog.reedsy.com/creative-writing-prompts/short-story/create-a-title-with-reedsy-s-title-generator-then-/,,,7,0.5161290322580645
H2,paraphrase-MiniLM-L12-v2,294::https://blog.reedsy.com/creative-writing-prompts/short-story/write-a-story-in-the-form-of-a-letter-or-several-l/,,,1,0.6153846153846154
H2,paraphrase-MiniLM-L12-v2,294::https://blog.reedsy.com/creative-writing-prompts/short-story/write-a-story-in-the-form-of-a-letter-or-several-l/,,,2,0.6153846153846154
H2,paraphrase-MiniLM-L12-v2,294::https://blog.reedsy.com/creative-writing-prompts/short-story/write-a-story-in-the-form-of-a-letter-or-several-l/,,,3,0.6153846153846154
H2,paraphrase-MiniLM-L12-v2,294::https://blog.reedsy.com/creative-writing-prompts/short-story/write-a-story-in-the-form-of-a-letter-or-several-l/,,,4,0.6153846153846154
H2,paraphrase-MiniLM-L12-v2,294::https://blog.reedsy.com/creative-writing-prompts/short-story/write-a-story-in-the-form-of-a-letter-or-several-l/,,,5,0.6153846153846154
H2,paraphrase-MiniLM-L12-v2,294::https://blog.reedsy.com/creative-writing-prompts/short-story/write-a-story-in-the-form-of-a-letter-or-several-l/,,,6,0.6153846153846154
H2,paraphrase-MiniLM-L12-v2,294::https://blog.reedsy.com/creative-writing-prompts/short-story/write-a-story-in-the-form-of-a-letter-or-several-l/,,,7,0.6153846153846154
H2,paraphrase-MiniLM-L12-v2,294::https://blog.reedsy.com/creative-writing-prompts/drama/center-your-story-around-someone-who-s-at-a-loss-f/,,,1,0.8409090909090909
H2,paraphrase-MiniLM-L12-v2,294::https://blog.reedsy.com/creative-writing-prompts/drama/center-your-story-around-someone-who-s-at-a-loss-f/,,,2,0.8409090909090909
H2,paraphrase-MiniLM-L12-v2,294::https://blog.reedsy.com/creative-writing-prompts/drama/center-your-story-around-someone-who-s-at-a-loss-f/,,,3,0.8409090909090909
H2,paraphrase-MiniLM-L12-v2,294::https://blog.reedsy.com/creative-writing-prompts/drama/center-your-story-around-someone-who-s-at-a-loss-f/,,,4,0.8409090909090909
H2,paraphrase-MiniLM-L12-v2,294::https://blog.reedsy.com/creative-writing-prompts/drama/center-your-story-around-someone-who-s-at-a-loss-f/,,,5,0.8409090909090909
H2,paraphrase-MiniLM-L12-v2,294::https://blog.reedsy.com/creative-writing-prompts/drama/center-your-story-around-someone-who-s-at-a-loss-f/,,,6,0.8409090909090909
H2,paraphrase-MiniLM-L12-v2,294::https://blog.reedsy.com/creative-writing-prompts/drama/center-your-story-around-someone-who-s-at-a-loss-f/,,,7,0.8409090909090909
H2,paraphrase-MiniLM-L12-v2,294::https://blog.reedsy.com/creative-writing-prompts/dialogue/write-a-story-with-the-line-i-didn-t-mean-that-or-/,,,1,0.45454545454545453
H2,paraphrase-MiniLM-L12-v2,294::https://blog.reedsy.com/creative-writing-prompts/dialogue/write-a-story-with-the-line-i-didn-t-mean-that-or-/,,,2,0.45454545454545453
H2,paraphrase-MiniLM-L12-v2,294::https://blog.reedsy.com/creative-writing-prompts/dialogue/write-a-story-with-the-line-i-didn-t-mean-that-or-/,,,3,0.45454545454545453
H2,paraphrase-MiniLM-L12-v2,294::https://blog.reedsy.com/creative-writing-prompts/dialogue/write-a-story-with-the-line-i-didn-t-mean-that-or-/,,,4,0.45454545454545453
H2,paraphrase-MiniLM-L12-v2,294::https://blog.reedsy.com/creative-writing-prompts/dialogue/write-a-story-with-the-line-i-didn-t-mean-that-or-/,,,5,0.45454545454545453
H2,paraphrase-MiniLM-L12-v2,294::https://blog.reedsy.com/creative-writing-prompts/dialogue/write-a-story-with-the-line-i-didn-t-mean-that-or-/,,,6,0.45454545454545453
H2,paraphrase-MiniLM-L12-v2,294::https://blog.reedsy.com/creative-writing-prompts/dialogue/write-a-story-with-the-line-i-didn-t-mean-that-or-/,,,7,0.45454545454545453
H2,paraphrase-MiniLM-L12-v2,309::https://blog.reedsy.com/creative-writing-prompts/drama/write-a-story-that-includes-the-line-do-i-know-you/,,,1,0.4
H2,paraphrase-MiniLM-L12-v2,309::https://blog.reedsy.com/creative-writing-prompts/drama/write-a-story-that-includes-the-line-do-i-know-you/,,,2,0.4
H2,paraphrase-MiniLM-L12-v2,309::https://blog.reedsy.com/creative-writing-prompts/drama/write-a-story-that-includes-the-line-do-i-know-you/,,,3,0.4
H2,paraphrase-MiniLM-L12-v2,309::https://blog.reedsy.com/creative-writing-prompts/drama/write-a-story-that-includes-the-line-do-i-know-you/,,,4,0.4
H2,paraphrase-MiniLM-L12-v2,309::https://blog.reedsy.com/creative-writing-prompts/drama/write-a-story-that-includes-the-line-do-i-know-you/,,,5,0.4
H2,paraphrase-MiniLM-L12-v2,309::https://blog.reedsy.com/creative-writing-prompts/drama/write-a-story-that-includes-the-line-do-i-know-you/,,,6,0.4
H2,paraphrase-MiniLM-L12-v2,309::https://blog.reedsy.com/creative-writing-prompts/drama/write-a-story-that-includes-the-line-do-i-know-you/,,,7,0.4
H2,paraphrase-MiniLM-L12-v2,309::https://blog.reedsy.com/creative-writing-prompts/short-story/start-or-end-your-story-with-a-character-making-fo/,,,1,0.6190476190476191
H2,paraphrase-MiniLM-L12-v2,309::https://blog.reedsy.com/creative-writing-prompts/short-story/start-or-end-your-story-with-a-character-making-fo/,,,2,0.6190476190476191
H2,paraphrase-MiniLM-L12-v2,309::https://blog.reedsy.com/creative-writing-prompts/short-story/start-or-end-your-story-with-a-character-making-fo/,,,3,0.6190476190476191
H2,paraphrase-MiniLM-L12-v2,309::https://blog.reedsy.com/creative-writing-prompts/short-story/start-or-end-your-story-with-a-character-making-fo/,,,4,0.6190476190476191
H2,paraphrase-MiniLM-L12-v2,309::https://blog.reedsy.com/creative-writing-prompts/short-story/start-or-end-your-story-with-a-character-making-fo/,,,5,0.6190476190476191
H2,paraphrase-MiniLM-L12-v2,309::https://blog.reedsy.com/creative-writing-prompts/short-story/start-or-end-your-story-with-a-character-making-fo/,,,6,0.6190476190476191
H2,paraphrase-MiniLM-L12-v2,309::https://blog.reedsy.com/creative-writing-prompts/short-story/start-or-end-your-story-with-a-character-making-fo/,,,7,0.6190476190476191
H2,paraphrase-MiniLM-L12-v2,309::https://blog.reedsy.com/creative-writing-prompts/character/center-your-story-around-a-character-who-yearns-fo/,,,1,0.1864406779661017
H2,paraphrase-MiniLM-L12-v2,309::https://blog.reedsy.com/creative-writing-prompts/character/center-your-story-around-a-character-who-yearns-fo/,,,2,0.1864406779661017
H2,paraphrase-MiniLM-L12-v2,309::https://blog.reedsy.com/creative-writing-prompts/character/center-your-story-around-a-character-who-yearns-fo/,,,3,0.1864406779661017
H2,paraphrase-MiniLM-L12-v2,309::https://blog.reedsy.com/creative-writing-prompts/character/center-your-story-around-a-character-who-yearns-fo/,,,4,0.1864406779661017
H2,paraphrase-MiniLM-L12-v2,309::https://blog.reedsy.com/creative-writing-prompts/character/center-your-story-around-a-character-who-yearns-fo/,,,5,0.1864406779661017
H2,paraphrase-MiniLM-L12-v2,309::https://blog.reedsy.com/creative-writing-prompts/character/center-your-story-around-a-character-who-yearns-fo/,,,6,0.1864406779661017
H2,paraphrase-MiniLM-L12-v2,309::https://blog.reedsy.com/creative-writing-prompts/character/center-your-story-around-a-character-who-yearns-fo/,,,7,0.1864406779661017
H2,paraphrase-MiniLM-L12-v2,309::https://blog.reedsy.com/creative-writing-prompts/short-story/write-a-story-with-a-person-s-name-in-the-title/,,,1,0.4864864864864865
H2,paraphrase-MiniLM-L12-v2,309::https://blog.reedsy.com/creative-writing-prompts/short-story/write-a-story-with-a-person-s-name-in-the-title/,,,2,0.4864864864864865
H2,paraphrase-MiniLM-L12-v2,309::https://blog.reedsy.com/creative-writing-prompts/short-story/write-a-story-with-a-person-s-name-in-the-title/,,,3,0.4864864864864865
H2,paraphrase-MiniLM-L12-v2,309::https://blog.reedsy.com/creative-writing-prompts/short-story/write-a-story-with-a-person-s-name-in-the-title/,,,4,0.4864864864864865
H2,paraphrase-MiniLM-L12-v2,309::https://blog.reedsy.com/creative-writing-prompts/short-story/write-a-story-with-a-person-s-name-in-the-title/,,,5,0.4864864864864865
H2,paraphrase-MiniLM-L12-v2,309::https://blog.reedsy.com/creative-writing-prompts/short-story/write-a-story-with-a-person-s-name-in-the-title/,,,6,0.4864864864864865
H2,paraphrase-MiniLM-L12-v2,309::https://blog.reedsy.com/creative-writing-prompts/short-story/write-a-story-with-a-person-s-name-in-the-title/,,,7,0.4864864864864865
H2,paraphrase-MiniLM-L12-v2,309::https://blog.reedsy.com/creative-writing-prompts/drama/center-your-story-around-two-characters-who-like-e/,,,1,0.5357142857142857
H2,paraphrase-MiniLM-L12-v2,309::https://blog.reedsy.com/creative-writing-prompts/drama/center-your-story-around-two-characters-who-like-e/,,,2,0.5357142857142857
H2,paraphrase-MiniLM-L12-v2,309::https://blog.reedsy.com/creative-writing-prompts/drama/center-your-story-around-two-characters-who-like-e/,,,3,0.5357142857142857
H2,paraphrase-MiniLM-L12-v2,309::https://blog.reedsy.com/creative-writing-prompts/drama/center-your-story-around-two-characters-who-like-e/,,,4,0.5357142857142857
H2,paraphrase-MiniLM-L12-v2,309::https://blog.reedsy.com/creative-writing-prompts/drama/center-your-story-around-two-characters-who-like-e/,,,5,0.5357142857142857
H2,paraphrase-MiniLM-L12-v2,309::https://blog.reedsy.com/creative-writing-prompts/drama/center-your-story-around-two-characters-who-like-e/,,,6,0.5357142857142857
H2,paraphrase-MiniLM-L12-v2,309::https://blog.reedsy.com/creative-writing-prompts/drama/center-your-story-around-two-characters-who-like-e/,,,7,0.5357142857142857
H2,paraphrase-MiniLM-L12-v2,316::https://blog.reedsy.com/creative-writing-prompts/drama/write-a-story-where-a-character-s-true-identity-or/,,,1,0.8260869565217391
H2,paraphrase-MiniLM-L12-v2,316::https://blog.reedsy.com/creative-writing-prompts/drama/write-a-story-where-a-character-s-true-identity-or/,,,2,0.8260869565217391
H2,paraphrase-MiniLM-L12-v2,316::https://blog.reedsy.com/creative-writing-prompts/drama/write-a-story-where-a-character-s-true-identity-or/,,,3,0.8260869565217391
H2,paraphrase-MiniLM-L12-v2,316::https://blog.reedsy.com/creative-writing-prompts/drama/write-a-story-where-a-character-s-true-identity-or/,,,4,0.8260869565217391
H2,paraphrase-MiniLM-L12-v2,316::https://blog.reedsy.com/creative-writing-prompts/drama/write-a-story-where-a-character-s-true-identity-or/,,,5,0.8260869565217391
H2,paraphrase-MiniLM-L12-v2,316::https://blog.reedsy.com/creative-writing-prompts/drama/write-a-story-where-a-character-s-true-identity-or/,,,6,0.8260869565217391
H2,paraphrase-MiniLM-L12-v2,316::https://blog.reedsy.com/creative-writing-prompts/drama/write-a-story-where-a-character-s-true-identity-or/,,,7,0.8260869565217391
H2,paraphrase-MiniLM-L12-v2,316::https://blog.reedsy.com/creative-writing-prompts/short-story/include-the-word-hero-mask-or-truth-in-your-story-/,,,1,0.3191489361702128
H2,paraphrase-MiniLM-L12-v2,316::https://blog.reedsy.com/creative-writing-prompts/short-story/include-the-word-hero-mask-or-truth-in-your-story-/,,,2,0.3191489361702128
H2,paraphrase-MiniLM-L12-v2,316::https://blog.reedsy.com/creative-writing-prompts/short-story/include-the-word-hero-mask-or-truth-in-your-story-/,,,3,0.3191489361702128
H2,paraphrase-MiniLM-L12-v2,316::https://blog.reedsy.com/creative-writing-prompts/short-story/include-the-word-hero-mask-or-truth-in-your-story-/,,,4,0.3191489361702128
H2,paraphrase-MiniLM-L12-v2,316::https://blog.reedsy.com/creative-writing-prompts/short-story/include-the-word-hero-mask-or-truth-in-your-story-/,,,5,0.3191489361702128
H2,paraphrase-MiniLM-L12-v2,316::https://blog.reedsy.com/creative-writing-prompts/short-story/include-the-word-hero-mask-or-truth-in-your-story-/,,,6,0.3191489361702128
H2,paraphrase-MiniLM-L12-v2,316::https://blog.reedsy.com/creative-writing-prompts/short-story/include-the-word-hero-mask-or-truth-in-your-story-/,,,7,0.3191489361702128
H2,paraphrase-MiniLM-L12-v2,316::https://blog.reedsy.com/creative-writing-prompts/drama/write-a-story-from-the-pov-of-someone-who-s-hiding/,,,1,0.5217391304347826
H2,paraphrase-MiniLM-L12-v2,316::https://blog.reedsy.com/creative-writing-prompts/drama/write-a-story-from-the-pov-of-someone-who-s-hiding/,,,2,0.5217391304347826
H2,paraphrase-MiniLM-L12-v2,316::https://blog.reedsy.com/creative-writing-prompts/drama/write-a-story-from-the-pov-of-someone-who-s-hiding/,,,3,0.5217391304347826
H2,paraphrase-MiniLM-L12-v2,316::https://blog.reedsy.com/creative-writing-prompts/drama/write-a-story-from-the-pov-of-someone-who-s-hiding/,,,4,0.5217391304347826
H2,paraphrase-MiniLM-L12-v2,316::https://blog.reedsy.com/creative-writing-prompts/drama/write-a-story-from-the-pov-of-someone-who-s-hiding/,,,5,0.5217391304347826
H2,paraphrase-MiniLM-L12-v2,316::https://blog.reedsy.com/creative-writing-prompts/drama/write-a-story-from-the-pov-of-someone-who-s-hiding/,,,6,0.5217391304347826
H2,paraphrase-MiniLM-L12-v2,316::https://blog.reedsy.com/creative-writing-prompts/drama/write-a-story-from-the-pov-of-someone-who-s-hiding/,,,7,0.5217391304347826
H2,paraphrase-MiniLM-L12-v2,316::https://blog.reedsy.com/creative-writing-prompts/drama/center-your-story-around-someone-s-public-image-an/,,,1,1.0
H2,paraphrase-MiniLM-L12-v2,316::https://blog.reedsy.com/creative-writing-prompts/drama/center-your-story-around-someone-s-public-image-an/,,,2,1.0
H2,paraphrase-MiniLM-L12-v2,316::https://blog.reedsy.com/creative-writing-prompts/drama/center-your-story-around-someone-s-public-image-an/,,,3,1.0
H2,paraphrase-MiniLM-L12-v2,316::https://blog.reedsy.com/creative-writing-prompts/drama/center-your-story-around-someone-s-public-image-an/,,,4,1.0
H2,paraphrase-MiniLM-L12-v2,316::https://blog.reedsy.com/creative-writing-prompts/drama/center-your-story-around-someone-s-public-image-an/,,,5,1.0
H2,paraphrase-MiniLM-L12-v2,316::https://blog.reedsy.com/creative-writing-prompts/drama/center-your-story-around-someone-s-public-image-an/,,,6,1.0
H2,paraphrase-MiniLM-L12-v2,316::https://blog.reedsy.com/creative-writing-prompts/drama/center-your-story-around-someone-s-public-image-an/,,,7,1.0
H2,paraphrase-MiniLM-L12-v2,316::https://blog.reedsy.com/creative-writing-prompts/short-story/write-a-story-that-includes-the-line-can-you-keep-/,,,1,0.6
H2,paraphrase-MiniLM-L12-v2,316::https://blog.reedsy.com/creative-writing-prompts/short-story/write-a-story-that-includes-the-line-can-you-keep-/,,,2,0.6
H2,paraphrase-MiniLM-L12-v2,316::https://blog.reedsy.com/creative-writing-prompts/short-story/write-a-story-that-includes-the-line-can-you-keep-/,,,3,0.6
H2,paraphrase-MiniLM-L12-v2,316::https://blog.reedsy.com/creative-writing-prompts/short-story/write-a-story-that-includes-the-line-can-you-keep-/,,,4,0.6
H2,paraphrase-MiniLM-L12-v2,316::https://blog.reedsy.com/creative-writing-prompts/short-story/write-a-story-that-includes-the-line-can-you-keep-/,,,5,0.6
H2,paraphrase-MiniLM-L12-v2,316::https://blog.reedsy.com/creative-writing-prompts/short-story/write-a-story-that-includes-the-line-can-you-keep-/,,,6,0.6
H2,paraphrase-MiniLM-L12-v2,316::https://blog.reedsy.com/creative-writing-prompts/short-story/write-a-story-that-includes-the-line-can-you-keep-/,,,7,0.6
H2,paraphrase-multilingual-MiniLM,291::https://blog.reedsy.com/creative-writing-prompts/short-story/write-a-story-inspired-by-the-ultimate-cliched-twi/,,,1,0.4827586206896552
H2,paraphrase-multilingual-MiniLM,291::https://blog.reedsy.com/creative-writing-prompts/short-story/write-a-story-inspired-by-the-ultimate-cliched-twi/,,,2,0.4827586206896552
H2,paraphrase-multilingual-MiniLM,291::https://blog.reedsy.com/creative-writing-prompts/short-story/write-a-story-inspired-by-the-ultimate-cliched-twi/,,,3,0.4827586206896552
H2,paraphrase-multilingual-MiniLM,291::https://blog.reedsy.com/creative-writing-prompts/short-story/write-a-story-inspired-by-the-ultimate-cliched-twi/,,,4,0.4827586206896552
H2,paraphrase-multilingual-MiniLM,291::https://blog.reedsy.com/creative-writing-prompts/short-story/write-a-story-inspired-by-the-ultimate-cliched-twi/,,,5,0.4827586206896552
H2,paraphrase-multilingual-MiniLM,291::https://blog.reedsy.com/creative-writing-prompts/short-story/write-a-story-inspired-by-the-ultimate-cliched-twi/,,,6,0.4827586206896552
H2,paraphrase-multilingual-MiniLM,291::https://blog.reedsy.com/creative-writing-prompts/short-story/write-a-story-inspired-by-the-ultimate-cliched-twi/,,,7,0.4827586206896552
H2,paraphrase-multilingual-MiniLM,291::https://blog.reedsy.com/creative-writing-prompts/angst/center-your-story-around-a-character-s-addiction-o/,,,1,1.0
H2,paraphrase-multilingual-MiniLM,291::https://blog.reedsy.com/creative-writing-prompts/angst/center-your-story-around-a-character-s-addiction-o/,,,2,1.0
H2,paraphrase-multilingual-MiniLM,291::https://blog.reedsy.com/creative-writing-prompts/angst/center-your-story-around-a-character-s-addiction-o/,,,3,1.0
H2,paraphrase-multilingual-MiniLM,291::https://blog.reedsy.com/creative-writing-prompts/angst/center-your-story-around-a-character-s-addiction-o/,,,4,1.0
H2,paraphrase-multilingual-MiniLM,291::https://blog.reedsy.com/creative-writing-prompts/angst/center-your-story-around-a-character-s-addiction-o/,,,5,1.0
H2,paraphrase-multilingual-MiniLM,291::https://blog.reedsy.com/creative-writing-prompts/angst/center-your-story-around-a-character-s-addiction-o/,,,6,1.0
H2,paraphrase-multilingual-MiniLM,291::https://blog.reedsy.com/creative-writing-prompts/angst/center-your-story-around-a-character-s-addiction-o/,,,7,1.0
H2,paraphrase-multilingual-MiniLM,291::https://blog.reedsy.com/creative-writing-prompts/drama/write-a-story-that-keeps-a-key-detail-hidden-from-/,,,1,0.35294117647058826
H2,paraphrase-multilingual-MiniLM,291::https://blog.reedsy.com/creative-writing-prompts/drama/write-a-story-that-keeps-a-key-detail-hidden-from-/,,,2,0.35294117647058826
H2,paraphrase-multilingual-MiniLM,291::https://blog.reedsy.com/creative-writing-prompts/drama/write-a-story-that-keeps-a-key-detail-hidden-from-/,,,3,0.35294117647058826
H2,paraphrase-multilingual-MiniLM,291::https://blog.reedsy.com/creative-writing-prompts/drama/write-a-story-that-keeps-a-key-detail-hidden-from-/,,,4,0.35294117647058826
H2,paraphrase-multilingual-MiniLM,291::https://blog.reedsy.com/creative-writing-prompts/drama/write-a-story-that-keeps-a-key-detail-hidden-from-/,,,5,0.35294117647058826
H2,paraphrase-multilingual-MiniLM,291::https://blog.reedsy.com/creative-writing-prompts/drama/write-a-story-that-keeps-a-key-detail-hidden-from-/,,,6,0.35294117647058826
H2,paraphrase-multilingual-MiniLM,291::https://blog.reedsy.com/creative-writing-prompts/drama/write-a-story-that-keeps-a-key-detail-hidden-from-/,,,7,0.35294117647058826
H2,paraphrase-multilingual-MiniLM,291::https://blog.reedsy.com/creative-writing-prompts/drama/center-your-story-around-a-character-who-successfu/,,,1,0.3793103448275862
H2,paraphrase-multilingual-MiniLM,291::https://blog.reedsy.com/creative-writing-prompts/drama/center-your-story-around-a-character-who-successfu/,,,2,0.3793103448275862
H2,paraphrase-multilingual-MiniLM,291::https://blog.reedsy.com/creative-writing-prompts/drama/center-your-story-around-a-character-who-successfu/,,,3,0.3793103448275862
H2,paraphrase-multilingual-MiniLM,291::https://blog.reedsy.com/creative-writing-prompts/drama/center-your-story-around-a-character-who-successfu/,,,4,0.3793103448275862
H2,paraphrase-multilingual-MiniLM,291::https://blog.reedsy.com/creative-writing-prompts/drama/center-your-story-around-a-character-who-successfu/,,,5,0.3793103448275862
H2,paraphrase-multilingual-MiniLM,291::https://blog.reedsy.com/creative-writing-prompts/drama/center-your-story-around-a-character-who-successfu/,,,6,0.3793103448275862
H2,paraphrase-multilingual-MiniLM,291::https://blog.reedsy.com/creative-writing-prompts/drama/center-your-story-around-a-character-who-successfu/,,,7,0.3793103448275862
H2,paraphrase-multilingual-MiniLM,291::https://blog.reedsy.com/creative-writing-prompts/short-story/write-a-story-with-a-huge-surprise-either-in-the-m/,,,1,0.2926829268292683
H2,paraphrase-multilingual-MiniLM,291::https://blog.reedsy.com/creative-writing-prompts/short-story/write-a-story-with-a-huge-surprise-either-in-the-m/,,,2,0.2926829268292683
H2,paraphrase-multilingual-MiniLM,291::https://blog.reedsy.com/creative-writing-prompts/short-story/write-a-story-with-a-huge-surprise-either-in-the-m/,,,3,0.2926829268292683
H2,paraphrase-multilingual-MiniLM,291::https://blog.reedsy.com/creative-writing-prompts/short-story/write-a-story-with-a-huge-surprise-either-in-the-m/,,,4,0.2926829268292683
H2,paraphrase-multilingual-MiniLM,291::https://blog.reedsy.com/creative-writing-prompts/short-story/write-a-story-with-a-huge-surprise-either-in-the-m/,,,5,0.2926829268292683
H2,paraphrase-multilingual-MiniLM,291::https://blog.reedsy.com/creative-writing-prompts/short-story/write-a-story-with-a-huge-surprise-either-in-the-m/,,,6,0.2926829268292683
H2,paraphrase-multilingual-MiniLM,291::https://blog.reedsy.com/creative-writing-prompts/short-story/write-a-story-with-a-huge-surprise-either-in-the-m/,,,7,0.2926829268292683
H2,paraphrase-multilingual-MiniLM,294::https://blog.reedsy.com/creative-writing-prompts/short-story/write-a-story-in-which-the-first-and-last-sentence/,,,1,0.4
H2,paraphrase-multilingual-MiniLM,294::https://blog.reedsy.com/creative-writing-prompts/short-story/write-a-story-in-which-the-first-and-last-sentence/,,,2,0.4
H2,paraphrase-multilingual-MiniLM,294::https://blog.reedsy.com/creative-writing-prompts/short-story/write-a-story-in-which-the-first-and-last-sentence/,,,3,0.4
H2,paraphrase-multilingual-MiniLM,294::https://blog.reedsy.com/creative-writing-prompts/short-story/write-a-story-in-which-the-first-and-last-sentence/,,,4,0.4
H2,paraphrase-multilingual-MiniLM,294::https://blog.reedsy.com/creative-writing-prompts/short-story/write-a-story-in-which-the-first-and-last-sentence/,,,5,0.4
H2,paraphrase-multilingual-MiniLM,294::https://blog.reedsy.com/creative-writing-prompts/short-story/write-a-story-in-which-the-first-and-last-sentence/,,,6,0.4
H2,paraphrase-multilingual-MiniLM,294::https://blog.reedsy.com/creative-writing-prompts/short-story/write-a-story-in-which-the-first-and-last-sentence/,,,7,0.4
H2,paraphrase-multilingual-MiniLM,294::https://blog.reedsy.com/creative-writing-prompts/short-story/create-a-title-with-reedsy-s-title-generator-then-/,,,1,0.5161290322580645
H2,paraphrase-multilingual-MiniLM,294::https://blog.reedsy.com/creative-writing-prompts/short-story/create-a-title-with-reedsy-s-title-generator-then-/,,,2,0.5161290322580645
H2,paraphrase-multilingual-MiniLM,294::https://blog.reedsy.com/creative-writing-prompts/short-story/create-a-title-with-reedsy-s-title-generator-then-/,,,3,0.5161290322580645
H2,paraphrase-multilingual-MiniLM,294::https://blog.reedsy.com/creative-writing-prompts/short-story/create-a-title-with-reedsy-s-title-generator-then-/,,,4,0.5161290322580645
H2,paraphrase-multilingual-MiniLM,294::https://blog.reedsy.com/creative-writing-prompts/short-story/create-a-title-with-reedsy-s-title-generator-then-/,,,5,0.5161290322580645
H2,paraphrase-multilingual-MiniLM,294::https://blog.reedsy.com/creative-writing-prompts/short-story/create-a-title-with-reedsy-s-title-generator-then-/,,,6,0.5161290322580645
H2,paraphrase-multilingual-MiniLM,294::https://blog.reedsy.com/creative-writing-prompts/short-story/create-a-title-with-reedsy-s-title-generator-then-/,,,7,0.5161290322580645
H2,paraphrase-multilingual-MiniLM,294::https://blog.reedsy.com/creative-writing-prompts/short-story/write-a-story-in-the-form-of-a-letter-or-several-l/,,,1,0.6153846153846154
H2,paraphrase-multilingual-MiniLM,294::https://blog.reedsy.com/creative-writing-prompts/short-story/write-a-story-in-the-form-of-a-letter-or-several-l/,,,2,0.6153846153846154
H2,paraphrase-multilingual-MiniLM,294::https://blog.reedsy.com/creative-writing-prompts/short-story/write-a-story-in-the-form-of-a-letter-or-several-l/,,,3,0.6153846153846154
H2,paraphrase-multilingual-MiniLM,294::https://blog.reedsy.com/creative-writing-prompts/short-story/write-a-story-in-the-form-of-a-letter-or-several-l/,,,4,0.6153846153846154
H2,paraphrase-multilingual-MiniLM,294::https://blog.reedsy.com/creative-writing-prompts/short-story/write-a-story-in-the-form-of-a-letter-or-several-l/,,,5,0.6153846153846154
H2,paraphrase-multilingual-MiniLM,294::https://blog.reedsy.com/creative-writing-prompts/short-story/write-a-story-in-the-form-of-a-letter-or-several-l/,,,6,0.6153846153846154
H2,paraphrase-multilingual-MiniLM,294::https://blog.reedsy.com/creative-writing-prompts/short-story/write-a-story-in-the-form-of-a-letter-or-several-l/,,,7,0.6153846153846154
H2,paraphrase-multilingual-MiniLM,294::https://blog.reedsy.com/creative-writing-prompts/drama/center-your-story-around-someone-who-s-at-a-loss-f/,,,1,0.4772727272727273
H2,paraphrase-multilingual-MiniLM,294::https://blog.reedsy.com/creative-writing-prompts/drama/center-your-story-around-someone-who-s-at-a-loss-f/,,,2,0.4772727272727273
H2,paraphrase-multilingual-MiniLM,294::https://blog.reedsy.com/creative-writing-prompts/drama/center-your-story-around-someone-who-s-at-a-loss-f/,,,3,0.4772727272727273
H2,paraphrase-multilingual-MiniLM,294::https://blog.reedsy.com/creative-writing-prompts/drama/center-your-story-around-someone-who-s-at-a-loss-f/,,,4,0.4772727272727273
H2,paraphrase-multilingual-MiniLM,294::https://blog.reedsy.com/creative-writing-prompts/drama/center-your-story-around-someone-who-s-at-a-loss-f/,,,5,0.4772727272727273
H2,paraphrase-multilingual-MiniLM,294::https://blog.reedsy.com/creative-writing-prompts/drama/center-your-story-around-someone-who-s-at-a-loss-f/,,,6,0.4772727272727273
H2,paraphrase-multilingual-MiniLM,294::https://blog.reedsy.com/creative-writing-prompts/drama/center-your-story-around-someone-who-s-at-a-loss-f/,,,7,0.4772727272727273
H2,paraphrase-multilingual-MiniLM,294::https://blog.reedsy.com/creative-writing-prompts/dialogue/write-a-story-with-the-line-i-didn-t-mean-that-or-/,,,1,0.45454545454545453
H2,paraphrase-multilingual-MiniLM,294::https://blog.reedsy.com/creative-writing-prompts/dialogue/write-a-story-with-the-line-i-didn-t-mean-that-or-/,,,2,0.45454545454545453
H2,paraphrase-multilingual-MiniLM,294::https://blog.reedsy.com/creative-writing-prompts/dialogue/write-a-story-with-the-line-i-didn-t-mean-that-or-/,,,3,0.45454545454545453
H2,paraphrase-multilingual-MiniLM,294::https://blog.reedsy.com/creative-writing-prompts/dialogue/write-a-story-with-the-line-i-didn-t-mean-that-or-/,,,4,0.45454545454545453
H2,paraphrase-multilingual-MiniLM,294::https://blog.reedsy.com/creative-writing-prompts/dialogue/write-a-story-with-the-line-i-didn-t-mean-that-or-/,,,5,0.45454545454545453
H2,paraphrase-multilingual-MiniLM,294::https://blog.reedsy.com/creative-writing-prompts/dialogue/write-a-story-with-the-line-i-didn-t-mean-that-or-/,,,6,0.45454545454545453
H2,paraphrase-multilingual-MiniLM,294::https://blog.reedsy.com/creative-writing-prompts/dialogue/write-a-story-with-the-line-i-didn-t-mean-that-or-/,,,7,0.45454545454545453
H2,paraphrase-multilingual-MiniLM,309::https://blog.reedsy.com/creative-writing-prompts/drama/write-a-story-that-includes-the-line-do-i-know-you/,,,1,0.4666666666666667
H2,paraphrase-multilingual-MiniLM,309::https://blog.reedsy.com/creative-writing-prompts/drama/write-a-story-that-includes-the-line-do-i-know-you/,,,2,0.4666666666666667
H2,paraphrase-multilingual-MiniLM,309::https://blog.reedsy.com/creative-writing-prompts/drama/write-a-story-that-includes-the-line-do-i-know-you/,,,3,0.4666666666666667
H2,paraphrase-multilingual-MiniLM,309::https://blog.reedsy.com/creative-writing-prompts/drama/write-a-story-that-includes-the-line-do-i-know-you/,,,4,0.4666666666666667
H2,paraphrase-multilingual-MiniLM,309::https://blog.reedsy.com/creative-writing-prompts/drama/write-a-story-that-includes-the-line-do-i-know-you/,,,5,0.4666666666666667
H2,paraphrase-multilingual-MiniLM,309::https://blog.reedsy.com/creative-writing-prompts/drama/write-a-story-that-includes-the-line-do-i-know-you/,,,6,0.4666666666666667
H2,paraphrase-multilingual-MiniLM,309::https://blog.reedsy.com/creative-writing-prompts/drama/write-a-story-that-includes-the-line-do-i-know-you/,,,7,0.4666666666666667
H2,paraphrase-multilingual-MiniLM,309::https://blog.reedsy.com/creative-writing-prompts/short-story/start-or-end-your-story-with-a-character-making-fo/,,,1,0.8095238095238095
H2,paraphrase-multilingual-MiniLM,309::https://blog.reedsy.com/creative-writing-prompts/short-story/start-or-end-your-story-with-a-character-making-fo/,,,2,0.8095238095238095
H2,paraphrase-multilingual-MiniLM,309::https://blog.reedsy.com/creative-writing-prompts/short-story/start-or-end-your-story-with-a-character-making-fo/,,,3,0.8095238095238095
H2,paraphrase-multilingual-MiniLM,309::https://blog.reedsy.com/creative-writing-prompts/short-story/start-or-end-your-story-with-a-character-making-fo/,,,4,0.8095238095238095
H2,paraphrase-multilingual-MiniLM,309::https://blog.reedsy.com/creative-writing-prompts/short-story/start-or-end-your-story-with-a-character-making-fo/,,,5,0.8095238095238095
H2,paraphrase-multilingual-MiniLM,309::https://blog.reedsy.com/creative-writing-prompts/short-story/start-or-end-your-story-with-a-character-making-fo/,,,6,0.8095238095238095
H2,paraphrase-multilingual-MiniLM,309::https://blog.reedsy.com/creative-writing-prompts/short-story/start-or-end-your-story-with-a-character-making-fo/,,,7,0.8095238095238095
H2,paraphrase-multilingual-MiniLM,309::https://blog.reedsy.com/creative-writing-prompts/character/center-your-story-around-a-character-who-yearns-fo/,,,1,0.2033898305084746
H2,paraphrase-multilingual-MiniLM,309::https://blog.reedsy.com/creative-writing-prompts/character/center-your-story-around-a-character-who-yearns-fo/,,,2,0.2033898305084746
H2,paraphrase-multilingual-MiniLM,309::https://blog.reedsy.com/creative-writing-prompts/character/center-your-story-around-a-character-who-yearns-fo/,,,3,0.2033898305084746
H2,paraphrase-multilingual-MiniLM,309::https://blog.reedsy.com/creative-writing-prompts/character/center-your-story-around-a-character-who-yearns-fo/,,,4,0.2033898305084746
H2,paraphrase-multilingual-MiniLM,309::https://blog.reedsy.com/creative-writing-prompts/character/center-your-story-around-a-character-who-yearns-fo/,,,5,0.2033898305084746
H2,paraphrase-multilingual-MiniLM,309::https://blog.reedsy.com/creative-writing-prompts/character/center-your-story-around-a-character-who-yearns-fo/,,,6,0.2033898305084746
H2,paraphrase-multilingual-MiniLM,309::https://blog.reedsy.com/creative-writing-prompts/character/center-your-story-around-a-character-who-yearns-fo/,,,7,0.2033898305084746
H2,paraphrase-multilingual-MiniLM,309::https://blog.reedsy.com/creative-writing-prompts/short-story/write-a-story-with-a-person-s-name-in-the-title/,,,1,0.4864864864864865
H2,paraphrase-multilingual-MiniLM,309::https://blog.reedsy.com/creative-writing-prompts/short-story/write-a-story-with-a-person-s-name-in-the-title/,,,2,0.4864864864864865
H2,paraphrase-multilingual-MiniLM,309::https://blog.reedsy.com/creative-writing-prompts/short-story/write-a-story-with-a-person-s-name-in-the-title/,,,3,0.4864864864864865
H2,paraphrase-multilingual-MiniLM,309::https://blog.reedsy.com/creative-writing-prompts/short-story/write-a-story-with-a-person-s-name-in-the-title/,,,4,0.4864864864864865
H2,paraphrase-multilingual-MiniLM,309::https://blog.reedsy.com/creative-writing-prompts/short-story/write-a-story-with-a-person-s-name-in-the-title/,,,5,0.4864864864864865
H2,paraphrase-multilingual-MiniLM,309::https://blog.reedsy.com/creative-writing-prompts/short-story/write-a-story-with-a-person-s-name-in-the-title/,,,6,0.4864864864864865
H2,paraphrase-multilingual-MiniLM,309::https://blog.reedsy.com/creative-writing-prompts/short-story/write-a-story-with-a-person-s-name-in-the-title/,,,7,0.4864864864864865
H2,paraphrase-multilingual-MiniLM,309::https://blog.reedsy.com/creative-writing-prompts/drama/center-your-story-around-two-characters-who-like-e/,,,1,0.5714285714285714
H2,paraphrase-multilingual-MiniLM,309::https://blog.reedsy.com/creative-writing-prompts/drama/center-your-story-around-two-characters-who-like-e/,,,2,0.5714285714285714
H2,paraphrase-multilingual-MiniLM,309::https://blog.reedsy.com/creative-writing-prompts/drama/center-your-story-around-two-characters-who-like-e/,,,3,0.5714285714285714
H2,paraphrase-multilingual-MiniLM,309::https://blog.reedsy.com/creative-writing-prompts/drama/center-your-story-around-two-characters-who-like-e/,,,4,0.5714285714285714
H2,paraphrase-multilingual-MiniLM,309::https://blog.reedsy.com/creative-writing-prompts/drama/center-your-story-around-two-characters-who-like-e/,,,5,0.5714285714285714
H2,paraphrase-multilingual-MiniLM,309::https://blog.reedsy.com/creative-writing-prompts/drama/center-your-story-around-two-characters-who-like-e/,,,6,0.5714285714285714
H2,paraphrase-multilingual-MiniLM,309::https://blog.reedsy.com/creative-writing-prompts/drama/center-your-story-around-two-characters-who-like-e/,,,7,0.5714285714285714
H2,paraphrase-multilingual-MiniLM,316::https://blog.reedsy.com/creative-writing-prompts/drama/write-a-story-where-a-character-s-true-identity-or/,,,1,0.8260869565217391
H2,paraphrase-multilingual-MiniLM,316::https://blog.reedsy.com/creative-writing-prompts/drama/write-a-story-where-a-character-s-true-identity-or/,,,2,0.8260869565217391
H2,paraphrase-multilingual-MiniLM,316::https://blog.reedsy.com/creative-writing-prompts/drama/write-a-story-where-a-character-s-true-identity-or/,,,3,0.8260869565217391
H2,paraphrase-multilingual-MiniLM,316::https://blog.reedsy.com/creative-writing-prompts/drama/write-a-story-where-a-character-s-true-identity-or/,,,4,0.8260869565217391
H2,paraphrase-multilingual-MiniLM,316::https://blog.reedsy.com/creative-writing-prompts/drama/write-a-story-where-a-character-s-true-identity-or/,,,5,0.8260869565217391
H2,paraphrase-multilingual-MiniLM,316::https://blog.reedsy.com/creative-writing-prompts/drama/write-a-story-where-a-character-s-true-identity-or/,,,6,0.8260869565217391
H2,paraphrase-multilingual-MiniLM,316::https://blog.reedsy.com/creative-writing-prompts/drama/write-a-story-where-a-character-s-true-identity-or/,,,7,0.8260869565217391
H2,paraphrase-multilingual-MiniLM,316::https://blog.reedsy.com/creative-writing-prompts/short-story/include-the-word-hero-mask-or-truth-in-your-story-/,,,1,0.3191489361702128
H2,paraphrase-multilingual-MiniLM,316::https://blog.reedsy.com/creative-writing-prompts/short-story/include-the-word-hero-mask-or-truth-in-your-story-/,,,2,0.3191489361702128
H2,paraphrase-multilingual-MiniLM,316::https://blog.reedsy.com/creative-writing-prompts/short-story/include-the-word-hero-mask-or-truth-in-your-story-/,,,3,0.3191489361702128
H2,paraphrase-multilingual-MiniLM,316::https://blog.reedsy.com/creative-writing-prompts/short-story/include-the-word-hero-mask-or-truth-in-your-story-/,,,4,0.3191489361702128
H2,paraphrase-multilingual-MiniLM,316::https://blog.reedsy.com/creative-writing-prompts/short-story/include-the-word-hero-mask-or-truth-in-your-story-/,,,5,0.3191489361702128
H2,paraphrase-multilingual-MiniLM,316::https://blog.reedsy.com/creative-writing-prompts/short-story/include-the-word-hero-mask-or-truth-in-your-story-/,,,6,0.3191489361702128
H2,paraphrase-multilingual-MiniLM,316::https://blog.reedsy.com/creative-writing-prompts/short-story/include-the-word-hero-mask-or-truth-in-your-story-/,,,7,0.3191489361702128
H2,paraphrase-multilingual-MiniLM,316::https://blog.reedsy.com/creative-writing-prompts/drama/write-a-story-from-the-pov-of-someone-who-s-hiding/,,,1,0.4782608695652174
H2,paraphrase-multilingual-MiniLM,316::https://blog.reedsy.com/creative-writing-prompts/drama/write-a-story-from-the-pov-of-someone-who-s-hiding/,,,2,0.4782608695652174
H2,paraphrase-multilingual-MiniLM,316::https://blog.reedsy.com/creative-writing-prompts/drama/write-a-story-from-the-pov-of-someone-who-s-hiding/,,,3,0.4782608695652174
H2,paraphrase-multilingual-MiniLM,316::https://blog.reedsy.com/creative-writing-prompts/drama/write-a-story-from-the-pov-of-someone-who-s-hiding/,,,4,0.4782608695652174
H2,paraphrase-multilingual-MiniLM,316::https://blog.reedsy.com/creative-writing-prompts/drama/write-a-story-from-the-pov-of-someone-who-s-hiding/,,,5,0.4782608695652174
H2,paraphrase-multilingual-MiniLM,316::https://blog.reedsy.com/creative-writing-prompts/drama/write-a-story-from-the-pov-of-someone-who-s-hiding/,,,6,0.4782608695652174
H2,paraphrase-multilingual-MiniLM,316::https://blog.reedsy.com/creative-writing-prompts/drama/write-a-story-from-the-pov-of-someone-who-s-hiding/,,,7,0.4782608695652174
H2,paraphrase-multilingual-MiniLM,316::https://blog.reedsy.com/creative-writing-prompts/drama/center-your-story-around-someone-s-public-image-an/,,,1,1.0
H2,paraphrase-multilingual-MiniLM,316::https://blog.reedsy.com/creative-writing-prompts/drama/center-your-story-around-someone-s-public-image-an/,,,2,1.0
H2,paraphrase-multilingual-MiniLM,316::https://blog.reedsy.com/creative-writing-prompts/drama/center-your-story-around-someone-s-public-image-an/,,,3,1.0
H2,paraphrase-multilingual-MiniLM,316::https://blog.reedsy.com/creative-writing-prompts/drama/center-your-story-around-someone-s-public-image-an/,,,4,1.0
H2,paraphrase-multilingual-MiniLM,316::https://blog.reedsy.com/creative-writing-prompts/drama/center-your-story-around-someone-s-public-image-an/,,,5,1.0
H2,paraphrase-multilingual-MiniLM,316::https://blog.reedsy.com/creative-writing-prompts/drama/center-your-story-around-someone-s-public-image-an/,,,6,1.0
H2,paraphrase-multilingual-MiniLM,316::https://blog.reedsy.com/creative-writing-prompts/drama/center-your-story-around-someone-s-public-image-an/,,,7,1.0
H2,paraphrase-multilingual-MiniLM,316::https://blog.reedsy.com/creative-writing-prompts/short-story/write-a-story-that-includes-the-line-can-you-keep-/,,,1,0.6
H2,paraphrase-multilingual-MiniLM,316::https://blog.reedsy.com/creative-writing-prompts/short-story/write-a-story-that-includes-the-line-can-you-keep-/,,,2,0.6
H2,paraphrase-multilingual-MiniLM,316::https://blog.reedsy.com/creative-writing-prompts/short-story/write-a-story-that-includes-the-line-can-you-keep-/,,,3,0.6
H2,paraphrase-multilingual-MiniLM,316::https://blog.reedsy.com/creative-writing-prompts/short-story/write-a-story-that-includes-the-line-can-you-keep-/,,,4,0.6
H2,paraphrase-multilingual-MiniLM,316::https://blog.reedsy.com/creative-writing-prompts/short-story/write-a-story-that-includes-the-line-can-you-keep-/,,,5,0.6
H2,paraphrase-multilingual-MiniLM,316::https://blog.reedsy.com/creative-writing-prompts/short-story/write-a-story-that-includes-the-line-can-you-keep-/,,,6,0.6
H2,paraphrase-multilingual-MiniLM,316::https://blog.reedsy.com/creative-writing-prompts/short-story/write-a-story-that-includes-the-line-can-you-keep-/,,,7,0.6
